!?,3
"$$$,",1
$1000,2
$110.,1
$124.99,1
$125,2
$160,1
$199-,2
$20,2
$250-300k,1
$300,4
$350!,1
$39---,6
"$4,385",2
$40m,1
$48,1
$4b,1
$50k,1
$55,2
$6,1
$71%,1
$750-$500,1
$90,1
$port,1
%:,4
&amp;&amp;,2
&gt;&gt;&gt;&gt;&gt;,5
&lt;&lt;,3
&lt;&lt;&lt;,1
'I,1
'frustrating',1
'gonna,2
'make,1
'noles:,1
'russian,1
's,2
'unacceptable',2
'who,2
($$),1
(+100),1
(+135),2
(+17.5),1
(+170),1
(+1u),1
(+240),1
(+5.5),2
(-109),1
(-130),4
(-137),1
(-170)üîù,1
(-200),1
(-6.5),1
(0-1),3
(13-04-2019),1
(171,1
(1960),1
"(2014),",2
(22),2
(26,3
(29),1
(2u,2
"(32),",1
(37.4%),1
(386).,1
(39%).,1
(3u),6
(4),8
(4-0),2
(4-14,1
(4/15/19):,1
(517),8
(587),1
"(7),",1
(8,2
(9.8),1
(951),3
(958),5
(965),3
(ankle),2
(ap),1
(avail,1
(baylor,1
(besid,1
(bkn,1
(bos),2
(chauncey,1
(closest,2
(cont),1
(derrick,2
(dime,1
(empezando,1
(et).,1
(even),1
(first,3
(get_repost),1
(good,1
(harvard,1
(head,1
(ht,1
(june,3
"(kyle),",1
(large),1
(like,1
(lo,1
"(lvp),",1
(michaelgrange),1
(mil,1
(nba).,1
(nfl,1
(not,6
(often),1
(onli,2
"(pffft,",1
(por:,9
(power,1
"(ramona),",1
(relic,2
(right,1
(rudy),1
(sa,1
(sam),1
(singl,2
(slutspel),1
(snake),1
(so,1
(stori,3
"(thanks,",1
(too,1
(troy,1
(up,22
(uta),1
(via,20
(what,1
(whatev,1
(wnba),1
(üì∫,1
"+$2,655",1
"+$2,865",2
+0.5,1
"+1.5,",1
+125,1
+125(2u)üí©-2u,1
+13,5
+132,1
+137‚ùå,1
+160,1
+183‚úÖ,1
+1u),1
+20,1
+218‚úÖ,1
"+260,",1
+27,1
+300,1
+370,1
+4.35,1
"+400,",1
+5.2,1
+6,10
+7.5,10
+7.56u,1
+8.5‚úÖ,1
",11",1
--golden,1
-1!,1
-1.5,21
-1.5‚úÖ,1
-109üí∞,1
-120,7
"-150,",3
-190,1
"-2,",1
-3ü§ë,1
-7,19
-8.5,2
-avengers:endgam,1
-jaylen,1
-loma‚Äô,1
-mast,1
-nba,17
-nhl/nba,1
-ufc,1
....,14
.......and,1
...how',1
...or,2
...orl,1
...simul,1
...team,1
..take,1
.5u,1
.its_rydawg,1
.jmch316,1
.kaj33,1
.kylekorv,5
.nhl,1
.trailblaz,1
.‚Äôdoesn‚Äôt,1
0-17,1
0-5,2
0-brooklyn,1
0.,1
0/6,2
"00,",1
08gj23,1
0liviaswank,1
1,872
"1,412",1
1-3,3
1.),1
1.0,1
1.050,1
1.2k,1
1.2percent,1
1.5unit,1
1.5üí´,1
1.93,1
1.curry,1
1/1.43,1
1/4,1
10-0,1
10-16,1
"10.3%,",1
10.5‚ùå,2
10.6%,1
1000%,2
101,17
1040,1
1049gotho,13
108,2
10:30pm,1
10am,2
10yrs.,1
11.,2
110%,2
115,1
117.3,1
119.5ü§ë,1
11:10pm,1
11:36am,2
12,60
12-25,1
122,2
129,1
"12p,2a,2blk,",1
12pm,9
12pmüèÄ,1
12pts.,1
12th,4
13-7-0,1
13.5,1
135mph,1
"14,",21
140-80-7!,1
143,1
14:,1
14h00,1
15.8,1
150,3
1600,4
"17,835",1
17/7/2/1,1
171,12
18-24,1
18.,1
18ppg,2
19,30
1950s.,1
"1952,",1
"1959,",1
1971,4
1978,1
1985,3
199,8
1992,3
1998.,1
1999,1
1:00pm,4
1U,2
1a√±o,1
1er,5
1half,1
1on1,1
1pm,21
1q,18
"1s,",1
1st-round,1
1ststatetarheel,1
1v1,6
1x,1
1xbet,1
1xtra,1
1‚Äô,3
2!,4
2%‚ùå,1
"2,499",1
2-1,6
2..,1
2.5,4
2.5x,1
2/2,3
20-star,1
"2001,",1
2005.,3
2006,6
2006!!,1
"2008,",2
2008:,1
2013,5
2018/2019,4
2019.,11
2019...,3
2019....but,1
2020,9
206,2
20u,4
21%,1
21-6,1
213,3
214.5,7
215.5/216.,1
216),1
22-for-36,1
22.1,1
229‚ùå,1
22wiggin,2
23.6,1
234,1
"236,",3
24.4,1
247sport,1
25.,1
25.2,1
255,1
25nike,1
25ppg,1
26,25
27-7-7,1
27-zip,1
28.3,1
2D,1
2K,27
2dudespick,1
2dukegirl3,1
2forgetu,2
2k14,1
2kfreeagent,1
2ktop5,1
2u,11
2uüí∞,1
2‚ÄºÔ∏è,1
3%,1
3's!,1
"3,",14
"3-1,",2
3-6,3
3-pointers,1
"3-pointers,",1
3-pointers:,1
3-—Ö,1
3/16,1
304,3
30‚Ç¨,1
31-years-old.,1
32/24/46,1
33,16
33mins?,1
"34,914",1
34-1,1
347-215-7771,1
35%,3
35.3,1
36.1,1
360,1
37-25-2,1
38?,1
39.99,1
3973,1
3:,4
3:30pm,5
3:30pm/et:,3
3??,1
3pts,1
3ptshot,2
3q.,2
4!!!,1
4),2
4-4,4
4.12,1
4.14.79;,1
4.4),1
4.jokic,1
4/5,4
40,22
40+,2
4040club,1
404leaux,1
40pt,1
40th,1
41-33,1
42%,1
43-179,1
43_kadri,1
44...,1
46.,2
46.2,1
47,2
47-25,1
4:00-6:00,1
4:30,1
4L,1
4korner,1
4peat,1
4seed,2
4th-seed,1
4th.,3
4tos.,1
5-15,1
5-2,2
5-seed,1
5.5.,1
5/32,1
500,6
50mb,1
"52%,",1
535,1
54,3
56%,1
59-51,2
5:03,1
5:31,1
5‚Ç¨,1
"6'6,",1
6-0,2
6-16,1
6.blaster,1
60',1
"60-22,",1
60.,1
604279981,1
609-919-9200,1
61,3
613/1613hd).,1
63%,1
68,2
68-55.,1
6:00-9:00,1
6ast,1
7-24,1
7.,16
70%,1
75,5
76ers??üòÇüòÇüòÇ,1
77.5%,1
8,99
8+,1
8-3,3
8.7,1
80rt/‚ù§Ô∏è,1
81.,1
82,8
"84,",5
"84-74,",1
89,4
8:20,1
8:41,1
8pm,2
8th,11
8x,1
9.5,3
90s?,2
91%,1
"91,",5
920,1
929espn,2
929thegam,2
934,1
96,11
97.5,1
97/99,2
98%,1
98-148,1
9:00,2
9:42,1
"9pm/et,",1
9pr,1
9sport,6
9‚úÖ,1
:((((,1
::,1
;),3
?,74
"A,",2
AA,1
Ay,2
BE,6
BS,4
Bo,1
CB,2
CI,1
CP,1
Ce,1
Cs,7
DM,9
EJ,1
EX,2
Em,2
Et,1
F,6
FG,10
GD,1
HA,2
HH,1
HV,1
IS,41
Je,3
Js,1
L.,2
M,8
Mj,1
NY,15
OH,4
OV,9
Ok,16
Or,40
PE,2
PL,1
Pa,1
Q4,1
QB,2
R1,1
S.,3
SC,1
St,2
T,21
T2,1
Tj,1
Tx,1
UD,1
UK,3
UR,1
Un,12
V3,1
VV,1
WE,13
WS,1
YT,2
Z.,2
[watch,1
____,1
____e______,1
____imeem,1
_dougesmith_,1
_fantasysuprem,4
_hellzbellz,1
_mfundi_,1
_vert,1
a-hol,1
a.,3
a_abdelhady94,1
aac.,1
aba,5
"abc,",1
abc:,2
abdula,1
abelge87,1
abergy37,1
about?,1
abresl,1
absolu,1
academia,1
"acceptable,",1
acceptance.,1
access.,1
accident,1
acci√≥n,1
accord,13
account,23
accountable.,2
accuweath,4
ace,1
acept,1
acho,1
acknowledge.,1
acquisit,1
actavi,2
action,44
action!,5
adalal80,1
adam,24
adamaabdalla,2
adamkoutz,1
adams.,4
"adaptability,",1
adbphotoinc,3
added!,1
adelsheim,1
adjust,14
"admiral,",1
admiss,1
admittedli,1
adrian17mc,5
advanc,9
adversity!,1
aera19,1
af,12
afc,1
affal√©,1
africa,2
african,4
afrobeat,2
afternoon,12
"afternoon,",3
afternoon:,2
against.,1
agd_ktx,1
agents.,1
aglnoobcod,1
ago!,1
agon,1
agre,44
agree.,5
agreed.,2
agreement,4
agreg√≥,1
aguerrido,1
aguiluchosdecorazon,1
"ah,",7
ahhhh,1
ah√≠,2
aight.,1
aill,1
aint,16
aircheck,1
ajah,1
ajapackertalk,1
ajonatanperez,1
akaykunmii,1
akb,2
al_horford,4
aladdin,1
alameda,1
alantwilliam,3
albert.,2
albertc69,1
album,2
aldridg,19
alerts.,2
alexagomez2000,1
alexander:,1
alexgoldennba,1
alirazah,1
aliv,20
alive.,7
all-time‚ÄºÔ∏è,1
all.,28
all..let,1
allangbk,1
allay,1
allegi,1
alleniverson,1
allenjwitkowski',1
alleyezonrich,1
allonzo,1
allowed,1
allowed.,3
alondrariverax,1
alone!,1
alone!!,1
alor,3
"also,",18
also..,1
also:,1
alt,2
alteadi,1
alter,4
although,5
altogether.,1
alvaritomoral,1
alwaysastachebro,1
am-2am,1
"amateur,",1
amazing!!,1
amber_jones__,1
amc,1
america,2
aminu,4
amir?,1
amiright,1
ampm,1
amybethcomb,1
amyfadoolnbc,2
amyruns810,1
an1d,1
analogwalru,1
analyt,8
"analytics,",2
anarchi,1
anchor,1
andddd,1
andnew,1
andreadefr,1
"andrew,",1
andrew_melnick,1
andrewgilmanok,1
andrewwsyx6,1
andygold24,1
andym,1
and‚Ä¶,2
ang,7
angeles.,1
anger,3
anil_letherwala,1
animal.,2
anitwitt,1
ankl,4
ann,1
anne_timb,1
annihil,1
annkillion,1
announcer.,1
announcers.,1
annoying.,2
anoch,3
answer.,3
antdupre,1
antetokounmpo!,1
anthonypep,2
anthonywells7,1
antoinemullerb1,8
anybody.,1
anyday.,1
anyone?,2
anything',1
anything.,5
anytim,4
anytime!,1
"anyway,",2
anywhere.,2
an√°lisi,2
aom+.,4
apolog,6
app!,1
apparel:,1
apparently!,1
appli,5
"appreciated,",4
appstor,1
"april,",2
april:,2
aquaontharock,1
aqu√≠,8
area,5
arena.,2
arent,3
aren‚Äôt.,1
ari,1
army.,1
arni,2
around...,1
arrecruitingguy,1
arrived!!,1
arr√™ter,1
arshmirmiran,1
art19:,1
artest,2
article!,1
artwork,2
as.,3
asapsage_,2
ascend?,1
ascending?,1
asf,4
ashgrigio,1
ashton_lawr,1
asia,1
asking,1
asking!,1
ass!!,1
ass.,4
asset,2
"assim,",1
"assists,",5
assists:,1
association),1
ast,41
astonishing.,1
astro_dt,1
astronom,1
at,23
ataqu,2
ater,3
athlete.,1
athletes.,5
"athletic,",1
atlutd,2
atractiva.,1
atr√°,2
"ats,",1
attent,26
attn.,1
attract,3
atulajoy,1
atx,1
augustin',11
augustin.,1
augustine?,1
augustin‚Äô,4
aun,2
austin,5
austinlnal,1
authent,11
autofollow,2
autonom,1
avail,51
avikarsaini,1
await,2
awuahamankwah,4
awwhelltothenaw,1
axgilbert,1
ayyymula_,1
a‚Äôs/rang,1
a‚Ä¶,1
b,12
b-day.,1
b.),1
b.c.:,1
b2,1
baaaaack,1
babayetu_,1
baby!,4
baby‚ÄºÔ∏è,1
back...gam,1
backcourt,4
backlash,1
backs-easi,1
backthefkup,2
"bad,",10
badass,2
badboys,1
badeddie13,1
badge!,1
badvibes66,1
ballangle1,1
ballin,5
ball‚Äô,1
bambambigganos,1
bandanna,2
bangerparlay,2
banksterdf,1
barack,3
barclayscent,1
bark,1
barley,1
barnes.,1
barrett‚Äô,1
barton,8
baseball,7
"baseball,",25
baseball..,1
baseball:,1
bash,4
basketball!!,3
"basketball,",19
basketball...mi,1
basketball:,1
baslamadimi,1
bate,1
batida,1
bauerfeind,2
baw,2
bayareaunit,1
baylormbb,1
baylor‚Äôs...,1
baynes.,1
bballbreakdown,3
bbcnew,1
bc,24
bcuz,1
"be,",3
be:,1
beachblvd,1
beal,4
beasley!,1
beater,2
beats‚ùìü§Ø,1
beceremem,1
becki,1
bed,9
been,19
been!!,1
beezi,1
before?,2
begin,39
begins,1
begins...,1
behind.,1
belli,1
beluba,1
ben_alterman,1
bendubos,1
bensteelemj,1
benstinar,1
berab,1
bereft,1
bernaberojasp,1
berth,2
besid,14
"besides,",3
best).,1
best.,21
bestteamintheeast,1
"bet,",1
bets!,1
"bettingtips,",2
bey,1
beyond,11
bianchiwrit,1
bias!,1
bidnesssquar,2
bieng,1
bienvenidas,1
big!,1
big-market,1
bigboi0200,1
bigedude33,1
bigfreezi,2
biggestcomebackev,1
bill.,1
"billion,",1
billionaire...,1
billions.,4
billsimmon,22
billup,1
billydonovan,1
bing,4
"bird,",2
bird.....,1
birdlandb,1
birthday?,1
birthdaycak,1
bit,18
biter,1
bitshar,1
bjnemeth,2
bkbassham11,1
bkn,10
blackbusinessown,1
blake-less,1
blanch,1
blank,1
blaseeblas,1
blatant!!,1
blaz,4
blazer_gang,1
blazers-,1
blazers;,1
"blazzers,",1
bledsoe,2
bleed.,1
blemish,1
blk,7
block.,3
blocked.,1
"blog,",1
blog:,6
blogspot,1
blond,1
bluedevilinh,1
bluefac,1
blunt,3
blvd.,1
bmacklynn,1
bnightengal,1
boardgam,1
"boarding,",5
boast,1
boat,2
bob,16
bobbyflaiben,1
bobbymarks42,3
bobbyschu,1
body,4
body!!,1
body!!!,1
bodybag,1
bogdanov,5
bogdanovic.,1
bogdonav,1
bogdonov,1
boi,6
bojan,2
bola,3
bolden,2
boleslawwisnie1,1
bomani_jon,9
bombazo,1
boo.,1
boobajon,1
"booker,",1
bookermiller8,3
booki,2
bookmak,1
boom,4
boomer17771,1
booooooooring.,1
boos.,1
boost,4
boot,1
booyah!,1
bosa,1
bosh,2
bosnianbeast27,1
bosscomitchel,2
boston25,1
bostonmarathon,1
boubjii,2
bought.,1
bounced?,1
bound.,1
bow,4
"bowl,",2
bowl...ar,1
box!,1
boxseat,1
"boy,",1
boycot,2
boyd,1
boys!,4
brabbit,1
bradley(utah),1
bradstevens.,1
brag,1
bran,2
brandjobba,1
"braves,",1
braves:,1
bravesdiva,1
brawadi,1
brazi,1
"break,",1
breakdream,1
breaker,2
breathers.,1
brettoncol,1
brew,5
"brewers,",1
bricepaterik,1
"bricks,",1
"bright,",1
brilliant.,2
bringbacknbaofthenineti,1
bringbackson,1
bringitbacktothebay,4
"briscoe,",1
brkick,1
bro!,3
bro!!!,1
bro..,1
broke,17
bron,27
broncotruck,1
brooklyn,46
brooklyni,1
brooklynstar211,1
brookslopez,1
bruh....,1
bruhhh,2
brutal,5
brvihsta,1
bryan_bambino,1
bryant',1
bryant.,2
bryn:,1
btv,1
btw)sit,1
btw..,2
bu...,1
bubbl,1
bubblydreamjenn,1
buckleyspubs!,1
bucks!!!,2
bucks?,1
buddi,16
buddy.,2
buehrlenbballin,1
buenos),1
"bull,",1
"bulldogs,",1
bulls!!!,1
bullshit,10
bully,1
"bump,",1
bunch.,1
bunk,1
burasi,1
"burlesque,",1
burner,4
burner5433,2
burnout,1
"burton/diallo,",1
bus,1
buscar,1
business!,2
busy!,1
but!,1
butch,1
"butler,",1
butler:,10
buy.,1
bvb,1
bwood_33,1
byriee,1
byrons360,1
byu,1
c'est,18
c's.,1
c.orlandomagi,1
cabinet,2
cacock-,1
caffein,4
cake,4
calcul,2
cali,1
california,11
"called,",1
called...,1
callofduti,2
caltech,1
"camera,",1
camino,5
campeones;,1
can,76
"canceled,",2
cancun,1
canoboy32,1
canuckduck789,1
can‚Äôt.,1
capaz,1
capitalaj,1
capsul,3
caract,1
"cardinals),",1
care,105
cares.,2
carolinaherrera,1
caronbutl,2
carter,3
carylamey,1
casa.,1
casagrillandbar,1
cash.,2
cashed!,1
cashout,1
casi,3
casino'ya,1
cassyathena,1
castlin-,1
casualgambl,2
cat.,1
cavaliers:,1
cavs!!!,2
cavs?,1
caydot,1
cbc',1
cca,1
ccimack,1
ceat,1
cecelewis8,1
celebrates.,3
"celebration,",2
"celtics,",8
celtics/nba,1
celtics:,5
celticstwitter,1
celtics‚Äô,4
central!,1
"cependant,",1
cerrar,2
"certain,",1
cestinha,1
chair,2
chalk.,2
chalktalkpodcast,1
"challenge,",1
chamado,1
chamam,1
champaign,2
championship!!,1
championship.,15
championships.,6
champs?üëÄ,1
champsüòã,1
chan,2
chanc,56
chance?,1
channel.,3
chargersrock54,2
charl,8
charlie91977513,1
charliekirk11,1
charly_mozo,1
chase_everett_,1
cheat,14
cheftoast,1
chelsea,25
"chelsea,",5
chest:,1
chew,14
"chi,",1
"childhood,",1
children.,1
chili',2
chill!!,1
"chill,",1
chillsessionz,1
chinajoeflynn,1
chingo,1
chip?,1
cho757,1
chocol,1
"choice,",1
choke,15
choke-job,1
choker!!,1
chopon,2
chore,1
chris58ohnsman,1
chrisbleck,5
chrismilestv,1
christillar,1
christookflight,1
chucknorri,2
chuni!,1
cient√≠fico,1
cincinnati,8
circumst,1
city,5
city!!,1
cjessup3,1
clamor,1
clap),1
claytravi,11
cleanup,1
clear‚Äîshoot,1
clev,1
cleveland,27
clic,1
cliche.,2
clients!,1
cliffbrunt,1
clima,1
clippers,6
"clippers,",13
clippers:,3
closer/bett,1
clot,1
club,35
clubtiburon,1
"clutch,",1
cmllbshp,1
cmw_561,1
coach,441
coachella.,2
coachella¬†coachella2019¬†guavaisland,1
coachella¬†squad,1
coars,1
cobrar,1
code,25
codes.,1
"coined,",1
cojo,1
colega,1
colinm4c,1
colleg,84
collegedropout,1
collegi,2
collesium,1
collison,11
collison.,1
columbus,1
column,7
com',1
"combined,",1
combo,9
come.,8
comeback,26
comeback),1
comedy--but,1
comet,1
come√ß,1
come√ßam,2
comienza,1
comienzo,3
comm,6
comment,34
commentüôèüèΩüî•üî•üî•üî•üî•üî•,1
"commercials,",1
commercials:,2
commishmthoma,1
common????,1
commun,10
complic,1
compos,1
comprendr,1
compris,1
comxtoyt,1
con,101
conbon45,1
concern.,1
concess,1
conclusion.......got,1
condit,4
"conditioning,",1
conditions,1
confirma,3
confront,3
congenit,1
conglomer,1
connection.,1
connormckern,1
consid,40
consist,30
contacts.,2
contempl,1
contenders/pretenders!,1
contending.,1
content://media/external/file/42410,2
contest?,1
contests.,1
"continue,",1
contract...,1
"controversy,",1
convergencetr,1
conversations.,1
convert,1
convertir,1
convinc,10
cool?,2
copiato,1
copyright,2
corbin,2
core,7
corgan,1
corona,1
"corrected,",1
"correctly,",1
cortesia,2
cosa.,1
"couch,",2
coudes.,1
could,234
count?,1
countdown,6
countessesofunc,1
counti,5
countless,3
course.,2
courtside.,1
cover.,2
coverage!,1
covered.,1
"cow,",1
cowboysroad2six,1
cozi,1
"cp,",1
cp3,14
cplargentina,1
crack,7
craig,1
craig16chisholm,1
craigstreeet,1
crankagegam,1
crap!,1
craze,1
crazy....(too,1
crazyüèÄ,1
creation!,1
creative.,1
creator.,1
credit,16
crept,1
crew.,1
cripe,1
crisis...,1
cristiano,1
cross,5
crown,8
crush‚Ä¶,1
cry.,1
cryptogainz1,1
cryst,1
ct.,1
cu,3
cuatro,2
cubrieron,1
cuddl,1
culturekaraok,2
cunnigham?,1
curiou,12
currenc,1
curtain,1
customers.,1
cws/nyy,1
d.c.,22
d.j.,15
d_lubofski,1
daansahonsport,1
dabe,1
dad',1
dad.,1
daddi,5
"dagger,",1
daha,1
dailyfantasi,2
dailyfantasy?,1
dak',1
dakikada,1
dal,1
damag,3
dame'a.,1
dametimeüòà,1
damian,39
damn,100
damn!!,1
damn....,1
damospin,1
dandaasu,1
danielletrotta,1
daqui,2
darealrollboi,1
darealtcc,1
dario,1
darling),1
darryl_brook,1
dart,3
datdudea1len,1
datdudenickk,1
david!,4
davidaldridgedc,1
davidneumaier13,1
davidrdguez2,1
davidtaggart,1
"davis,",5
davis:,1
davvero,1
dawgment,1
day!!,4
day!!!!!,1
day',1
day.,78
day???,1
days.,18
day‚ù£Ô∏è,1
dayüí∞,1
deactiv,1
deaddddddddddddd,1
deadline.,1
dean,1
death.,2
debatable.,2
deben,1
"debut,",1
debut:,2
debut√≥,1
decemb,3
decent,16
decision,2
declin,2
dedric,1
deedub67,1
deep,29
deep/tal,1
deer:,2
deezy1994,9
def.,4
defeat,16
defeated.,1
defense.,17
defense...gianni,1
deff,1
deficiencies.,1
definit,59
deflat,1
defpenhoop,1
deja,2
delayedchaos_,1
deli,1
delight,2
delonwright,1
demander.,1
demar,37
demar...üòí,1
demar/lma,1
"demarjgrant,",1
demiyorum.,1
demjollyboyz,1
demor,1
den,13
denholmsmith,2
denniskrause1,2
dennistfp,1
denugbar,1
denver',1
denver.,13
depress,3
derby...,1
dereklee24,1
"derozan,",2
derozan:,3
deserved!,1
design,10
designthinking,1
destructive.,1
detach,1
deterr,2
dethron,1
detroit,72
detroit!,1
detroit/nba,1
detroitbasketball¬†,1
"detvsmil,",1
deu,2
deux,2
deuxi√®m,1
developing:,1
devildj32,1
devinnewsom,1
devon,2
dfs_squid,1
dfsclub,1
dfsgod,1
dia.,1
diagram,1
diallo,1
dickiev,6
dictat,2
"did,",2
did...,1
diferente.,2
differ,87
"different,",2
diffus,1
dif√≠cil,2
dillondani,1
dime,12
dinner.,2
dip,9
directions,1
dirk,32
dirk!!!!!,1
disast,1
discord,1
discrimin,1
disgrace:,1
dish,4
dishnswish,1
dishonest,1
disinterest,3
disjoint,21
display,3
disrupt,3
distribution:,2
disturb,2
dj.,2
dk,4
dlo..,1
dmregist,1
do;,1
dobl,7
doctor.,1
doc‚Äô,1
dodger,13
dodgers.,1
doe,25
"does,",2
dolla!,1
dominador,1
dominican,1
dominiqu,1
domirrera,1
don't.,2
donbestsport,1
doncic,8
dond,2
done!,1
"dones,",1
donlemon,1
donngunvalson,1
"donovan,",1
"dont,",1
dope,11
dopest,1
double-double!,7
"down,",13
down..,1
down:,1
dpoy?,1
draft?,2
draftabl,1
draw,14
drawandstrik,1
"dray,",1
drc,1
drcruiseguy,2
dreamdribbl,1
dreamw,1
drew_mcgee_,1
drewbut13r,1
"dribble,but",1
dribble?,2
driveanddishnba,1
drop,58
drops.,1
"drought,",1
drummond,12
drunk,2
dryflyelk,1
dscharp,1
dub!,1
dubn,4
dubroq,1
duck,2
ducks',1
ducks1stlife2nd,1
duda,4
duel,2
duelos.,2
duh,1
dukembb,11
dumb,26
dump,1
dun.,1
"duncan,",1
duncansmithnba,7
dunks!!!!,1
duo,11
durantula_132,2
durnat,1
duro,1
durumlarda,1
duti,2
dwayne.,1
dwaynewad,3
dynasties?,1
d√©fi,2
d√©part,1
d√©pass√©,1
d√ºn,1
"d‚Äôlo,",1
d‚Äô√©v√©nement,2
e),1
e_woodyard,1
ea,3
each?,1
eagl,25
eallenjet,1
earili,1
earli,85
early.,4
earn,20
earth.,1
"earthly,",1
easier.,1
easily.,5
"easportsnba,",1
"east,",1
east..,1
east:,1
easterwoodkeith,1
eastwood.,1
easy,1
easytimestim,1
eatin,1
ebled2,4
ecr1g1,1
ecstat,2
ect...,3
"eddie,",1
eddieedmundo3,1
edition.,1
editnowthi,1
efectividad,1
effect.,1
effective.,2
effectivement.,1
effort!,1
egconley,1
eh,3
ein,3
"ej,",1
elbattousai,1
ele,4
electrokid_,1
elijah,1
ell,1
elliot,1
elprogramadelosexpertos,1
elreydelparlay,2
els,46
"else,",1
embarass,2
embargo,1
emeklikaptann,2
emot,15
employ.,1
enact,1
end?,2
endgame.,1
ending..,1
energ√≠a,1
enes!!!!!,1
enes.,1
enes_kant,45
enes_kanter,2
enes_kanter!,1
enes‚Äôin,1
enferma,1
engag,5
engelland,1
engend,1
english?,1
enochmd,1
enough,69
enquanto,1
enquir,1
ent,1
enter,13
enterado,1
entertain,31
entertaining.,2
enthral,2
entitl,6
entranc,1
entrepreneur,3
entrepreneurlif,3
era,23
eric....,1
eric_knopsnyd,1
ericaadland,1
erin,2
eringg,1
erv,7
erysiscom,1
"escena,",1
ese,2
esideri,1
eski225,1
espa√±ol,1
"esperaba,",1
esperamos!!,1
"espn,",7
espn:,11
espnbeisbol,1
ess,6
essenti,5
est!,1
estamo,2
estan,1
este....ü§óü§ó,1
estrella,2
est√°,8
etc.).,1
etc...),1
ethan_salm,1
ethanthatguy,1
"eve,",3
evenly.,1
"event,",1
eventually.,1
ever,221
ever!!,1
everryyybodi,1
every1,1
everybody:,1
everyday,5
everyon,104
everyone‚Äô,4
evolv,1
ewcollum,1
ewing?!?,1
"ex,",1
ex-nba,7
example!,1
excited.,1
exciting?,1
excitingads!,1
exhaust,1
"exist,",2
existed.,1
expect,65
expected.,1
experienc,7
exploit,4
expo_bob,1
expres√≥,1
extens,2
extraordinary..clear,1
extrem,7
ex¬†play,2
eyeliner?,1
f-it,1
face-up,1
"fact,",5
fact:,3
factor.,1
fadeways.,1
failur,6
fair...,1
fakefan,1
fall,42
falling,1
"fallo,",2
falltogeth,1
fals,2
falter,2
families!,1
fan.,25
fan...w,1
fan???,1
fanaticsview,1
fanbas,7
"fanfare,",1
fans.,16
fantasybasebal,1
fantasyfour,1
fan√°tico,1
fao,1
far),1
farouq1,1
fashion,8
fast!,2
fastbreak,1
faster,5
fastmoney,1
fatso,1
fault,7
faut,3
fav,16
favorite.,3
favoritismo,1
favourit,3
faze,2
fd.,1
fearthe,1
fearthed,135
febrero,1
feed,6
feeling!,1
"feet,",2
fellow,3
fellowship,1
felton,27
felton(okc),1
"felton,",1
few.,1
fg%,3
"fg,",4
fianc√©,1
field,21
fight?,1
figureskatingforlif,1
fil,1
filausa,2
fina...,1
final,456
finale,1
finalnba,1
finals,10
"finals,",18
finals:,2
finals‚Äô,1
find,83
fined!,1
"fines,",1
finna,7
fire.,2
firm,2
firm√≥,1
first,486
first-round,23
firt,1
fiskunivers,1
fiu247,1
fivefifth,1
fix?,1
fl,3
flaggtaylor4,1
flame,1
flash,7
flaw,6
flerlagekev,1
flight.,2
floater,2
"floor,",4
flop,38
flopping.,2
flourish,2
flow,3
fluentli,1
fly!,1
foardeet,1
focal,1
foda,1
foh,8
folks!!,1
folks...push,1
"follar,",1
fonctionn,1
font,2
"fool,",1
foolish,1
football.,3
footer.,1
forefath,1
forese,1
forgettin,1
forgot,25
"forgot,",1
formula,2
forsure.,1
forti,1
forum,6
for¬†joy‚Äô,1
fosho,2
"fou),",1
foul.,9
fouls/behavior,1
four-gam,1
"fox,",1
foxsportsmx,1
fp_nba,10
france!,1
francesco,3
franchement,1
franchises?,1
frank_one_lif,5
franklintx,1
frankmartin_sc,1
fras99,1
frazier_fax,1
freak,22
freakbuck,1
free.,5
freeaaronjon,1
freedom,3
freemoney,1
freetypebeat,1
freewinn,1
frente.,1
fresea,1
freshdouglas1,1
freshest,1
frestbrook,1
frick,1
friends!!!,1
friend‚Äô,2
frio,1
from:,2
frostbank,1
frozn,3
ft+),1
ftbeard_17,1
ftwd,1
fuckkawhileonard,1
fuk,1
fukuoka,1
fullerhous,2
fulli,12
fun-to-watch,1
fundrais,1
funko,1
funnest,2
"funny,",2
funny...,2
funnycam,1
furtahb,1
further,1
futbolda,1
futbolmuu,1
futebol,2
futureprohog,1
fvck,2
fym!?!,1
f√≠sica,1
f√∫tbol,1
g1,1
g_the_bul,1
ga.,1
gabybaby0711,1
gagn,1
galibiyetl,1
galleri,1
galor,1
gam,33
gambla,1
gamblingtwitt,38
"game,",66
game..,3
game....,2
game...and,1
game1repost‚Ä¶,2
game:,6
gamefly!,1
gameofthon,3
gameofthronesseason8episode1,1
gameon,2
gamer,3
games!!!,2
games..,1
games...wow,1
games?,3
gamewinn,1
game¬†1,3
gamingtodaynew,1
ganamo,3
ganan,4
"ganas,",1
gang,3
gang‚Äô,1
ganttrob,1
garb,1
garden‚Äînba,1
gari,13
garrido!,1
garrizluca,1
gaslight,1
gasol?,1
"gavin,",1
gavinomorales7,2
gb,1
gb_melz,1
"gears,",1
gearsofwar,1
geez,2
geico,1
geminikeez,1
genius.,1
gent,3
gentleman',1
gentri,1
geoff_calkin,1
geoffjbyu,1
georg,74
george,2
"george,",3
george:,2
geschicht,1
get?,1
getspectrum,1
gettin,5
getting!,1
getup,1
ge√ßen,1
gfienberg17,1
gganim,1
ghostadventur,2
giannis-,1
glee,1
glide,1
gmann49er,1
gneitzel16,1
go!!,7
go!!!!,1
go.,17
goad,1
"goals,",3
"goat,",2
goatsüêê,1
goatüö∂‚Äç‚ôÇÔ∏èüèÉ‚Äç‚ôÄÔ∏èüèÉ‚Äç‚ôÄÔ∏èüèÉ‚Äç‚ôÄÔ∏èüèÉ‚Äç‚ôÄÔ∏èüèÉ‚Äç‚ôÄÔ∏èüèÉ‚Äç‚ôÄÔ∏è,1
gobearcatscclub,1
goblok251,5
gobslap,1
goccaa,1
gocelt,2
goddamn,2
godsgod,1
godub,1
god‚Äô,1
goes.,3
goetc,1
goin.,1
golden1cent,1
goldenst,8
golf,128
golfhalloffam,1
golfü§∑üèº‚Äç‚ôÇÔ∏è,1
gom,1
good,449
goodafternoon,1
goodguy,1
goodmorn,1
goodnight,1
goooo!!!,1
goooooooo!,1
gopac,1
gordon,14
"gordon,",1
"gorga),",1
got,584
gotcha.,1
gotta,89
gotten,16
gouvu,1
govern,2
go‚Ä¶,1
gp,1
gpps.,1
grand,11
"grande,",2
grandma,2
great-great,1
greatest?,2
greats.,3
"green,",2
green:,1
greg,16
greggdoyelstar,2
gregor,1
grime,1
"grimes,",1
grip,1
gritti,2
gross.,1
grouch,1
ground':,1
"group,",1
group:,1
growler,1
"gr√©cia,",1
gs),1
gs/lac.,1
gstate,1
guard.,7
guess,69
guess...,1
gui,1
guidanc,1
guide:,5
gutierrez:,1
"guy,",11
"guy/fan,",1
guy:,1
guys!,4
guzel,1
"gym,",1
g√©n√©ration,1
g√∂r√ºnce,1
h.,1
habla,3
habr√°,1
hacer:,1
hacia,1
had,13
hadüòÇ,1
hago,1
hahadavi,1
hahah,1
hahahahah,1
hahahahha,1
hahha,1
"hair,",1
hair..,1
half.,13
halfüö®,1
ham...no,1
hammon,1
"hampshire,",1
handcheck,1
handful...h,1
"handles,",1
handoff?,1
hands-off,1
handsome_jake_,2
hannity:,1
happ,1
happened?,2
happiest,2
happygameofthronesday,1
har_en,1
"hardaway,",1
"harden,",7
harden:,1
harder,15
hardwood.,1
harkless,4
harlan,1
harpoon72,2
harrison,2
harrisonwind,2
harvard,3
has-been,1
hashtag?!,1
haskel,1
"hating,",1
hatr,3
haunt,1
have,44
hay,10
hayop,1
hazir,1
hbo,9
he',137
he's...,1
head,140
header!!,1
healedbyhockey,1
health,8
health.,1
hear,48
heartlandradio,1
"heat,",1
heat..,1
heatchecknba,2
hecho,3
height,1
heiniken,1
hell.,4
hello.,2
helm,1
helmet,2
helpyaboyout,1
henchmen,1
hendrix,1
here),1
hernandez,1
herpes?,1
herrerasjsu,1
het,2
"hexhamraces,",1
heybestrecord,1
hiccup,1
hidden,5
hidin,1
hier.,1
"high,",1
high-pay,1
highli,14
hill,8
hillsid,2
him?,7
himself!,1
himself..,1
hindi,1
hindsight,1
hinki,1
hiphop,5
hipismo,1
histfic,1
history...,3
history...al,1
history/human,1
hittin,3
hiv,1
hnb6458,1
hochman,1
hockey&gt;&gt;&gt;&gt;nba,1
hockey/supercross/formula,1
"hof,",1
hoje.,1
hokey,1
hole?,1
holiday,10
holla_at_rob33,1
hollywoodxsport,2
home!,2
"hometown,",1
homework...,1
homophobia,1
honda,1
honestfrank,1
hood.,1
"hookers,",1
hooooooooooooo.,1
hoophal,3
hoopin,1
hoopin.,1
hoops!!,1
hoops_nba_,8
hoort,1
hopeallseriesgo7,1
"hopefully,",1
hopetheyovernight,1
hoping.,1
horfa,1
horrible.,1
horrif,3
hospital.,2
hotfiyastart,9
hours!,2
hours....,1
household!!,1
housofpain223,1
how?,2
howard,17
howard.,2
howdrewyoudo,2
howev,7
how‚Äô,1
hoy,28
hoybnklo,1
hsimon62,1
https://t.co/05ugcx6bxm,2
https://t.co/09yuoqwcpv,1
https://t.co/0ainwvsewk,1
https://t.co/0huwqz2cbd,1
https://t.co/0kc5w1hgxw,1
https://t.co/0lgn46enw4,1
https://t.co/0lizd4qcy5,1
https://t.co/0ocbdztyp,1
https://t.co/0ohljhsam3,1
https://t.co/0osnjugwkd,1
https://t.co/0pa6cyzzna,1
https://t.co/0qhhtwe9e1,1
https://t.co/0qmugkphiy,1
https://t.co/0vf8asxcc8,1
https://t.co/0vzh74l9gp,1
https://t.co/0yagua261t,1
https://t.co/0zd0mygyxo,1
https://t.co/10q6ltmyh0,1
https://t.co/13m3y0xhgi,1
https://t.co/15ciq2jvs3,1
https://t.co/1bujxam6td,1
https://t.co/1c9dwk85e0,1
https://t.co/1dxt0gjrq,1
https://t.co/1gxjmxe2d,1
https://t.co/1k48g6s60o,1
https://t.co/1n1tq7jpei,1
https://t.co/1nkjwclabq,1
https://t.co/1p7exfvnuu,1
https://t.co/1q9s7rf2fl,1
https://t.co/1qhltrekrh,1
https://t.co/1qm2hftzwk,1
https://t.co/1recegipnc,1
https://t.co/1t9lugzikm,1
https://t.co/1u6f4lzljp,1
https://t.co/1vlciybtj2,1
https://t.co/1vntrhq1qf,1
https://t.co/1wu69ividk,1
https://t.co/1xskylaeo0,1
https://t.co/1yspvt0lw,1
https://t.co/1zltipmrpb,1
https://t.co/22zhrd8dsz,1
https://t.co/2813eqntx,1
https://t.co/2azl3objaa,1
https://t.co/2czjdrqi9r,1
https://t.co/2dn6qetfri,1
https://t.co/2e4fdqxbqj,1
https://t.co/2eiih63yrd,1
https://t.co/2fhvruuli7,1
https://t.co/2fn0nbheor,1
https://t.co/2fqfkuxbcw,1
https://t.co/2iz7ceeyrx,1
https://t.co/2kwiuomogf,1
https://t.co/2lrvqxcrgo,1
https://t.co/2nhuxybxh2,1
https://t.co/2nuvdvlncr,1
https://t.co/2qyioxsnaj,1
https://t.co/2s2jjhonck,1
https://t.co/2ukvfpqvrd,1
https://t.co/2xishjqtnh,1
https://t.co/2xkg1trhqr,1
https://t.co/2zmvdsizot,2
https://t.co/32zt7wyond,1
https://t.co/33axi5xdg1,1
https://t.co/392rgi8ofq,1
https://t.co/39io68gbbp,1
https://t.co/3byzrk2q7w,1
https://t.co/3dirz0lien,1
https://t.co/3f8pkxfpm7,1
https://t.co/3fn0jwmpof,1
https://t.co/3hgafulgjz,1
https://t.co/3ladn5zxwq,1
https://t.co/3opp7mqgkn,1
https://t.co/3pertgo5qa,1
https://t.co/3tyiyfgqcx,1
https://t.co/3v06lzdslv,1
https://t.co/3wrzc5rgxa,1
https://t.co/4a6qoitn1r,1
https://t.co/4aecd2mbgi,1
https://t.co/4aroicybcg,1
https://t.co/4av8boymrz,1
https://t.co/4clgxdom7o,1
https://t.co/4dilsxcjdk,1
https://t.co/4dv3iwlq85,1
https://t.co/4fvlobcohi,1
https://t.co/4jkjxlujtw,1
https://t.co/4lnemztmpm,1
https://t.co/4omc198ecw,1
https://t.co/4ostgai0uy,1
https://t.co/4pevtnbioa,2
https://t.co/4pnnknrrdw,1
https://t.co/4rlgskpknt,1
https://t.co/4sb82rwadn,1
https://t.co/4srghbluer,1
https://t.co/4t7xocbfdd,1
https://t.co/4vyh8ikrz3,1
https://t.co/4wriek3xqb,1
https://t.co/4xva2ndhac,1
https://t.co/51fm4lcdyj,1
https://t.co/52pfl4wvpm,1
https://t.co/59xlfksnqg,1
https://t.co/5c82zxlsm0,1
https://t.co/5ereoqcici,2
https://t.co/5hnncrqiy8,1
https://t.co/5hrwv0f8h,1
https://t.co/5kr43lifyc,1
https://t.co/5lbqr5mqrc,1
https://t.co/5mllq0ovco,1
https://t.co/5nc8aihnwn,1
https://t.co/5nmxjnmbl,1
https://t.co/5oahg6lj0c,1
https://t.co/5ovv73vff7,1
https://t.co/5pfhpjqfpi,1
https://t.co/5qtzdwzpqh,1
https://t.co/5sfyhbptjg,1
https://t.co/5sjpoyttnu,1
https://t.co/5tfvoxcgoc,1
https://t.co/5tvgdavjf1,1
https://t.co/5wivni05id,1
https://t.co/5xgqh9bsqg,1
https://t.co/5xgwmwhhkr,1
https://t.co/5yifpmram5,1
https://t.co/5yl2shjzjd,1
https://t.co/5zhdmjxz4z,1
https://t.co/5zwaejbcwz,1
https://t.co/64ikt9qqyd,1
https://t.co/656fkfowbq,1
https://t.co/6592ocq8ux,1
https://t.co/661e1ceopw,1
https://t.co/6bko5di61q,1
https://t.co/6ehmawpq4f,1
https://t.co/6fz2xzqgwn,1
https://t.co/6gwvtzlljh,1
https://t.co/6ivpjdlv6d,1
https://t.co/6kqqxleouw,1
https://t.co/6kxkgdhhxk,1
https://t.co/6oy0dm0akt,1
https://t.co/6plafrl92,1
https://t.co/6rpgx8gkn4,1
https://t.co/6vxpdoxa4m,1
https://t.co/6xoddgyt7j,1
https://t.co/6z421jnmsd,1
https://t.co/75wnafdxdd,1
https://t.co/76ygzd5rik,1
https://t.co/78mhqtxua3,1
https://t.co/79rpzqf0qj,1
https://t.co/7b3w7ljrwm,1
https://t.co/7bbv4vaj6h,1
https://t.co/7cihel2ulp,1
https://t.co/7cyckzy1lj,1
https://t.co/7gbiizcaml,1
https://t.co/7hrdl07luu,1
https://t.co/7jubayiam6,1
https://t.co/7kbtj6ni1i,1
https://t.co/7mfn6thdll,1
https://t.co/7mg1d2caqj,1
https://t.co/7mibvicibr,1
https://t.co/7owmqzmonw,1
https://t.co/7pahjqa2dr,1
https://t.co/7qoahkebey,1
https://t.co/7stdrxo7eb,1
https://t.co/7t5wevcqsi,1
https://t.co/7tfwqxzulh,2
https://t.co/7ylhfgy3wr,1
https://t.co/7yvpyyg25z,1
https://t.co/8ffif5hykd,1
https://t.co/8gn9udd9j2,1
https://t.co/8isvqm55ak,1
https://t.co/8jybvmle2o,1
https://t.co/8k969n5tqc,1
https://t.co/8pidji3cuh,1
https://t.co/8q4lrf1bdw,1
https://t.co/8sg0vqk3gw,1
https://t.co/8ufuad2amg,1
https://t.co/8vqf1af6zi,2
https://t.co/8ywlkhjcu3,1
https://t.co/91hhcg3mz,1
https://t.co/92kmsxmwcn,1
https://t.co/92tdnxd6qg,1
https://t.co/93ofenwah,1
https://t.co/94fzntsmfu,1
https://t.co/991os7lom3,1
https://t.co/9a4xandzew,1
https://t.co/9cfr5h2av,1
https://t.co/9mp8ihcsxc,1
https://t.co/9ositjpl5,1
https://t.co/9usebkdtbg,1
https://t.co/9vvyurkwwg,1
https://t.co/9y5rc3rkxk,1
https://t.co/a0kwg8ph0w,1
https://t.co/a4vzm6zcep,1
https://t.co/a7fiu9cwep,1
https://t.co/a8qidxfhb7,1
https://t.co/a8ze9pmu0v,1
https://t.co/aamhp1i5gf,1
https://t.co/abguhgd0ku,1
https://t.co/abil7nkzcn,1
https://t.co/abk5nfuvpa,1
https://t.co/adlyer28zx,1
https://t.co/afyunzmwcc,1
https://t.co/agqdkvvkz,1
https://t.co/ah0ukugnjr,1
https://t.co/ahgbtkc3w5,1
https://t.co/ai8vcvcklv,1
https://t.co/ajj8dwxq0v,1
https://t.co/akfxjcmfhj,1
https://t.co/alak0fjmi9,1
https://t.co/alouiw3vz4,1
https://t.co/alwf593nhv,1
https://t.co/alwws5ibzx,1
https://t.co/andarwylzx,1
https://t.co/ankfgsx7od,1
https://t.co/anpztaaoqi,1
https://t.co/aontf1v4to,1
https://t.co/apu9jal1em,1
https://t.co/aqlhdiiudn,1
https://t.co/aqqr1gpu2m,1
https://t.co/aufyb4xdc,1
https://t.co/avsapthtaj,1
https://t.co/awtddyxwkr,1
https://t.co/ax7mbgxo3k,1
https://t.co/ayjzno3xc7,1
https://t.co/az1wdn1o0f,1
https://t.co/b3ta6w8m3x,1
https://t.co/b5nzqhv64q,1
https://t.co/b7syc1lvzl,1
https://t.co/b8rgisju2u,1
https://t.co/b9m9xmnw9f,1
https://t.co/ball9h5wey,1
https://t.co/bbbmwblhqz,1
https://t.co/bby6qtvlvr,1
https://t.co/bcgpiwvkj4,1
https://t.co/bcz3esg50t,1
https://t.co/bd5yvqbyc,1
https://t.co/bdleddcdvl,1
https://t.co/bekcyhvspd,1
https://t.co/bfynbpqrtq,1
https://t.co/bh025g1lnc,1
https://t.co/bhmjmr7zol,1
https://t.co/bliwr1lhpv,1
https://t.co/blzfvozadh,1
https://t.co/bmyv5emrjp,1
https://t.co/bnvu1xojut,1
https://t.co/booxweid9f,1
https://t.co/bozsichr8n,1
https://t.co/bqttukod8m,1
https://t.co/bqxekngdpc,1
https://t.co/brcpxvcn4u,1
https://t.co/brjh70yakh,1
https://t.co/brqv1xxz4g,1
https://t.co/brs2ohfh7q,1
https://t.co/bs2wwakpr8,1
https://t.co/bwyov6lnx0,1
https://t.co/bxtgl3vwnc,4
https://t.co/by6nnspnav,1
https://t.co/bzq3wipyd2,1
https://t.co/c0nlcnxfr,1
https://t.co/c0y2qejdl2,1
https://t.co/c1ffhymfvz,1
https://t.co/c5cmv57wlv,1
https://t.co/c6jlzkgvja,1
https://t.co/c7obeq0doq,1
https://t.co/caayq8bsdo,1
https://t.co/cad7gfpysh,1
https://t.co/cbbk0nzsvf,1
https://t.co/cbmdianhc7,1
https://t.co/cckn77ppd4,1
https://t.co/ccrlij0fyy,1
https://t.co/ccvneelg6o,1
https://t.co/cdbbiidmki,1
https://t.co/cdkiptlkgp,1
https://t.co/cdmvpx4qcv,1
https://t.co/cdwa0iugo,1
https://t.co/ce1jxcjzov,1
https://t.co/ce8u1nso6q,1
https://t.co/cfqyhlehiu,1
https://t.co/cfsi3k3r7x,1
https://t.co/chdwrlgghb,1
https://t.co/chzyfrbxuo,1
https://t.co/ci4h9gh6xw,1
https://t.co/cirrcabhna,1
https://t.co/cj4mxv922q,15
https://t.co/cjkhd08wjd,1
https://t.co/ckwfostc4o,1
https://t.co/ckwrdjew8u,1
https://t.co/cne1s4ejio,1
https://t.co/cnywlp6dzx,1
https://t.co/cohcqm2uwh,1
https://t.co/cpjof9tewm,1
https://t.co/cq0dxv7uiu,2
https://t.co/csg2cy0yvf,1
https://t.co/csyba9rhrn,1
https://t.co/cubur4m7yx,1
https://t.co/cuhwk7ld37,1
https://t.co/cunrynjiam,1
https://t.co/cvmb4zmpml,1
https://t.co/cwgldztesl,1
https://t.co/cwvikzcs7d,1
https://t.co/d15lb33rgf,1
https://t.co/d2tvursmuy,1
https://t.co/d3sfr8am5t,1
https://t.co/d8mmuwkgjk,1
https://t.co/d8tny60v,1
https://t.co/d9wkxynfio,1
https://t.co/dajxkkbevk,1
https://t.co/dat2q0sthv,1
https://t.co/dazvautov2,1
https://t.co/dcgd8oiioy,1
https://t.co/dcyby7inqh,1
https://t.co/ddj0k6hucq,1
https://t.co/demuft84rp,1
https://t.co/depr0odj,1
https://t.co/dgmgx1yvdl,1
https://t.co/dgofcwk9b9,1
https://t.co/dgwjdhvnev,1
https://t.co/dhgcuuqt1i,1
https://t.co/dhtofdfkeg,1
https://t.co/diws8pcfbu,1
https://t.co/dj1zzuvniq,1
https://t.co/dj58ita8ay,1
https://t.co/dk6l1vgfkr,1
https://t.co/dln8mpuunb,1
https://t.co/dlspoecuji,1
https://t.co/dnratsuooi,1
https://t.co/dojqfmljyq,1
https://t.co/dolwqs19b5,1
https://t.co/dqj64asvzz,1
https://t.co/drmiotmqe1,1
https://t.co/drvujztsaw,1
https://t.co/dsphojnt61,1
https://t.co/dtbrbgt3z1,1
https://t.co/dtveaqu8yq,1
https://t.co/dtzscyb08j,1
https://t.co/dujwj59ygd,1
https://t.co/duquq999l7,1
https://t.co/dvezminq85,1
https://t.co/dvhsrderfd,1
https://t.co/dwazmd2ysm,1
https://t.co/dwbpzqzs0x,1
https://t.co/dwkwh34dbj,1
https://t.co/dxr4zdrw7t,1
https://t.co/dy4u0ym8j,1
https://t.co/dyl3uqhc35,1
https://t.co/dz5nqd7rg,1
https://t.co/dz9dgv1hji,1
https://t.co/e50rncizrm,5
https://t.co/e8f6lnphmn,1
https://t.co/e9ihuoy60i,1
https://t.co/eawchyn0cv,1
https://t.co/ecu12ndrcd,1
https://t.co/eddlj8vpzr,1
https://t.co/eedimw310m,1
https://t.co/efd4sekpy1,1
https://t.co/egvjlrxozr,1
https://t.co/eha5sstpvx,1
https://t.co/ei6vsqzevh,1
https://t.co/eimuoind7,1
https://t.co/ekoj3xmmya,1
https://t.co/eljrbqaz5,1
https://t.co/elvqlfftjm,1
https://t.co/emg4picsbm,1
https://t.co/empt1qbn7w,1
https://t.co/empwk6ywqr,1
https://t.co/emtqmnaqaq,1
https://t.co/en5nbpqwqi,1
https://t.co/enjppzdrba,1
https://t.co/enn0rpkqaq,1
https://t.co/eo6oqzfv0n,1
https://t.co/eob8p3o65b,1
https://t.co/eqhrdjbggq,1
https://t.co/eseyrih4zt,2
https://t.co/esse1npktt,1
https://t.co/eszquytpmm,1
https://t.co/eteflyoww4,1
https://t.co/etptrbaicj,1
https://t.co/euxee9j5hx,1
https://t.co/evptemsct,1
https://t.co/ewhpjm3pza,1
https://t.co/exbm9ar7ot,1
https://t.co/ez4nbhxili,1
https://t.co/f0jwr2wt5u,1
https://t.co/f0vedlnav,1
https://t.co/f1fhpfwqko,1
https://t.co/f4ix88wla5,1
https://t.co/f4oudvceyj,1
https://t.co/f916udslt8,1
https://t.co/f9cuodkqwd,1
https://t.co/fbkczsr6kb,1
https://t.co/fcr677mcpw,1
https://t.co/ffsxtnwrj3,1
https://t.co/fhokh9l3ai,1
https://t.co/fhwtsdn85q,1
https://t.co/fi6e1ql8ji,1
https://t.co/fjhacmchjn,1
https://t.co/fjvtjsvnd,1
https://t.co/fkvd9stdho,1
https://t.co/flmrvksmoi,1
https://t.co/fmpgjaxvcg,1
https://t.co/fmsmeepgzo,1
https://t.co/fmw96lvoux,1
https://t.co/fnzstplp8o,1
https://t.co/fpgasjn6lo,1
https://t.co/fqwrmhynpt,1
https://t.co/frft6zr00h,1
https://t.co/frninlatut,1
https://t.co/fs3atr4ajr,1
https://t.co/fubqw1oppp,1
https://t.co/fuexk2frrn,1
https://t.co/fvhn369szp,1
https://t.co/fwwtsssxi4,1
https://t.co/fxhnkddt2w,1
https://t.co/fxvxwz4tcq,1
https://t.co/fz8ur7qhiu,1
https://t.co/g000ytspru,1
https://t.co/g04pvqtney,1
https://t.co/g0vzrop2wi,1
https://t.co/g1fdw9v,1
https://t.co/g6saectz1c,1
https://t.co/g7dtwnhmik,1
https://t.co/ga4q9i1edg,1
https://t.co/gacfc1i6tm,2
https://t.co/gbs2ab3t5h,1
https://t.co/gcazwps4ci,1
https://t.co/gcvbna9ld,1
https://t.co/gfj22suiq2,1
https://t.co/gg8lscufy5,1
https://t.co/gggz75ytah,1
https://t.co/ggqx7eb1hf,1
https://t.co/ghhkz3i8oc,1
https://t.co/ghhpgyod7h,1
https://t.co/gji3iiuqtn,1
https://t.co/gkj7fkn2th,1
https://t.co/glafd8zxxk,2
https://t.co/glqrqmh55g,2
https://t.co/glzz68sel7,1
https://t.co/gman4asyw2,1
https://t.co/gmt4pwpqdg,1
https://t.co/gom3kbqhkw,1
https://t.co/gqv5qlvlhq,1
https://t.co/gre32p3v8j,1
https://t.co/gskrftnhhv,1
https://t.co/gswum7bx4l,1
https://t.co/gt9sfzg0n4,1
https://t.co/gtkdm1uttp,1
https://t.co/gvrgzvblur,1
https://t.co/gxx4v60suo,1
https://t.co/gxxuxcviki,1
https://t.co/gzpkuaq6jz,1
https://t.co/h2o4fhjeek,1
https://t.co/h64w6ynfbg,1
https://t.co/h7mccqhg6n,1
https://t.co/h7p82ejach,1
https://t.co/hbq7l71y8g,1
https://t.co/hbv81yzdmo,1
https://t.co/hcavlbznay,1
https://t.co/hf0djtouhz,1
https://t.co/hgqq593chj,1
https://t.co/hgyjxfdopx,1
https://t.co/hgzz5tt8jw,1
https://t.co/hh2hcngnnn,1
https://t.co/hko1u11uil,1
https://t.co/hljbsgvogq,1
https://t.co/hmiyv8mbyb,1
https://t.co/hndeowqqq3,1
https://t.co/ho6dlklrs7,1
https://t.co/hofuvmggib,1
https://t.co/hoo5szfx7a,1
https://t.co/hozmuf7px6,1
https://t.co/hp5uqyq5df,1
https://t.co/hqnk4utu2k,1
https://t.co/hrl9f2drgi,1
https://t.co/hs5tutuwr7,1
https://t.co/hsmqbcwzpz,1
https://t.co/hszgthkqmi,1
https://t.co/htekp1ccb2,1
https://t.co/hur2gaxl89,1
https://t.co/hy5trs9gwf,1
https://t.co/hzqr1xyxl1,1
https://t.co/hztbubur7k,1
https://t.co/i3rqnmvnrf,1
https://t.co/i3sivj9dri,1
https://t.co/i5mpwdcjug,1
https://t.co/i6thdqlpsj,1
https://t.co/i8bbdqkl7j,1
https://t.co/i929rzpljx,1
https://t.co/i9edchwcwa,1
https://t.co/ianp9qdtzi,1
https://t.co/ibmfcyw3sv,1
https://t.co/ibvkmpenmq,1
https://t.co/icv6r9ftlr,3
https://t.co/icvgewweba,1
https://t.co/if9twnxrph,1
https://t.co/ifesuxklq2,1
https://t.co/igovcclydk,1
https://t.co/ihbdqtcgaf,1
https://t.co/iiv09eloyu,1
https://t.co/ij5hnyf8ip,1
https://t.co/ijgpn5ue2x,1
https://t.co/ijgpxxqvxr,1
https://t.co/ijphgt40e4,1
https://t.co/ikdnqsfr1u,1
https://t.co/imwdgdn00u,1
https://t.co/imxhz7ydci,1
https://t.co/inbdj3m0tv,1
https://t.co/iovce5kdq1,1
https://t.co/ipos4pkwlx,1
https://t.co/iquqjxpwk,1
https://t.co/iske6sogft,1
https://t.co/isomkn2vpz,1
https://t.co/itikkmem29,1
https://t.co/ivdrkiiuyr,1
https://t.co/ivgpc0l37b,1
https://t.co/iwgzmqnpqm,1
https://t.co/j131gcl4uf,1
https://t.co/j2fvfttx9d,1
https://t.co/j3dx0k98i5,1
https://t.co/j3mhzonmac,1
https://t.co/j4fb6nqq9x,1
https://t.co/j4zugfcv6i,1
https://t.co/j5fgjl7s88,1
https://t.co/ja1ras7gqp,1
https://t.co/javmpcxqjb,1
https://t.co/jcmbxrwgj2,1
https://t.co/jcs7lwienj,1
https://t.co/jdlxvxxfzb,1
https://t.co/jdouzfregw,1
https://t.co/jeunnbmfl,1
https://t.co/jfzmtbhwei,1
https://t.co/jifsdgnpxo,1
https://t.co/jisovbqlmr,1
https://t.co/jizopegggc,1
https://t.co/jj2ebq66tr,1
https://t.co/jkjglpkcvv,1
https://t.co/jlpmtwjgrh,1
https://t.co/jmqkccn6hu,1
https://t.co/jmrdyms9ao,1
https://t.co/jnn1zwfxao,1
https://t.co/jo4rlusi59,1
https://t.co/jpya9zs9kv,1
https://t.co/jqfudlo6nl,1
https://t.co/jrjozhkpuc,1
https://t.co/jsjldp0rmp,1
https://t.co/jtezgxzioy,1
https://t.co/juccka6zia,1
https://t.co/jux74qzxjf,1
https://t.co/jvvlejbmxo,1
https://t.co/jw1iccfetc,1
https://t.co/jx7g4oj4u,1
https://t.co/jxq8udmnc,1
https://t.co/k09mm3uq8x,1
https://t.co/k0pyjyncmc,1
https://t.co/k1feuemzd,1
https://t.co/k2auwysiqw,1
https://t.co/k3sdips5eb,1
https://t.co/k4uhggavaf,1
https://t.co/k4vfte2ub7,1
https://t.co/k664w6dkji,1
https://t.co/kawcsf7xg5,1
https://t.co/kb2wrlocod,1
https://t.co/kbabcl22w,1
https://t.co/kbypi8z1s8,1
https://t.co/kctxa6aqkx,1
https://t.co/kdqcuagigl,1
https://t.co/ke7ixgzqfx,1
https://t.co/keef34c5ma,1
https://t.co/khgxkwryn,1
https://t.co/khtkdrm1vz,1
https://t.co/ki1zgzi5wo,1
https://t.co/ki2zhqcqdu,1
https://t.co/kitghkgu1p,1
https://t.co/kj7dsaeurb,1
https://t.co/kkc2ufue1b,1
https://t.co/kktfrqbrib,1
https://t.co/kkvr9ltjc1,1
https://t.co/kmaymhgekh,1
https://t.co/kmnb2lbaik,1
https://t.co/kpdkhmkm1k,1
https://t.co/krq5hm2r36,1
https://t.co/kt0bbfcahk,1
https://t.co/kulp9dw0j,1
https://t.co/kxce5gxd1p,1
https://t.co/kyqgttmddn,1
https://t.co/l0fnrohpen,1
https://t.co/l0p66wnufl,1
https://t.co/l1zp4po2di,1
https://t.co/l5hojjiwm,1
https://t.co/l66ukkyvki,1
https://t.co/l6ipxxlrli,1
https://t.co/l9233tuyyz,3
https://t.co/l95lwpzpar,1
https://t.co/l9eiitaza5,1
https://t.co/lb9dllstnl,1
https://t.co/lciycqr5rb,1
https://t.co/leneimuew5,1
https://t.co/lgsn2voov4,1
https://t.co/lh0ewnahtu,1
https://t.co/lh4peqwojp,1
https://t.co/lhgrdla5ni,1
https://t.co/lidtgvf7fd,1
https://t.co/ljua8lgb0v,1
https://t.co/lmcfmukvb,1
https://t.co/lraizrn3fl,1
https://t.co/lsfi9r30dl,1
https://t.co/lsqe0zlef8,1
https://t.co/lte4rvoeui,1
https://t.co/ltwj4eeail,1
https://t.co/luyncflsxz,1
https://t.co/lvek2asrqb,1
https://t.co/lwcjobgsxv,1
https://t.co/lwed2m4jpq,1
https://t.co/lwoltzyzcw,1
https://t.co/lwqowsv1lv,1
https://t.co/lx4haqzbld,1
https://t.co/lydzzwepir,1
https://t.co/lz7wlgxqvi,1
https://t.co/m0kxfahhrn,1
https://t.co/m0wvnursnl,1
https://t.co/m4iy0zdbju,1
https://t.co/m4peljtspc,1
https://t.co/m8crywjshu,1
https://t.co/mak1ul305l,1
https://t.co/mapeghokst,1
https://t.co/mbbicysmhq,1
https://t.co/mbi6n8v1dg,1
https://t.co/mbpnzhgin5,1
https://t.co/mccutvhxpn,1
https://t.co/mclbzluzwx,1
https://t.co/meea6jozfn,1
https://t.co/mga9zrpfhz,1
https://t.co/mgjberbglz,1
https://t.co/mh0chwgxgi,1
https://t.co/mhnn21a2wn,1
https://t.co/mihtszfuqu,1
https://t.co/miohbgkm0t,1
https://t.co/mjmj9qqwf3,1
https://t.co/mmehi97x0f,1
https://t.co/mmzf8ef1rw,1
https://t.co/moiisjzgw6,1
https://t.co/moqmt3v2x3,1
https://t.co/mouiarffwr,1
https://t.co/mquhxo6wwd,1
https://t.co/mrrwd2jry5,1
https://t.co/mrwusm97xf,1
https://t.co/msbunlvlxt,1
https://t.co/mskvjtuznx,1
https://t.co/msllgcwqn2,1
https://t.co/msunolxfhz,1
https://t.co/mudgs3yrun,1
https://t.co/mwdep8ywg2,1
https://t.co/mxlwdnkrb8,1
https://t.co/my7yzb9xrr,1
https://t.co/myn0yznng0,1
https://t.co/mzghw9h5hu,1
https://t.co/n1mj1oawig,1
https://t.co/n3cagurmqp,1
https://t.co/n3izf3cpj9,1
https://t.co/n4qaa6hklc,1
https://t.co/n7kilhhrno,1
https://t.co/n7sh6bluo,1
https://t.co/n89jxacfro,1
https://t.co/n9ghrsywuv,1
https://t.co/nalx5uylu,1
https://t.co/nbyna9sydm,1
https://t.co/ncpctx9av9,1
https://t.co/ncwpcejcqb,1
https://t.co/ndpniwtqbw,1
https://t.co/neeblherk,1
https://t.co/nicnj2fsbb,1
https://t.co/niexcwhkz2,1
https://t.co/njcd1wdiyz,1
https://t.co/njor6yq5zr,1
https://t.co/njrkes6njk,1
https://t.co/nla0z5uqqw,1
https://t.co/nmgnqi2xur,1
https://t.co/nmmuzgo7r7,1
https://t.co/nnneffdnb1,1
https://t.co/noc8trgwnn,1
https://t.co/nqbnv87ibf,1
https://t.co/nrbj4zmqf0,1
https://t.co/nrcg7cr9rt,1
https://t.co/nrmmunimgq,1
https://t.co/nrtjvx8po8,1
https://t.co/nt2m66ums8,1
https://t.co/ntpjb97qsm,1
https://t.co/ntteseuu6x,1
https://t.co/nvw27d1myf,1
https://t.co/nwr5hnteka,1
https://t.co/nx1gxqagd8‚Ä¶,1
https://t.co/nxng29bm64,1
https://t.co/nxvx6jbhra,1
https://t.co/o0z39h0ipj,1
https://t.co/o62jyg8cdk,1
https://t.co/oaq6ireovt,1
https://t.co/ockmj6o5l8,1
https://t.co/odkawe49zw,1
https://t.co/oelmydxolm,1
https://t.co/oer2lfptgi,1
https://t.co/oftyaaljnv,1
https://t.co/og3wx3naqf,1
https://t.co/ogazaufjnk,2
https://t.co/ogjublyvl8,1
https://t.co/oh1yuykt45,1
https://t.co/oi3swy0g3m,1
https://t.co/omwtebhgd8,1
https://t.co/onnr7jembx,1
https://t.co/onzb3k43hm,1
https://t.co/ooeydcg2tz,1
https://t.co/oopskidmco,1
https://t.co/op4qdungdh,1
https://t.co/oprrvcvkcq,1
https://t.co/or9bs2netr,1
https://t.co/ors6dtmts5,1
https://t.co/otykblrwkr,1
https://t.co/ouhxnxengk,1
https://t.co/ouruclszr3,1
https://t.co/ouuxxmwmf0,1
https://t.co/ovck6tbmaq,1
https://t.co/ovxfobrtb0,1
https://t.co/owhr921jrl,1
https://t.co/owxftnmoy4,1
https://t.co/oxnjnc1ncp,1
https://t.co/oxsnairfel,1
https://t.co/oy3f8ppb9w,1
https://t.co/oy9wglpbev,1
https://t.co/oz3odns4fb,1
https://t.co/oz5hf1kdkj,1
https://t.co/p2cn3taac7,1
https://t.co/p31huoazug,1
https://t.co/p3db9ftv4q,1
https://t.co/p3gk0b5e3m,1
https://t.co/p4ium6nol6,1
https://t.co/p8d9oomwrm,1
https://t.co/p8srbmmiqt,1
https://t.co/paoasrwifo,1
https://t.co/pasod8foki,1
https://t.co/pb3ra9jarm,1
https://t.co/pbqf1qnf5z,1
https://t.co/pcequ3ukcm,1
https://t.co/pdvq9ecgd0,3
https://t.co/ped1bp3sbg,1
https://t.co/pelr1xv3l,1
https://t.co/pksv4zywv0,1
https://t.co/pm2miikqtj,1
https://t.co/pmb00drbyr,1
https://t.co/pnb1trdyv,1
https://t.co/pohsnloyfu,1
https://t.co/ppl4l6nv9h,1
https://t.co/pqupypxkiq,1
https://t.co/pr4aqy0li,1
https://t.co/prlrv9jxpq,1
https://t.co/pxgcmwit0u,1
https://t.co/pxmbqe6xp7,1
https://t.co/pz3ccl5rev,1
https://t.co/pziymqvsrr,1
https://t.co/pzogydpd6k,1
https://t.co/pzybfewb0a,1
https://t.co/q3fk2yblsf,1
https://t.co/q4wikoq4ji,1
https://t.co/q69uslosp0,1
https://t.co/q7v00reotp,1
https://t.co/q8f6inrbqj,1
https://t.co/q8mcs2znfj,1
https://t.co/q90zbwarqa,1
https://t.co/qcughn4kyk,1
https://t.co/qcustsmkbm,1
https://t.co/qcvkhnswf1,1
https://t.co/qehg0wq1g3,1
https://t.co/qemdyof6jb,1
https://t.co/qewqpmytar,1
https://t.co/qg6krvekt6,1
https://t.co/qih2a9qkzq,1
https://t.co/qijittzts0,1
https://t.co/qlffatrwfn,1
https://t.co/qlujmzpntx,1
https://t.co/qmh4v0qlh5,1
https://t.co/qouvhsxygn,1
https://t.co/qq0pj8adsq,1
https://t.co/qqr2blydoc,1
https://t.co/qrrw6e9syq,1
https://t.co/qswrfhthgo,1
https://t.co/qu161f8bkg,1
https://t.co/quyx6kr1c2,1
https://t.co/qvkg3knpqq,1
https://t.co/qvnefzgm1d,1
https://t.co/qvyhjfzrt0,1
https://t.co/qxxwb8cni,1
https://t.co/r5if5bf1ha,1
https://t.co/r6rhljyeu,1
https://t.co/r6tjv8ohau,1
https://t.co/r7sgekmcdf,1
https://t.co/r8js940bu3,1
https://t.co/raft9w5fq2,1
https://t.co/ramtzqapd7,1
https://t.co/ran2yif5bm,1
https://t.co/rbyxp01hi4,1
https://t.co/rdfktq2ev1,1
https://t.co/rdq67uqgcg,1
https://t.co/rebqmvsesi,1
https://t.co/rgbna6qvss,1
https://t.co/rinp6bj8yp,1
https://t.co/rklwzw3f8j,1
https://t.co/rkqx0rxwhk,1
https://t.co/rksaymoxzi,1
https://t.co/rlrcwwpgem,1
https://t.co/rltdeif1zo,1
https://t.co/rmblyeane5,1
https://t.co/rmgomsf1zr,1
https://t.co/rmwbmaijd,1
https://t.co/rnsodoifai,1
https://t.co/roap8ejbgm,1
https://t.co/roz1bp5zu4,1
https://t.co/rq0hrubjeh,1
https://t.co/rqixukecfr,1
https://t.co/rqsfyz35kf,1
https://t.co/rtdqdv0ah8,1
https://t.co/rtsizmghaw,1
https://t.co/rttxtzqh,1
https://t.co/rtvoeyihux,1
https://t.co/rtyhoeg8vz,1
https://t.co/ruwysw6dox,1
https://t.co/rv8x8nmpvd,1
https://t.co/rxxk8ji31d,1
https://t.co/rzfwcvcx1z,1
https://t.co/rzt2zspcth,1
https://t.co/rzyasovswi,1
https://t.co/s0jtdnlirh,1
https://t.co/s2w9k74e3q,1
https://t.co/s76qbnghzv,1
https://t.co/s81e39tvgg,1
https://t.co/saixxuyzh7,1
https://t.co/salnh9a5f5,1
https://t.co/sbjj9xj16,2
https://t.co/sbnnyb7y95,1
https://t.co/sbrc4748ww,1
https://t.co/sbrkx8pxs0,1
https://t.co/sd9cmupkrq,1
https://t.co/sdqgmxfahr,1
https://t.co/segayz9n2l,1
https://t.co/sexfl5wnn2,1
https://t.co/sflxaj2bmu,1
https://t.co/sfwftipskl,1
https://t.co/si1hdwdrhc,1
https://t.co/sij9bffq1a,1
https://t.co/sjgqd9jnud,1
https://t.co/skb9njilgi,1
https://t.co/skcclco13h,1
https://t.co/sljrxs4mzm,1
https://t.co/slohawuij9,1
https://t.co/sm5owpert2,1
https://t.co/smw83ioj5h,1
https://t.co/sn2779dzjf,1
https://t.co/soo3ywrng4,1
https://t.co/sour17jq5z,1
https://t.co/sp3nnzdz1j,1
https://t.co/stvs9e2zk0,1
https://t.co/svoosodu2a,1
https://t.co/svtdwhdypv,1
https://t.co/swcrw01o9h,1
https://t.co/swpwmhzvc,1
https://t.co/sxofgtin3t,1
https://t.co/sxub4z4bxi,1
https://t.co/syayspiy1d,1
https://t.co/szqsjkqene,3
https://t.co/t0em58yxt,1
https://t.co/t38ukslyn0,1
https://t.co/t4urr5gdbr,1
https://t.co/t5jtcft3pz,1
https://t.co/t98qs8fbbc,1
https://t.co/tac6g6glvd,1
https://t.co/tb9ubb9yo,1
https://t.co/tbfmf75ixp,1
https://t.co/tecyfjdat2,1
https://t.co/tfhj123ntn,1
https://t.co/tfou60kakx,1
https://t.co/thwclkdwhu,1
https://t.co/tign1morxh,1
https://t.co/tipz3gkuiv,1
https://t.co/tjddbxvpv7,1
https://t.co/tjqly9v763,1
https://t.co/tkru7xkjam,1
https://t.co/tku2b4mji3,1
https://t.co/tljb5usook,1
https://t.co/tmwbprpze2,2
https://t.co/tnbeuvbyww,1
https://t.co/to0trhxnro,1
https://t.co/tqiowkvlmt,1
https://t.co/tshurvmvg3,1
https://t.co/ttorzjmxt3,1
https://t.co/tv27yysrfh,1
https://t.co/tvfc8dpog7,1
https://t.co/tvthwo2po,1
https://t.co/tvvudjp4cw,1
https://t.co/tw5jcsp85t,1
https://t.co/tweg1sdp6x,1
https://t.co/tzji2bg1l1,3
https://t.co/u0nfrhpdfr,1
https://t.co/u1czyycehh,1
https://t.co/u3dtptraru,1
https://t.co/u4fry9fihd,1
https://t.co/u50evqjfm4,1
https://t.co/u5pn4dfybj,1
https://t.co/u98tb0zvqr,1
https://t.co/uaflhpx9c,1
https://t.co/ubvkx3aqdt,1
https://t.co/ucesgltumn,1
https://t.co/udaap5swjx,1
https://t.co/ueegqgxwc5,1
"https://t.co/uexwnralog,",1
https://t.co/ufcd5d0yxn,1
https://t.co/ug7hqgifag,1
https://t.co/uixmpvd7a0,1
https://t.co/ujkkwrx4da,1
https://t.co/ujoqwisgtu,1
https://t.co/ukd0us1c6h,1
https://t.co/uklqgbhlrk,1
https://t.co/umerwbvehx,1
https://t.co/umfq5iwukz,1
https://t.co/updx5im1lw,1
https://t.co/upinkfxnco,1
https://t.co/urbe72pvah,1
https://t.co/utxvdfdsct,1
https://t.co/uuj5l2dze,1
https://t.co/uuywmoy61c,1
https://t.co/uvquetamn,1
https://t.co/uvyg8ko0t3,1
https://t.co/uw5if3gw4o,1
https://t.co/uwtjczhadi,1
https://t.co/ux5xhkklk5,1
https://t.co/uypdqwsgyr,1
https://t.co/uypmotst68,1
https://t.co/uzsvnpnvxd,1
https://t.co/uzwsb9p7sg,1
https://t.co/v2rxidle01,1
https://t.co/v35wvbzql1,1
https://t.co/v3liwuzddz,1
https://t.co/v4xux5ticc,1
https://t.co/v9tqbhfl2i,1
https://t.co/vchggt4okf,1
https://t.co/vd2fr1f7kh,1
https://t.co/vdihruh6ga,1
https://t.co/vdnfnut7ho,1
https://t.co/vdpwidhzu7,1
https://t.co/vdsakylu6t,1
https://t.co/vecilpqm,1
https://t.co/veq2rcemfw,1
https://t.co/vesuds8bga,1
https://t.co/vf0sllxbr3,1
https://t.co/vfwphcdtku,1
https://t.co/vgk9shsore,1
https://t.co/vgn80z4rgd,1
https://t.co/vgow2c0ksi,1
https://t.co/vgskpcxhpf,1
https://t.co/vhofpdhpzf,1
https://t.co/vimnqsjexc,1
https://t.co/vje5smbkcp,1
https://t.co/vjphitrgh,1
https://t.co/vlzy7f8pdz,1
https://t.co/vn8xuyuoex,1
https://t.co/vq15bfooob,1
https://t.co/vqukv6wrhu,1
https://t.co/vqzyymf30t,1
https://t.co/vs9l24lppc,1
https://t.co/vusctd1udr,1
https://t.co/vvginntks9,1
https://t.co/vvwsitpwxm,1
https://t.co/vwaqm2xugz,1
https://t.co/vxpz1h93k,1
https://t.co/vxwzujy997,1
https://t.co/vystxlrpxl,1
https://t.co/vzkfkihv68,1
https://t.co/vzxzzglioa,1
https://t.co/w2mecx7sc,1
https://t.co/w5naatijxb,1
https://t.co/w7qldpmsc7,1
https://t.co/w8l6yiarhu,1
https://t.co/waewqxt6ri,1
https://t.co/wamtpiqx8n,1
https://t.co/wc8zsxjqdc,1
https://t.co/wdrfhfczd0,1
https://t.co/we2uibjwaz,1
https://t.co/wezqce4xiz,1
https://t.co/wgoliorlcc,1
https://t.co/wgwmiiql6m,1
https://t.co/wh9wmmds2o,1
https://t.co/whjlwcqkb5,1
https://t.co/whks8apkj,1
https://t.co/wiqv4uxifd,1
https://t.co/wjbxpmtcrb,1
https://t.co/wjy7vwtumw,1
https://t.co/wlypxuunsd,1
https://t.co/wmpn6xvvko,1
https://t.co/wrfrgr26ao,1
https://t.co/wtwtextk60,1
https://t.co/wugslapt36,1
https://t.co/wux8velrgd,1
https://t.co/wuxkg2jcol,1
https://t.co/wvod7vyena,1
https://t.co/wvtglvvdgj,1
https://t.co/wwrawaxjnb,1
https://t.co/wydbweybgc,1
https://t.co/wypcymwexz,1
https://t.co/wyu6pj9iyf,1
https://t.co/wz41lri2bl,1
https://t.co/wzsdjzlhqx,1
https://t.co/x361j4phda,1
https://t.co/x3bxfrl7jm,1
https://t.co/x3zphlhjzr,1
https://t.co/x4fzzgjdj6,1
https://t.co/x87g7w0ynd,1
https://t.co/x8z1fbybi1,1
https://t.co/xa683i4msa,1
https://t.co/xaceqb4rhx,1
https://t.co/xajwujxe6i,1
https://t.co/xb2lswpjbi,1
https://t.co/xbhfluqfwi,1
https://t.co/xc1w3upjvn,1
https://t.co/xd1ltwretd,1
https://t.co/xdhxlekqyr,1
https://t.co/xdigqmfvzd,1
https://t.co/xfcdghnyo3,1
https://t.co/xfsoq5gstq,1
https://t.co/xg0d9flfqn,1
https://t.co/xilwvkj5ru,1
https://t.co/xjnooxs7ek,1
https://t.co/xofly5walc,1
https://t.co/xosiqe5u9j,1
https://t.co/xpfamuyhzb,1
https://t.co/xpyeyfan91,1
https://t.co/xq2kyvllkj,1
https://t.co/xr8sf3iqz,1
https://t.co/xs7ig5dkz3,1
https://t.co/xsyk9hsrku,1
https://t.co/xtm3mls7k,1
https://t.co/xtt43l6m0i,1
https://t.co/xulbg0qotz,1
https://t.co/xuol9dbi26,1
https://t.co/xv1yi2zuzf,1
https://t.co/xvkl4hqj2h,1
https://t.co/xvv36vkjhf,2
https://t.co/xwejahuzpj,1
https://t.co/xwkpcngtuk,1
https://t.co/xwljwgxiww,1
https://t.co/xwo2ulsr9x,1
https://t.co/xyesjpc9sr,1
https://t.co/xyl77c7ftz,1
https://t.co/y0sxq4ttj1,1
https://t.co/y0yn9dip1p,1
https://t.co/y4vxicterj,1
https://t.co/y7uy5idbaw,1
https://t.co/y9ybwebdgo,1
https://t.co/yaulpsmytq,1
https://t.co/yaz2fbeh11,1
https://t.co/yd5dwluts8,1
https://t.co/ydgzzpxeoq,1
https://t.co/ye9krhkbv9,1
https://t.co/yfizvl0e4j,1
https://t.co/yfss9hxzjr,1
https://t.co/ygnse2jvsr,1
https://t.co/yhivwdpicq,1
https://t.co/yjferkpccm,1
https://t.co/yjsvj02oem,1
https://t.co/ykg4lfyagf,1
https://t.co/ykr5lj8gmx,1
https://t.co/ykttwetu8k‚Ä¶,1
https://t.co/ymaqry5qxz,1
https://t.co/ymh22nmcwm,1
https://t.co/ymndz2fbrz,1
https://t.co/ynbu8jqnwq,1
https://t.co/ynru9xbobp,1
https://t.co/yogng0toge,1
https://t.co/ypbovn3vgc,1
https://t.co/ypsrffj58m,1
https://t.co/yrd6r37xkj,1
https://t.co/yst5awoor1,1
https://t.co/yswy7miwzp,1
https://t.co/ytdeb1sy1x,1
https://t.co/yuoxshjyr6,1
https://t.co/yw5tecrhmh,1
https://t.co/ywdsdorpyp,1
https://t.co/yzmudyo7qk,1
https://t.co/yzygjwvxza,1
https://t.co/z0bpzxu3jm,1
https://t.co/z18oeidinj,1
https://t.co/z1bayn0est,1
https://t.co/z1ykprk3qz,1
https://t.co/z2fziesyzt,1
https://t.co/z34nyog6,1
https://t.co/z3gaup20ro,1
https://t.co/z3ykll6zg4,1
https://t.co/z4g5rtpfuc,1
https://t.co/z6apxhtiw2,1
https://t.co/z6pskxrzji,1
"https://t.co/z6z0zhfp16,",1
https://t.co/z8i7qjml3o,1
https://t.co/z9phktpufp,1
https://t.co/z9uwrmrxzt,1
https://t.co/zagekyauga,1
https://t.co/zajld24c18,4
https://t.co/zbd5nlzbdx,1
https://t.co/zd3fpsa4y2,1
https://t.co/zd4fuzqffi,1
https://t.co/zdav8q3kpo,1
https://t.co/zecpiibot3,1
https://t.co/zedkoabzwm,1
https://t.co/zeoodrl563,1
https://t.co/zf2tsfx4c,1
https://t.co/zfbuilijti,1
https://t.co/zgm1dz7ic4,1
https://t.co/zgqpontygq,1
https://t.co/zh6lbollqa,1
https://t.co/zikeivgsgi,1
https://t.co/zjdxy4myit,1
https://t.co/zkbo9nj54t,1
https://t.co/zmekbbg9yz,1
https://t.co/zmfgp9tiev,1
https://t.co/zofvxsnlk0,1
https://t.co/zoggaqihpj,1
https://t.co/zpyx0qlkda,1
https://t.co/zpzoya0lyg,1
https://t.co/zrduoammlg,1
https://t.co/zs5ge4vzkc,1
https://t.co/zsgrhmjzyk,1
https://t.co/zsq75axdli,1
https://t.co/ztfz7gozfc,1
https://t.co/zuwfqzarb,1
https://t.co/zv8duj3pdf,1
https://t.co/zw1jjruqqv,1
https://t.co/zwylinoxww,1
https://t.co/zwzik3nrxh‚Ä¶,1
https://t.co/zxrroxzvj,1
https://t.co/zybgusvmbp,1
https://t.co/zygpcm6zrm,1
https://t.co/zzn1d0c28i,1
https://t.co/zzpdrut9rq,3
hu_capp,1
hubbi,3
hug,6
humblest,1
humor,1
hurrah!,1
hurrican,1
hurt.carislevert,1
husband,1
hustl,6
hwinkler4r,1
hxrryttv,1
"hype,",2
i,78
i'll,32
i'v,38
iambeauteymafia,1
iamsanmii,1
iamstilllamik,1
ibanmk5,1
ibm,1
"ice,",1
idea.,3
idea???,1
idealü§∑üèæ‚Äç‚ôÇÔ∏è,1
ideezu,1
identical.,1
idrtherbhuntin,1
igual,1
ij,2
ilias_katopodi,1
illquinton,1
"illuminating,",1
ilovebasketbal,1
ima,9
imagin,66
imblame,2
immediately...h,1
imo,14
imold,1
impli,2
important.,5
"impressed,",1
in-touch,1
inallair,1
inappropri,1
inclusion.,1
incom,1
incompetency.,1
inconsistency...,1
"incorrectly,",1
increasingli,2
incredible.,3
ind/bos:,1
indiana?,2
indianapolis.,1
indianast,1
indiffer,1
indycar.,1
ineffective.,1
inexperience.,1
inexperiencia,1
infieldathlet,1
"informative,",4
infract,1
infuri,3
"ingejmnz,",1
ingram!,1
inici√≥,2
inject,4
injured.,1
inplay,3
inquiri,2
insanƒ±n,1
inscrit,1
insidehoop,2
insta,1
instabal,2
instal,1
instead?,3
instigator.,1
instruct,1
"instructions,",1
intend,3
intense.,1
intensity.,2
interesante.,1
interest.,1
internet,10
interrupt,7
interrupt:,1
interviews?,1
intex2016,1
intrigue.,1
invented.,2
ipad,1
irishman,1
iron,7
"ironically,",1
irrational...,1
ir√°,2
"is,",10
is:,5
isol,2
isolated.,1
issu,25
issue.,6
istoriji,1
it!!!,3
it!!!!!!,1
it),1
it......,1
it.....warrior,1
it..mi,1
"items,",1
itsbrooooklyn,2
itself.,1
itsvincequinn,1
it‚Äôll,2
ivan!,1
iveemadol,1
izleyemiyorum,1
j-silk,1
j1ri_,1
j____smoov,1
j_kartch,4
j_kulha86,1
"jabbar,",1
jabronylin43,3
jackneumeyer1,1
jackpot!,1
jacksonvil,1
jacksouth25,11
jackthejoekr,1
jacob__nba,1
jacobpadilla_,2
jadubin5,1
jae‚Äô,1
jaff,1
jake,2
jakef919,1
jakethoden725,1
jakƒÖ≈õ,1
jam.,3
jamalmurray,1
jamalymanento,1
jamescagewhit,2
jamesdolan,1
james‚Äô,2
jamie!,1
jampackard‚Äô,1
jan,1
jare,10
jashawn_r,4
jaxgiant,1
jays_fan2,2
jayski,1
jaysonl56,1
jazznat,1
jazzvsrocket,2
jcmacrinba,1
jcuellarcomedi,1
"jeanie,",1
jeann,1
jeffboot,2
jefferson,1
jeffsmithabc7,2
jeffvangundi,1
jeito,1
jensen,2
jeopard,1
jerami,3
jeremiah,1
jergarciadotcom,1
jerk,5
jerryabasto,3
jerryxfeng,1
jersey,57
jesanchez_espn,3
jetz,1
jew,1
jewelri,2
jhgldkjfhfsjsldk,1
jillsophoto,1
jimcameron,1
jimmyspencerun,1
jjcoop36,1
jjfsindiana,1
jjt_journalist,1
jlr3,1
jmarshallfox13,1
joankollano,1
"job,",5
jodymacman,1
joebiden,1
joeflacgoat,2
joelosteen,1
joey_buttitta,1
joe‚Äô,1
jog,3
jogando,2
john,9
john3kevin,4
johnjohndy,1
johnshelby77,8
joke,41
jokes.,1
"jokic,",3
jokic:,1
jon,3
jonariel15,1
joncrisafi,1
jonnybgood09,1
jordanbpeterson,1
jordanhansen16,1
"jordans,",1
jory_mama,2
joseph:,1
joshgondelman,1
joshhagins5,1
joshuacaleb75,1
jouer,1
joycalhio,1
"jp,",1
jpeux,1
jrprince8,1
jrsbbq,1
jslaughter615,1
jsports_ent,1
jstraw_13,3
jsui,1
jtseibel,1
ju,6
juanca_bassi,1
juanleonardom12,1
juanpebarinaga,1
jubileeblai,2
judg,9
juega,4
juego,31
juegos),1
juicybank,2
"jumbotron,",1
jump-shoot,1
jumper,15
june,12
"just,",1
just..,1
justice!,1
justifi,7
justmaybechri,1
justtxyank,1
juug_stpatrick,1
jvg,3
j√°,1
k.c.,2
kadar,1
kadri,2
kaepernick,1
kaj33,7
kaldƒ±ƒüƒ±m,1
kanter????,1
kany,1
karrsampson14,1
kart,2
kawhileonard,5
"kc,pit,det",1
kc.,1
kcchiefs2199,1
kcousports!,1
kd,17
kdotmart,2
"kdtrey5,",1
kd‚Äô,1
keep,148
keg,1
keldon,1
keldonjohnson,1
kemba,12
kemcash11,1
kemdrickiamar,1
ken,1
ken_k_____,1
kenbrealtor,1
kendall‚Äô,1
kentucki,5
kentuckywildcat,1
kenvogel,1
kerr.,2
kevconnorsespn,1
kevindurantsbag,1
kevinharlan,1
kevinmassar,1
kevinpwint,1
kevon,3
kickoff,2
"kid,",1
kidd,6
kids!,1
"killer,",3
killin,3
kims,1
king_nko,1
kingjames,1
kingrangel23,1
kingslayer,1
kirksey,1
kjmsingleton,1
"kkkkkkkkkk,",1
klaythompson,5
klaythompson‚Äô,1
kleiman,1
klub.,1
klubowych.,1
kmccooberi,1
knee,20
knickan,2
kno,4
know.,14
knox,2
kobe,53
kodak,3
"kogut,",2
koji,1
"kombat,",1
korver‚Äô,1
krimd00t,1
krisplash,1
kristrevii,1
ksc02,1
ksubbaswami,1
kudo,2
kudos.,1
kumbaya,1
kupon,1
kurtenbach:,3
kuruttun,1
kyle!,1
kyrie!!,1
kyrieirv,38
l.a.,3
l/xl,1
l23,1
la,572
labardalla,5
labatt,1
labor,1
lac,18
ladesbet,1
"lakers,",7
lakers:,4
lakers‚Äô,2
lakersüëç,1
lakeshow?,1
lakesid,1
lament,1
lanc√©,1
land.,2
landofoto,2
lane,1
lanetasiempr,1
laplaquitanba,1
laquel,1
larg,5
"larga,",1
large.,1
larholifield,1
"last,",1
"lately,",2
launch,4
lavash,1
lawn!,2
lawrenc,1
lawrencebagwel,1
lax,1
layup....,1
la‚Äô,1
lbjamesharden,1
lck,1
ld2k,1
lead),1
leaderboard,3
league',2
league.,32
league??,1
league‚Äô,1
leah,1
leav,75
leave.,1
leavemealonetoday,1
lebron....nba,1
"lebrons,",1
lebron‚Äô,6
lebronüòû,1
lebrun...,1
lebum.,1
lee,2
left.,7
legacies.,1
legado,1
legal,5
"legend,",1
legendary,1
legitquest,1
lemon,1
lengthen,1
leomessi10_r,1
lerbron,1
lerners/nat,1
lesi√≥n,2
lesson,5
letsgetiton!,1
leur,3
level,56
lg.,1
lgm,1
library.,1
liderando,1
life.,25
lifeglutton,1
lift,5
lig,1
light!,1
lightn,10
lightning,2
like,920
like...,2
likeforlik,1
likes.,2
likey!!,1
lilard,1
lillard,100
lillard&gt;,1
lilllard,1
lilmaxwell_,1
lilnasx,1
limitless,3
lin,3
"line,",4
line:,7
liner,2
"lineup,",3
linkinbio,3
lion,2
listing:,7
lit!!,2
lit.,2
lit.nbamem,1
litt,2
litterali,1
livch,1
live&gt;&gt;,2
live?,1
"lmao,",4
lmao..,1
lmb,1
lmfao,5
"lnh,",1
lo,475
lo-down,1
lob.,1
local√≠a.,1
locker,10
locura,1
lodg,1
"logros,",1
"lol,",6
lolesport,3
lomachenko,1
lone,2
"long,",2
long-wind,1
longest,4
longtim,3
"look,",3
lookin',1
looks?,2
loop...,1
loose!,1
losangl,1
lose!,3
loser!,1
lospollostv,3
loss!,1
"lost,",2
lost...at,1
lou_chainz,1
loucura,1
loud.,1
louis,1
louis_mtt,3
louisvil,3
"louisville,",1
love/h,1
loveyoualway,1
love‚Äô,1
low.,2
lowe',1
lowe.,1
lower-seed,1
lowlight,1
lowri,103
lowry',2
lowry.,5
loyalti,3
lrubinson,1
lubiƒô,1
lucas!,2
luck.,1
"lucky,",1
lue',3
lue.,1
luka.,1
lull.,1
lunch,2
lushlife243,1
lusorfn,2
lut,2
luxury.,1
l‚Äôhistoir,1
l‚Äôoklahoma,1
macchio,1
machin,2
madalynnkusch3),1
madden,8
made...386,1
madness,1
madness..,1
madyssonmorri,1
maester,1
maga:,4
magia,1
magic!!,3
magic',4
magic.,2
magic/bird?,1
magic/tor,1
magic_pr,3
magicpaula,1
mahmoud,1
main,32
makerefsgreatagain,1
malcgooli,3
male,2
male...mast,1
malibu,1
mall,3
maluco,1
man',1
man.,31
man....stayhumbl,1
manner,1
mans.,1
manu!,1
manuplanetario,2
manyfacegambl,2
man‚òòÔ∏è,1
manüèÄüèÄüèÄüèÄüèÄ,1
marcealbano,1
marcellus...,1
marcosbreton,2
marcus_theatr,1
marcussmarf,6
margt,1
marin,4
marion?,1
mariuss2000,1
markeaton7ft4,1
market.,3
markjackson13,3
markjosephat,2
marklennonmus,1
marklevinshow,1
markschlereth,1
marlin,2
married.,1
marspasach,1
martin_mchi17,1
marv,6
marylene58,2
marys!,1
mascots.,1
"mashburn,",1
mass,5
massiv,9
massivemcnulti,1
massor,2
master,298
masterlive013,3
masters2019,1
masters?,4
masters?!,1
mastro!,1
matchup,39
math.,1
matinee.,1
matter.,12
"matters,",1
mattmoneysmith,1
mauricio!,1
mav,5
maxcohen11,1
"maybe,",2
maybe??,2
mayberealbrando,2
ma√ßƒ±,1
mbongi55,2
mc_httr,1
mccarthi,3
mcclamerton,1
mcconnel,4
mccourt,1
mcelvaneyandrew,1
mclaren.,1
mcw,1
mdeleon‚Äô,1
mdrrr,1
me,6
"me?),",1
mean?,1
mec,2
"medalist,",1
medicin,2
meeting.,1
meilleur,7
melissasulewski,1
melt..what,1
meltdown,1
meltdown.,1
member,20
memesdaili,1
memo,1
memori,5
memphi,4
men?nba,1
menhennetbd,1
menos!,1
mention),1
"mentor,",1
merch,2
merg,2
messi.,1
metaphor.,1
metro,3
me‚Äô,1
mfn,1
miami,21
michaelgrange),1
michaeljordan.,1
michaelo1000,1
michaelrapaport,2
michaelryanruiz,2
micheal_slc,1
michelejohansen,1
michisr,1
"mick,",1
mickeyknow,1
mid-gam,2
mid-major,1
mid.,1
middi,1
middle:,2
"middleton,",1
midst,3
mighti,8
mike_st4rr,1
mikefreemannfl,6
mikewellsnfl,1
mil,12
"mil/det,",1
milehighbasketbal,41
milehighbasketball,1
milehighc,1
millon,1
mills?,1
milvdet,1
milwaukee!,1
milwaukeeday.,1
milwaukeepolic,1
mimosas,2
mind,30
mindful,1
minds.,1
mindset,2
minnesotamunn,1
minutes.,13
minutes...,2
miscommun,1
miser,4
mismo,2
"missed,",1
mitch,2
mixtapemonopli,1
mjo23dan,2
mkevsdet,1
ml,36
"ml,spur",1
mlb.,13
mlb‚öΩÔ∏è,1
mlb‚öæÔ∏è:,1
"mls,",3
mlüí∞,1
mlü§ëü§ëü§ëü§ëü§ë,1
mmmm,1
moaning.,1
mock,8
moda,11
modacent,4
model,7
moderatev1,1
modo,1
moi-ci,1
molest,1
mom?,1
moment?,2
moments?,1
monet,1
"money,",9
money??,1
moneylin,6
moniqueruffin,1
monopol,1
monstatrezz,2
"month,",1
month:,1
months!,1
"moore,",1
morehous,1
morganpric,1
mormont,1
morning!,3
morris),1
morti,1
mose,2
motogp,2
"mouth,",1
"move,",1
movie‚Ä¶,1
movistarnba!,1
mpl,1
mr.,8
ms,1
"much,",6
much?!?!?,1
mueller,1
mugga.,1
muh_aleem,3
multi-year,3
mundo,4
muppet,1
murder,6
"murray,",3
murray:,1
"museum,",1
mustafarizvi93,2
mustang,1
mutant,1
mutual,3
muy,14
mvp!,3
mvp...üëÄ,1
mvps?,1
my.,2
mychal,1
myleagu,4
mynintendonew,1
myriad,1
mysteri,2
mystifi,1
m√≠tico,1
n'ont,1
nacaopatriotsbr,1
nacional.,1
nadi,4
"nah,",1
naima_nba,1
"name,",1
naptownseth,2
narcissist,3
nastiest,1
nat,2
nataliewein,1
"nate,",1
nathancowboys88,1
nathantford,1
nationcelticsig,1
nats/pir,1
nawh,1
naxuy,1
nazem,1
nba'in,1
nba(warrior,1
nba).,2
nba-profi,1
nba.....fuck,1
nba...but,1
nba...wel,1
nba/nhl,20
nba/utah,1
nba2019,7
nba2k20,1
nba2kprospect,1
nba?,77
nba_coach,1
nba_kee_,1
nba_lord,1
nba_mb,8
nba_mix,2
nba_nat_fr,2
nba_pass,3
nba_reddit],1
nba_whiteboy,1
nbabet,5
nbabrasil,2
nbadraftlotteri,3
nbaenlinea_,4
nbafin,3
nbafinals2019,1
nbafinals?,1
nbalivetheon,1
nbamedellin,6
nbaodd,2
nbapick,25
nbaplayoffsdetroitpiston,1
nbaplayoffs¬†nba¬†themasters¬†coachella¬†masterssunday,2
nbaplayoffs¬†¬†,2
nbasecondhalv,2
nbate,2
"nbatwitter,",1
nbaxespn,16
nba¬†highlight,7
nba¬†¬†¬†,1
nba‚Äã,1
nba‚Äô,45
nba‚Å†‚Å†,6
nbaüò™,1
nbaüôèüèΩ,1
nbc,18
nbc15,1
nbcgameofgam,1
nbcphiladelphia,2
nbcsceltic,2
nbcsphilli,4
ncaa‚Äô,1
nebraska,1
neck,5
need.,2
nefi,1
negative.,1
neg√≥cio,1
nerv,6
nerves.,1
ness,26
net?,1
nets),1
nets/six,1
netsdaili,3
netsony,1
netsports247,1
netw3rk,1
"neutral,",1
nevada_pack,1
never,250
neverheardofempod,1
new!,1
newli,1
newmusicsunday,2
news?,1
newsday,1
newsyoucanus,1
newyorkc,1
"next,",2
nfl,271
nfl/nba,2
nfldraft,3
ngaun,2
ngayon.,1
nhl',1
nhl.,12
nhlpodcast,2
nhlüèí:,1
ni,11
nic,2
"nice,",2
nicekick,1
nickrunsdf,1
nicolledwallac,1
"nigga1,",1
"night,",20
night...now,1
night:,14
nightlif,2
nikola‚Äô,1
nine,7
ninth-lead,1
nip',1
nip.,1
nitong,3
nitro,2
no.,42
no.2,1
nobodi,67
nobody:,4
nola2000,1
nom,1
"non-believers,",1
nonsens,4
nood,1
nooraty41,1
nope...nba,1
nostalgia,3
not,181
not..somt,1
notabl,8
notagame‚Ä¶,1
"note,",4
note:,2
notfadez,5
nothing!,1
notif,2
now),1
now?!,1
nowel,1
nowhere!,1
nowitzki‚Äô,1
nowstream,1
nowüòÅ,1
np,10
nsfw,2
nsh,1
nulo,1
"numbers,",2
numbers:,1
nurk,3
"nurkic,",1
nuts,1
nvm,1
nw,1
nycak,1
nycbirthdaycak,1
nyccustomcak,1
nycdaili,1
nydp_,1
nyk,6
nyy,1
n√£o,4
n√≥i,1
o...?,1
o/7.5,1
o/u,5
o109-110,1
o214,2
o53.5,1
o59,1
o6.5,1
oak,3
oak/tex,1
oakland.,6
oaklandlegaci,1
obama,2
obes,1
obscur,1
observeman24,1
obv,3
ocho,1
odd:,1
odds-on,1
odigranoj,1
odom,1
oest,2
of,4
offense‚Äîin,1
office',2
office.,3
official(s),1
officially...i,1
officiating.,1
offlarda,1
often.,2
ogie≈Ñ...,1
oglƒÖdam,1
"oh,",4
oh....,1
oh...and,2
ok?,4
okafor,1
okay?,1
okc!,1
oldfieldsosu,1
olga!,1
olsun,1
olvidoüèÄ,1
omaroneynba,1
omega,1
on!,11
on..,1
one?,4
oneplusoneis11,1
one‚Äô,1
oneüòÇ,1
onli,62
online:,2
"onlinegaming,",1
onmilwauke,2
ook,1
ooooh,1
opanowaniu,1
opened.,1
opener.,1
"openers,",1
openers:,1
opening!!!,1
openli,2
operation?,1
"operations,",2
opinionsnba1,1
oppon,10
opposite‚Ä¶much,1
oracl,15
orang,3
orbit,1
"orebs,",1
oreo,1
"organization,",1
orgi,1
origin,5
originalbayarea,1
ot,1
ot_podcasts,1
others.,2
ouiii,1
out!!,1
out.,31
outfreethrowshot,1
outgrow,1
outkick,1
outlier.,1
outnow,1
outperform,2
outs.,2
outshot,11
outtak,1
overdos,1
overhaul,1
overhyp,3
overlooked.,1
overmatch,1
overpow,3
overrated.,4
overseas.,1
overstuf,1
overthink,1
overturn,1
overview,1
overwhelm,3
ovr,1
own.,2
owners?,1
oynayan,1
p,3
"paaa,",1
pablo!,5
pac-12:,1
padr,12
pai,2
paixaonba,1
pala,2
palac,6
panic,2
pants,1
papagianni,1
paper,3
paquet,1
para-para-paradis,1
paranoid?,1
pare!,1
parents.,1
parents..........,1
paris-roubaix!,1
park,10
"parker-less,",1
parker/duncan/manu?,1
parlayqueen,1
parlent.,1
parler,1
parley,7
"part,",1
particularli,2
partidazo,2
partido.,3
parties.,1
partir,1
partli,1
part¬†2,1
pasa,2
pascalsouthsid,1
paso,1
past?,1
pastormatthage,1
pastur,1
patience.,1
patient,2
patriley,2
patterson?,1
pattymil,2
pauliedddddddd,3
pawel_kajak,1
"pay,",1
payout,2
payton,1
pbevballnprep,2
pc,1
pcer,1
peak.,1
ped,1
pedrocin!,1
pedroncinibruno,1
peezi,1
pega,1
pelicans‚Äô,1
pelota,1
pensez,1
peopl,225
people,1
people‚Ä¶hal,1
per,38
percentage.,2
percentil,1
perder,1
perezdaniel09,1
"period,",2
period:,1
periscope:,5
permanently.,1
person,48
perspectives.,1
peson,1
peteypho09,1
petland,2
pewni,1
pf),1
pg/sg,2
"pgs,magic",1
"phelps,",1
phenom,1
phenomen,6
phi,9
"phil,",1
philli,48
phillips),1
philly.,4
philly....and,1
phillydotcom,8
"phone,",1
photo:,2
phrase,5
phrase...defens,1
pick',1
pick-and-roll.,1
pick.,12
pickup,1
pierwsz,1
pillowbit,1
pinch,2
pinky_goat23,1
pioneer,1
pior,2
"pipoqueiro,",1
pirat,7
pistons-pac,1
pistons/buck,5
pistonsanalysi,1
pistonsvsbuck,3
pistons|l,1
pit,2
pittsburgh‚Äîsix,1
pizarra,1
pj,1
pj_miz,1
pkg,1
plafskey,1
plamsunday,2
"plan,",1
platform.,1
plaws,1
play.,23
play...so,1
playboy,1
player!üôå,1
player...first,1
player?!?!,1
playeress,1
"playing,",1
playoff-miss,1
playoffa,1
playoffs!,69
playoffs&gt;,1
"playoffs,...",1
"playoffs,th",1
playoffs.),2
playoffs..........,1
playoffs.....what,1
playoffs...gam,1
playoffs...got,1
playoffs...meh.,1
playoffs/,1
playoffs/fin,1
playoffs=,2
playoffs?!?,1
playoffs?!?!,1
playoffsilv,1
playoffs‚Äî&gt;got.,1
playoffsüèÄit',1
plays!!!,1
playstat,252
plummer,2
plummeted....,1
plupart,1
pm/et,1
pnl,1
podemo,1
podernfamili,6
podr,1
"poffs,",1
point?,4
pointers-,1
pointgod_0,1
"pointing,",1
points+,1
poison,1
politician,3
politiek,1
polo,2
poni,1
pontos.,1
poorleadership,1
pop,89
popcorn!,1
"pope,",1
popey,1
"por,",5
por:,2
porros?,1
porter.,1
portland',1
portland.,5
portpoweraz,1
porvsokc,1
poshmark:,2
poshmarkapp,3
positionlea,1
possess,14
possibly.,1
post-season,2
postemporada,13
posteralert,1
potential...but,1
potrafili,1
power,40
poza,1
po≈ºyczki,1
pq,1
"practices,",1
pran,1
pre-draft.,1
preced,1
preciat,1
"predictably,",1
predictions!thoughts?,1
predictions.,4
prefiero,1
premadonnas.,1
premier,59
"premiere,",5
"premiere...dang,",1
premierleague,2
prep,4
prepar,8
preparedtodomin,1
presentation.,2
president.,4
presser,4
pressers:,1
pretti,90
preview.,5
prickli,1
primekat32,1
"primelebron,",1
primer.,2
"primeras,",2
primetime!,1
princedf,1
princerathecat,1
prizepick,3
pro-basketball.,1
problem.,8
problems.,1
processwork,1
prof_mcarvalho,1
professionally.,1
professor_betz,1
"profited,",1
profootballtalk:,1
progeni,1
progression.,1
projector,1
promise:,1
promot,9
pronounc,1
pron√≥stico,3
prop:,1
prospects?,1
prospects??,1
protagonista.,1
protect,9
"protest,",1
protocol,2
proudüò©,1
provocar,1
pr√©tendu,1
ps3,1
psk,1
pto,1
public.,1
pue,6
puerta,1
pumorma,1
"pump,",2
punch.,1
punk,4
punterment,1
"puntos,",6
purchase.,1
pure.,1
puremagic.,1
purestinnosens,1
purgatori,3
purple‚Ä¶,1
purpos,8
q!,1
q4sport,1
qt.,1
qualifi,11
qualiti,10
quarter.,12
"que,",1
que...,1
qued√≥,1
"quererlo,",1
"question,",2
question:,2
questions!üòÇ,1
"questions,",2
questo,2
quevega,1
quickenloan,1
quickli,2
quiet,4
quilt,1
quinn,1
quippi,1
quit,63
qui√©n,128
quoi,4
r/nba,1
rabe31410,1
race-baiter.,1
race4specialo,1
racism,14
racism!,1
racist,6
radar,1
radar-,1
radio,20
radziwillle,1
rail,1
rainbow,1
rainier,1
rais,9
ramelh33,1
ramieistweet,1
ramonashelburn,2
range!,1
rank,39
rankings:,4
ranks.,1
rap/hiphop:,4
rapha_aguiarb,1
rapnew,1
raptors!,4
raptorsn,1
rated.,2
rather,36
ration,1
rattled.,1
raul!,1
raven',1
ravitalkssport,1
raw-,1
rbdarrel,1
rbpd5015,1
rbuehler,1
rcbchri,2
rd,10
re-cap,1
re-evalu,2
reach,22
reading!,1
readingpa,1
real?,1
realfansrealtalk...,1
realgranthill33,1
realis,1
realistically.,1
realiz,37
realiz√≥,1
"really,",1
"realpitino,",1
realskipbayless,17
reasonüî•üòÇ,1
"reb,",18
reb:,1
rebeccahaarlow,1
"rebotes),",1
rebound,57
rebound!,1
rebounds.,14
recap),1
receive:,2
recent,15
reclaimiguana,1
recogn,8
recognition/popular,1
reddish,4
redeem,1
redemption:,2
redick,4
"redlegs,",1
redmambayt,1
redsarmy_john,1
reebok,2
ref',2
ref.,4
reffs.,1
refresh,1
refs',1
refs.,9
refuge,1
reg,5
regard√©,2
reggiemillertnt,5
regul,3
reid,2
reincarnation.,1
relat,13
releas,14
relev,7
reli,4
relic,5
relief,2
religion,1
remak,1
remember.,4
reminder;,1
remnant,1
rencontr,1
rendit,1
repartida,1
repass,1
repetir,1
replytweet,1
report.,1
representant,1
republican,2
resalt√©,1
rescu,1
"researching,",1
resident.,1
resign,10
respons,12
ressembl,1
resuelto,1
result..,1
results,2
results?,1
resume.,1
retinalel,3
retirada,4
retreat,1
return,33
retweet,12
revert,1
revient,1
review,14
revolution,1
revolution.,1
revolvefestiv,2
rewind,1
rhe,2
rhj_24324,2
rib,1
ricch,2
richaltmanhwc,1
richeisen,2
richmond,3
rickbozich,1
right,258
right??,1
ring?,2
riot,2
rip,33
ripc,7
ripcity¬†,1
ripnipseyhussl,1
risen.,1
rivalidad,1
"rivers,",2
rivers:,3
rjochoa,1
rlli,1
road),2
roadrunners!,1
robabramowitz,1
robbradford16,2
robinson,26
"rock,",1
rockets.,4
rockstar,1
roco.,1
rod_bridg,1
roddi,4
rodney,2
rohannadkarni,2
"role,",1
romancewrit,1
romanelli_nba,2
romeovillekid,1
"rondo,",2
room?,1
"rose,",1
rosee2k,1
"ross,",1
roster).,1
rough,10
round.....,1
roundtwovintagesouthbeach,1
row!winn,1
roy...ü•¥,1
roy???,1
royalti,1
rtlicari,1
rtrspodcast,1
rua,1
ruben__ga34,1
ruffl,9
rui!,1
rui_8mura,1
ruin,32
rule,76
rulebook,2
rules.,10
rules/restrict,1
rumors:,7
run!!,1
run.,7
runner,5
runoff,1
runs.,1
russ,61
russell),1
russian,1
rwanim,1
ryanclauin,1
ryanfarris123,2
s7,1
s_helwick,1
sa,37
sabio,1
sabrimotti,1
sac,2
sacksimusprim,1
sacramentoproud¬†kingsallday,1
sacrif,1
sacrifici,1
sad!,1
sadli,1
safeti,2
sage,1
sagittariu,1
said?,1
sailboatstudio,1
saints?,1
saintsnpelican,1
"saison,",1
sakhi1m6,1
salrx95,1
samfree1992,2
samgannon,1
samochodem,1
samples!,1
samsutton11,1
samurai,1
sanantonio,9
sand.,1
sane,3
sara!,1
sarahspain,3
saspur,1
satin,8
saturday‚Äô,2
savior,2
saw!!,1
say..,1
saycheesetv1,1
saying?,1
sbbreaker,2
scale.,2
scale...,1
"scammer,",1
scandal,1
scapegoat,1
scene.,1
"schauffele,",1
schedule!,1
schedule‚Äîeven,1
schleep.,1
schlenk,1
scholarship,2
school,45
school!,1
school&gt;,1
schultz‚Äô,1
schwarber,1
scoopb,1
scooter,1
scorealert,7
scoreless,6
scorer...,1
scores&amp;rebs.,1
scoring?,1
scottag,2
scottferral,8
scottostl,1
scotu,1
scout.,1
scrap,2
scrape,3
scrappi,1
scrappyunderdogsforthewin,1
screen.,3
screens.,1
screenshot,2
screwdrivers,1
scrubs.,1
scythora,2
sean.,1
season!!!,3
season...yik,1
season?,4
seasons.even,1
seattle...,1
see,385
seed!,1
segment,1
seguida,1
seguido,2
segu√≠,1
seis,1
selection!,1
semifinals,1
sempr,3
send,34
senior-onli,1
senseless,1
sensherrodbrown,1
sensit,4
sentei,1
sergioc30_,1
seria,1
serie!,1
"seriea,",1
series.,74
series...,2
series.they,1
seriously.,3
seritten,1
service.,4
seth!,1
sethg_97,1
seven.,1
severim.,1
sexi,1
sexistidiot,1
sfgate,1
sfi,1
shade?,1
shai,3
shalaby_mik,1
shame,8
shap,1
sharethegam,3
shark,4
sharkytalk,3
sharon,1
sharpshooting.,1
shaw,1
shawdi,1
shawndre.,1
shawnietun,1
sheaserrano,2
shelalexand,1
shellshock,1
shhhh.,1
shiner,1
shirt!,1
shit,157
shit!!,1
shitsburgh,1
shittttttt,1
shnuboi,1
sho_billion,1
shock!!,1
shocker.,1
shoes!,1
shook_jon,1
shooot,1
shoot,206
shootaz,1
shooter?,1
"shooting,",6
shop,10
short.,3
shot-block,1
shotclock,1
shots??,1
shots‚Ä¶,1
shouldn‚Äôt,21
show,174
show-stopper.,1
showcas,1
shows.,2
showtimeeeee,1
showtimeplayz,1
si6,1
sicken,2
sickening.,1
side,27
sidelinesourc,1
sides.,3
siedzƒÖ,1
sift,1
sig,1
siguient,1
similar,16
similarli,1
simmons,3
simmons?,1
simonsa,1
simple.,3
"simplistic,",1
sin,18
sin_city_803,1
sinbinvega,1
sinc,202
since.,1
singl,47
sinto,1
sirajahashmi,2
sirfranksnbacon,2
sirven,1
sixers-net,3
sixers?,1
sixersadam,5
skeeprofit,1
skillset,1
skin,14
sko,1
skoooo!,1
skrrrcobain_,1
skylark,1
slack,5
slander,10
slav,1
"sleep,",1
sleeper,3
"sleeps,",1
slept,6
slogan:,1
slower,2
smackwhit,1
small-market,1
smallstream,2
smallstreamersconnect,1
smarrella,2
"smartest,",1
smart‚Äô,1
smell,2
smh.,10
smith,18
snatch,2
sneak,4
snet,1
snooz,1
snowi,1
snuff,4
so,12
"so,should",1
sobreprotecci√≥n,1
socc,3
soccer.,2
soccersunday,1
"socks,",1
sofa!!!,1
soft....it‚Äô,1
soft?,1
softbal,2
soir√©,1
sojourn,1
sold,8
solid.,3
"someone,",1
someonesanidiot,1
something?,2
something‚Äô,1
somo,3
"song,",1
sonsabitches!!,1
soon?,1
soooonohead,4
soooooo,1
sorprendieron,1
sougofollow,2
soul,5
soulbeautifulm,1
souljaian,1
sound,43
source.,1
sous-estim√©,1
southwestair,1
sox,17
spacecity4lif,2
span,1
spare,4
speaker,3
specif,8
specul,4
spellman.,1
spieth,1
spirit.,1
splash,2
splash!,1
"spoiled,",1
spoke,1
spoon,1
sports5ph.,1
sportsbook,13
sportscak,1
sportsgamingg,1
sportssunday,1
sportstip,1
sportwear,1
spot.,1
spread,19
sprint,1
spur!,1
"spurs,",6
spurs-nugget,1
spurs/nugget,5
spurs:,1
spurs_nat,1
spursgam,1
spursnat,8
spursvnuggets,1
sqaur,1
squadgoal,1
squads).,1
sro,2
ss2019,1
sseupodcast,1
st8,1
"stages,",1
stakehold,1
stanley,32
starless,1
start!,4
started?,3
"starting,",1
starts.,4
startsher,1
stat,52
state.,9
state...,1
stateboyz,1
statement,5
station,5
stats.,1
stats..but,1
statue.,1
stbbrnjckass,1
steal.,1
steamrol,1
stefondigg,1
stein,3
step!,1
stepback,2
stepdad,1
steph?,1
stephenson,1
steve.,1
steven_hyden,1
stevens‚Äô,1
steviebrowndf,1
sticker.,1
still?,2
stillü§¶üèø‚Äç‚ôÇÔ∏è,1
stjohnsbbal,1
stlblue,1
stlwizard,1
stood,4
stoolpresident,1
stori,52
storms.,1
story.,8
story...,2
strain,1
"strangely,",1
streaming!!!!&gt;,1
streamü§≥,1
stretch,13
stripe,1
"strong,",1
struggling!!!,1
stub,1
student,6
stunner,2
stupacsback,1
su.,1
sublime.,1
submit:,2
subriawhitak,1
subscribetopewdiepi,1
subscript,1
subsidies.,1
suck.,6
sum,6
sumar.,1
summer?,2
sun!,1
"sunday,",33
sunday..just,1
sunday:,11
sundaymorn,7
sunday‚Äô,10
supera,1
superbowl,2
"superstars,",1
supersunday,1
supplier?,1
support!!!,1
supremacist,1
supremac√≠a,1
supremeteam,1
surcot√©,1
surprised?,1
surprises.,1
"surprising,",1
surprizƒÉ,1
surreal.,1
suspensionü§∑üèæ‚Äç‚ôÇÔ∏èüòÇ.,1
swag,2
swan,1
sweat,9
sweatshirt.,1
sweeeeeet,1
sweep?,1
sweeter,1
swiish_nigga,1
swishanalyt,1
switch,27
swollenmemb,1
swshgtn24,1
synthet,1
system,19
"szn,",1
szn‚ÄºÔ∏è‚ÄºÔ∏èhttps://t.co/vksfds04cu,1
s√©rieus,1
"s√≠,",1
s≈Çabej,1
s‚Äî',2
t'on,1
t...,2
tacdefi,1
tack,2
taco901m,1
tacobeiigawd,1
tacosnslurpe,1
takenote,1
"takers,",1
takip√ßiniz.,1
tale,1
talentosa,1
talents,1
talentüòÇüòÇüòÇ,1
talk.,6
talk...,1
talkngrubb,1
tall,3
tan.,1
tanderson81,1
tarastafford,1
tarde-noch,1
task.,1
tavanpark,1
taxes.,1
taylorhenry9,2
tbe,1
tcpalmekil,1
tdawgtooboii,1
te,125
team;,1
teambev,1
teamiseveryth,25
teammate.,1
teammate??,1
teams,1
teams!,2
"tear,",1
"tears,",1
tearzy9,1
"teaser,",1
tec,1
"technically,",1
technicals.,1
"tee,",1
teenag,1
teklisi,1
telecast,1
tema,1
template!,1
temporada.,1
"temporary,",2
tenement,2
tenur,4
term.,1
terrenc,1
"test,",1
tfg_footbal,1
tha,3
"thanks,",2
that..,3
thatboytoniotho,2
thats_offsid,1
the20doubl,1
the901sgreatest,2
thebrooks101,1
thebsolz,1
thecelticswir,1
thecloseupmag,1
thedailyrem,2
thedemcoalit,1
thee,1
theempbruh,1
theesignman,1
thefinnish,1
thegooddoctor,1
theharold1,1
theherd,4
thehornatx,1
thehungrycondor,2
thelendynasti,2
them!,2
them!!,1
themuthaluv,1
"then,",5
"then-teammate,",1
then:,2
thenbpa,2
theplayoffs‚Ä¶,1
theponiexpress,5
theraptor,2
thereald,1
thereallefthook,1
therealrachelin,1
therealwiseon,1
thes,5
thescorex,1
thesix,2
thetroyjohnson,1
thewashedyt,3
they.,2
theylovemyeth,1
they‚Äôd,8
they‚Äôr,52
thin,4
thing?,1
things),1
"think,",4
think.‚Ä¶,1
thinking.,2
this!!!,1
this?,20
this?!,1
this_vid,1
thisischinooo,1
thisisjmichael.,1
thisismycrew,2
thisiswhatitsallabout,1
thisss,1
tho,34
tho...,4
thoma,3
thooorin,1
thorn,1
though,48
"thought-provoking,",1
thought:,1
thread.,1
three,150
three-point,14
thrones!!!!,1
thrones!?,1
thrones?!?,1
throwback,3
"throws,",1
thru.,1
thugs.,2
"thunder,",12
thunder:,2
"thunderstorms,",1
thunder‚Äô,3
tie,28
tienen,3
tiger!!!,2
tiger?,2
tigered!!!,1
tigers!!!,1
tigerwoods!!!,1
tighten,1
til,11
timber,3
time!!!,2
time!?!?!?,1
time?,6
"timeline,",2
timeline:,1
timeüöÄ‚ÄºÔ∏è,1
timid,1
timothi,1
tip-off.,1
tipoff,5
tirad,1
tirar,1
tired.,1
tirico,1
tirilla,1
titulair,1
tk.,1
tkwin,3
tl,2
tmdillo5,2
"tn,",1
"tnt,",4
tnt:,3
toda,6
today!46daystilthenbafinalsin2019,1
today!67daystilthenbadraftin2019,1
"today,",39
today...,6
today..what,1
today:,15
today??,1
todaysgonnabeagoodday,1
todayswinpick,1
toddcollins_25,4
todo,26
"together,",1
tokyo,4
toll,1
tomador,1
tomiiriarte13,1
tommygriff13,1
toney.,1
tongu,3
tonight!,23
tonight!!!,1
tonight..,4
tonight....nba/nhl,1
too,35
"tool,",1
tools:,1
top!,2
topics:,1
topper,1
top¬†nugget,2
tornado,12
toronto!?,1
toronto&gt;,1
torontoev,2
torquie,1
toss,13
toss-taint,1
"tough,",2
toujour,2
tournament,24
tout,13
touting.,1
town,10
"toxic,",1
toycollector‚Ä¶,1
toysofinstagram,1
track.,2
trade),1
trademark,1
tradeo,1
tragic.,1
"trailer,",1
"trailers,",1
trainer.,1
"trams,",1
tramst0p,1
transcend,1
transi,1
transmiss,1
transmitir√°,1
transparent_jj,1
transport,1
"trash,",3
traspaso,1
travtalkssport,1
trbox,1
treatment.,2
trendi,2
trevorr77,1
treys_dead,1
trick,3
tries!,1
trio,3
triple.,1
triplista,1
trippin,1
trophy!,1
"trot,",1
trouble.,1
trounc,1
trouv,1
trouver),1
trouver...,1
troy,1
truecreatorofdestinyschildtrademark,1
truli,21
trustahmerzprocess,1
trusttheprocess,3
truth!!!!,1
truthero81,1
truths..,1
"tryout,",1
ttfu!!,1
ttuhoopsfan,2
tucker.,2
tuna,1
turnover/fast-break,1
turtles.,1
tvo,1
tv‚ÄºÔ∏è,1
"twins,",2
twitter,161
"twitter,",3
twitter:,2
twittersport,1
tx?,1
tyjohnsonnew,3
tylergriffen1,1
tyleriam,5
tylerligma1010,1
tym,2
typa,1
tyri,1
tysonbeckdesign,1
t√©rmino,1
u...so,1
u/panthermuscl,1
u213,1
u9.5,1
uber,4
uberdick,1
uclaanderson,1
ugh.,1
ugliest,5
uhnotevenclos,1
ukrulesall1,1
ulubioni,1
umass,3
umbcathlet,1
umiejƒôtno≈õci,1
ummm...,1
ummmm,2
unaccept,3
unauthor,1
unc!,2
uncletricky1,1
unclutch,1
undeniable.,1
under213.,2
underachiev,2
underneath,1
understood,1
underway!,4
undisputedli,1
uneduc,2
unemploy,3
unev,1
unfair,6
unfairli,1
"unfortunately,",1
uni,6
"united,",1
universalsportshub,1
unlimit,5
uno.,1
unpopular,4
unreal!,1
unreason,1
unrecogniz,1
unsatisfi,1
unsign,1
"unstoppable,",1
unstoppablebaby.,1
until,5
unto..,1
uofl/uk,1
uograd66,1
up,14
"update,",1
update:,2
updated,1
updateduk,1
uprise!,1
upsetc,1
"upsets,",11
upsetsü§Øü§Ø,1
urgency;,1
us!!!,1
us?!,1
usa,10
useless,3
usher,2
uslmem,1
usmcamonterrey,1
"usual,",2
utah,66
utavsh,2
util,1
utiliserait,1
v.,13
vader,1
valid,5
valu,21
var,4
variant,1
vaticinios.,1
vaulabl,1
vaxt,1
vbxpehuh,4
vegan,2
vegassquar,1
venden,3
venir,1
ventil,2
venu,2
"veo,",1
verdi.,1
veri,18
verlo,1
versa,1
versatil,4
version),1
"very,",1
vest,2
vet,7
veteran,6
via,300
vicstur14,1
victoria,24
vida,2
videoüö®üî•,1
vietnames,1
viewfromvega,2
views!,1
viewsopinion,1
vig√©simo,1
vile,1
vincent_ellis56,1
vincentfranknfl,1
violenc,2
virginia,3
visage.,1
visionado,1
"visit,",1
vivir√°n,1
vogel,1
voice.,1
volvieron,1
voy,4
vron006,3
vs.,257
vsinliv,3
"vucevic,",1
vwa,1
v√°mono,1
w,48
w/brown,1
w/golf.,1
w/l,1
w/out,1
w/seattlerick206,1
w/today‚Äô,1
waaay,1
wade!,1
wait..,1
wait....,1
wala,1
walden:,1
waldo,2
wallys_world,1
walters_dom,1
"war,",1
warmer,2
warnings/watch,1
warrior,728
warriors).,1
"warriors,",22
warriors:,4
warriors‚Äô,16
wash,5
wasnt,7
wasn‚Äôt,37
wasn‚Äôt.,1
watching!,1
watching...,1
"water,",2
waterboy.,1
wattba,1
wave.,1
"way,",13
way:,1
wbuik,1
wc,1
wcpo:,1
we'd,1
we'r,27
weak.,13
weakest,9
weaknesses.,1
web:https://t.co/kvtk0jsnzlüëå,1
webshop,1
website!,3
wed,5
week!!!!,1
week's..https://t.co/qvrlqsusdw,1
week-,1
weekend!,9
weeks,1
weeks!,1
wegrowbasketballher,1
weird,32
weirdo?,1
wel..,1
welcome.,1
well?,1
"were,",3
wesleychannel,1
westbrook/georg,1
western...,1
westernconfr,1
westindianba,1
weterfor3,1
wfan660,2
what,314
what!?,2
whatev,14
whatsoev,1
whatwouldjoedo3,1
what‚Äô,32
wheel,2
wheelhouse.'',1
where?,1
whi,113
whichev,1
"while,",1
whine,4
white?,1
whiteprivilege,1
"whitesox,",2
who',15
who.,1
whoahhh,1
why'd,1
"why,",3
why:,1
"wife,",1
wifey,1
wilkens:,1
wilkin,2
will.,4
williams?,1
wilotteri,1
wilsonjet77,1
wilt,7
win!,23
win/los,1
windycity‚Ä¶,1
wing,8
winless,1
winner..,1
winnerüè∑Ô∏è,1
winocarpent,1
winorlosewebooz,1
wins?,2
wise.,1
"wish,",1
wit,36
within,11
"without,",1
wizards‚Äô,2
wob,1
wojespn,6
wolff?,1
wolv,1
won....,1
won?,1
wonder,48
wonder1369,2
"wondering,",1
woo!!,1
woodofbeen,1
woods‚Äô,1
woofin‚Äô,1
wooooods,1
wooooooooooo.,1
worcest,4
word,15
work,160
worked..wel,1
working!,1
world?,1
worldstar,3
worldwidewob',1
worse.,6
worstcal,1
worthi,3
worthy.,1
wouldnt,3
would‚Äôv,23
wow,48
wow...,1
wowzer,1
wpt,3
wq,1
wrap:,1
"wrestling,",1
wright2014,1
writer,12
written,8
"wrld,",2
wrong?,1
"ws,",1
wsandretto,1
wta,1
wtf?,4
wth,2
wwe.,4
wwenetwork,2
wwf,1
x1000,1
xD,1
xavier,1
xbx1..,1
xfiniti,1
xplicitathlet,1
xplicitedit,1
xrobspunchinbag,1
xtianp,1
"xxxtentacion,",2
y'al,1
y/o,1
y0imhungri,1
yacht,1
yal,1
yamandeniro,1
yank,3
yankees/r,1
yanksony,1
yayyyyyi,1
yb__trec,1
yeah!,1
year??,1
years,2
years!,4
years...,1
years...nba,1
yeeeeee,1
yella,2
yelp,5
yessir,1
yessssssssss,1
"yesterday,nba",1
yet!!!,1
yet.,13
yikes.,1
yo...,1
yooo,3
yoooooomoma,1
yooooooooo,1
yophilly500,2
yorumla(ya)mayan,1
you'r,17
"you,",13
you....,1
you??,1
"youngboy,",5
youngboy:,2
youngsta,1
your,50
yourdailyedge.,1
yourself?,2
youth/community.,1
youtubepodcast,1
you‚Äôd,8
you‚Äôr,132
yr,17
"yrs,",5
ytd,4
yuck,1
yungaim,1
yvesdarbouz,1
yvng_hov,2
z-wade,1
za,2
zac,1
zachlavin,1
zeeta!,1
zig,1
zion,20
zipchair,1
zissou,1
znc_nba,3
zone,5
zosta≈Ç,1
zu.,1
z…ôd…ôl…ônm…ôy…ô,1
{50-32},1
|12,1
|8,1
~,2
¬ødeber√≠a,1
√â,3
√ßa,12
√©quip,3
√©tudier,1
√©videm,1
√∫ltima,1
√∫ltimo,7
√∫nico,6
√ºber,1
ƒçetvrti,1
≈üu,1
Œ¨ŒªœâœÉŒ±ŒΩ,1
Œ≠œáŒøœÖŒºŒµ,1
Œ±Œ≥ŒøœÅœéŒΩ,1
Œ±œÄœå,2
Œ≤œÅŒ¨Œ¥œÖ!,1
ŒµœÄŒπœÑœÖœáŒØŒ±œÇ.,1
ŒµœÖŒ∫Œ±ŒπœÅŒØŒµœÇ,1
ŒºŒ±œÇ,2
ŒºŒµ,3
ŒºŒµŒ≥Œ±ŒªŒø,1
ŒøœáŒπ,1
œÄœÅŒøœÇ,2
œÅŒµ!,1
"œÉŒµŒπœÅœéŒΩ,",1
œÑŒøœÖœÇ,3
–Ø,1
—á—Ç–æ,1
◊ê◊ë◊ú,2
◊ê◊ô◊†◊ì◊ô◊ê◊†◊î,1
◊ë◊ô◊ó◊ì,1
◊ë◊û◊©◊ó◊ß◊ô,1
◊ë◊®◊ï◊®,1
◊î◊ò◊ï◊®,1
◊î◊û‚Ä¶,1
◊î◊†◊™◊ï◊ü,1
◊î◊¢◊ï◊†◊î?https://t.co/qa0bs9gr0l,1
◊ï◊ó◊¶◊ô,1
◊ñ◊î,1
◊ô◊©◊™◊†◊î,1
◊ú◊ô◊ú◊î,1
◊û◊ò◊®◊™,1
◊û◊ß◊®◊ô.,1
◊°◊ô◊§◊®◊ï,1
◊§◊ó◊ï◊™,1
ÿßŸÑÿ®ÿßŸÉÿ≥,1
ÿßŸÑÿ´ŸÑÿßÿ´Ÿäÿßÿ™,1
ÿßŸÑÿ¨ŸÖŸáŸàÿ±,1
ÿßŸÑŸÖÿ®ÿßÿ±ÿßÿ©.,1
ÿßŸÑŸÖÿ≥ÿ¨ŸÑÿ©,1
ÿßŸÑŸàŸÖ,1
ÿßŸÑŸâ,2
ÿßŸÜŸÜÿß,1
ÿßŸà⁄§ÿ±,1
ÿ®Ÿàÿ≥ÿ∑ŸÜ,1
ÿ®Ÿäÿ±ÿØ,1
ÿµÿØŸÇŸÜŸä,1
ŸÅÿ±ŸäŸÇ,1
ŸÑÿßÿπÿ®,1
ŸÑŸÑÿ£ÿ≥ŸÅ,1
ŸÑŸÑÿ´ŸÑÿßÿ´Ÿäÿßÿ™,1
ŸÑŸàŸÇŸà,1
ŸÖÿß,2
ŸÖÿ®ÿßÿ±ÿßÿ©,1
ŸÖÿ±Ÿá,1
ŸÖÿ¥ŸàŸÅÿ¥,1
ŸÜŸÇÿØÿ±,1
Ÿàÿ™ÿ±ŸÜ,1
‚Äîimpact,1
‚Äîredempt,1
‚Äîsupport,1
‚Äî‚Äî‚Äî‚Äî,1
‚Äî‚Äî‚Äî‚Äî‚Äî‚Äî‚Äî‚Äî‚Äî‚Äî-,1
‚ÄòI,2
‚Äòbig,1
‚Äòeveri,1
‚Äòfrustrating‚Äô,1
‚Äòs,3
‚Ä¢$5...,2
‚ÄºÔ∏è‚ÄºÔ∏è‚ÄºÔ∏è‚ÄºÔ∏è‚ÄºÔ∏èü§¶üèæ‚Äç‚ôÇÔ∏è,1
‚Å†,4
‚Å†‚Å†,8
‚Å¶detroitpistons‚Å©,1
‚Å¶helenenothelen‚Å©:,1
‚Å¶spurs‚Å©,1
‚Å¶usatoday‚Å©,1
‚Å¶ybc_15‚Å©,1
‚åö‚åö,1
‚åöÔ∏è,7
‚î≥‚îª|‚äÇÔæâ,1
‚ñ™Ô∏èjet,1
‚ñ™Ô∏èyanke,1
‚ñ´Ô∏è2019,1
‚óæÔ∏èworst,2
‚òÖ,1
‚òòÔ∏è‚òòÔ∏è,2
‚òòÔ∏èüçøüòé,1
"‚òùüèæ,",3
‚ô£Ô∏èmileag,1
‚ö†Ô∏èfree,1
‚ö°‚ö°‚ö°,1
‚ö°Ô∏è,11
‚öΩÔ∏è,3
‚öæ,6
‚öæÔ∏èmlb,4
‚öæÔ∏èrakuten,1
‚öæÔ∏èüá∫üá∏mlb,1
‚öæÔ∏èüèÄ,1
‚õ≥Ô∏è,7
‚úÖ‚úÖ,1
‚úÖüèÄüçÄ,1
‚úäüèΩüôåüèΩüôåüèΩüôåüèΩ,1
‚úäüèæ.,1
‚úåÔ∏èbadforbasketbal,1
‚úåÔ∏èÔ∏è,1
‚úåüèæ,1
‚úîÔ∏è,10
‚úîÔ∏èüîíüí∞,2
‚ùÑÔ∏èüó°üëë,1
‚ùåm√°,1
‚ùåüß¢,1
‚¨áÔ∏è,5
„Åì„Çå„ÅØ„ÇÇ„Çâ„Å£„ÅüÔºÅ„Çà„Éº3ptÂÖ•„Çã„ÇèÔºÅ,1
„Å¶„Åãkd„Å®„Éì„Éê„É™„Éº„ÇÇ„ÅØ„ÇÑ‰ª≤ËâØ„Åó„Å†„Çç,1
„Ç´„É™„Éº„ÅØnbaÊ≠¥‰ª£ÊúÄÂº∑ÈÅ∏Êâã„ÇÑ„Çç,1
„Çπ„Éù„Éº„ÉÑÂ§ßÂõΩ„Ç¢„É°„É™„Ç´„ÄÇnfl„ÄÅmlb„ÄÅnhl„ÄÅnba„ÄÇ„Å©„ÅÆ„Çπ„Éù„Éº„ÉÑ„ÇÇ„Çπ„Çø„Ç∏„Ç¢„É†„Åå„Å©„Å¶„Åã„Åè„ÄÅ‰∏Ä‰ΩìÊÑü„ÇíÂë≥„Çè„Åà„Åæ„Åô„ÄÇ„Åú„Å≤ÁîüË¶≥Êà¶„ÇíÔºÅ,1
„Éû„Ç∏„ÅßÈ†ëÂºµ„ÇåÔºÅÔºÅÔºÅÔºÅÔºÅÔºÅ,1
„É¢„É™„Çπ„Åå12ÂæóÁÇπ„Å®ÁàÜÁô∫„Åó„Å¶„ÇãÔºÅÔºÅ,1
„É™„É©„Éº„Éâ„ÄÅ„Åï„Åô„Åå„ÅÆ„É¨„É≥„Ç∏„Å†„ÄÇ,1
„É≠„Ç∏„Ç¢„ÉºÔºÅÔºÅÔºÅÔºÅÔºÅÔºÅ,1
‰∫àÊÉ≥...,1
‰∫àÊÉ≥...chri,1
‰∫§Âèã,1
‰ºëÊñØÈ°ø,1
Âì•‰ø©ËøôÂú∫ÊâìÂæóÁúüÂ•Ωüëèüëèüëè,1
Âº∑„ÅÑ„ÉÅ„Éº„É†„ÅØ„Åù„Çå„Å†„ÅëÈ≠ÖÂäõÁöÑ„Å™„Éê„Çπ„Ç±„ÉÉ„Éà„Åó„Å¶„ÅÑ„Çã„ÅÆ„ÅßÂ•Ω„Åç„Å´„Å™„Çã„ÅÆ„ÅØËá™ÁÑ∂„Å™‰∫ã„Å†„ÅóÂº±„Åè„Å™„Å£„Åü„ÇâË¶≥„Å™„Åè„Å™„Çã„ÅÆ„ÇÇËá™Áî±„ÄÇ,1
Êò®Êó•ÔºàÊó•Êú¨ÊôÇÈñì„Åß„ÅØ‰ªäÊúùÔºâ„ÅÆË©¶Âêà„ÅÆÊßòÂ≠ê„Çí„ÄÅÊó•Ë®ò„Å´Êõ∏„ÅÑ„Åü,1
Áü•„Å£„Å¶„ÇãÊñπ„Éû„Ç∏„ÅßÊïô„Åà„Å¶„Åª„Åó„ÅÑÔºÅÔºÅÔºÅ,1
ËÄÉÂØü,1
ÈòøÂ§´ÈáåÂÜÖÊñØËΩ¨ÂèëÊé®ÁâπÔºöÈõ∑ÈúÜÔºåËÆ©Êàë‰ª¨ÂâçËøõ,1
Î£∞Í≥º,1
Î™®Î•∏Îã§Í≥†,1
Î¨ºÎ°†,1
ÏïÑÎäî,1
ÏïÑÎãàÎùºÎäî,1
üÖ±Ô∏èrazi,1
üåû,2
üçÄ‚òòÔ∏èüçÄcash,1
üçÄüçÄüí™,1
üéñ‚úä,1
üé¨üê∞easter,1
üé∂:,1
üéΩ:,1
üèÄ,161
üèÄ3u,2
üèÄcelt,1
üèÄokc/portland,1
üèÄpiston,1
üèÄreport:,1
üèÄutahjazz,1
üèÄüå∂Ô∏è,1
üèÄüéñ,1
üèÄüèÄsources:,1
üèÄüèÄüèÄüèÄ,1
üèÄüí¶,1
üèÄüíª,1
üèÄüì∫üôèüèΩüòÅ,1
üèÄüòÇüíØ,1
üèÄüôèüèºü§ôüèºüíØ,4
üèÅüèÅ,1
üèÜ.,1
üèá,1
üêê?,1
üëÄüëÄüëÄ,4
üëÄüëÄüëÄ‚Å£,1
üëáüèæüëáüèæüëáüèæüëáüèæüëáüèæ,1
üëà,1
üëåüèª,2
üëåüî•,2
üëçüèæ,2
üëçüèækylekorv,1
üëçüò±,1
üëéüèøüëéüèø,1
üëè,6
üëè‚úå,1
üëèüèΩ,3
üëèüëèüëè,7
üë®‚Äçüíªüìà,1
üëπ,1
üíÄ:,2
üíÄüí™üèÄüí∞,2
üíÖ,1
üí£nba,1
üí¶üí¶üí¶üí¶üí¶üí¶üí¶üí¶‚Å£,1
üí®,1
üí©üí©üí©,1
üí™üèº,2
üí™üèΩüöÇ,1
üí™üëå,1
üí™üßê,1
üí´üíØ,1
üíØ,21
üíØnaylewnski,1
üíØ‚õ≥Ô∏è,1
üíØ„ÄΩÔ∏èüêØüêæüèÄü§üüèΩ,1
üíØüî•‚ÄºÔ∏è,1
üí∞spur,1
üí∞üí∞,2
üí≥ü§ë,1
üì∫,19
üì∫üèåüèΩ‚Äç‚ôÇÔ∏è,1
üì∫üì∞‚õÖüèëüèåüèÄ,1
üîà:,1
üîõ,1
üî•üèÄ,1
üî•üíØ,1
üî•üòÇüòÇüòÇüòÇüòÇüòÇüòÇ,1
üî•üôå,1
üî•üö®new,1
üî•üö®üåü,1
üï¥,1
üòÄ.,1
üòÅ,6
üòÇ!,1
üòÇüî•üî•üî•üî•üî•,1
üòÇüòÇ,44
üòÇüòÇ.,1
üòÇüòÇüí°,1
üòÇüòÇüòÇüòÇüòÇ,4
üòÇüòÇüòÇüòÇüòÇüòÇüòÇüòÇüòÇüòÇüòÇüòÇüòÇüòÇüòÇüòÇüòÇ,1
üòÇüòÇü§£,2
üòÇüòÇü§¶üèΩ‚Äç‚ôÇÔ∏è,1
üòÇüòÇü§∑üèΩ‚Äç‚ôÇÔ∏è,1
üòÇüôèüèæ,1
üòÇü§£üòÇü§£üòÅü§£,1
üòÖü§£üòÖü§£üòÇüòÖ,1
üòà,4
üòå‚úäüèæ,1
üòçüòçüòçüòçüòçüòçüòç,1
üòçüòçü§ßü§ß,1
üòçüôåüèª,1
üòéüòéüòéüòéüòéüòéüòé,1
üòè,6
üòëüòÖ,1
üòù,1
üò¢üò¢üò¢,1
üò§,10
üò§üò§üò§üò§,1
üò™you,1
üò´,1
üò¨üò¨,2
üò≠go,1
üò≠nba,1
üò≠üòÇüòÇüòÇ,1
üò≠üòÇüò≠üòÇüò≠üò≠,1
üò≠üò≠üò≠,5
üòÆ),1
üòØü§≠,1
üò±üò±üò±,1
üò≤,4
üò≥üçÜnbaontnt,1
üòµü§¶‚Äç‚ôÇÔ∏è,1
üòπ,1
üôÑ.,1
üôå,4
üôåüèºüôåüèº,1
üôåüèΩ,2
üôèüèÄ,1
üôèüèæüèÅ,1
üöÄü¶åüçÄü§î,1
üöó,1
üö®all,1
üö®blakegriffin23,1
üö®ep.,1
üö®mlb,1
üö´.,1
ü§îüò≤üò¨üò∞,1
ü§ï,1
ü§óü§©ü§™,1
ü§ûüèº,1
ü§¢ü§Øü§Æü•∂take,1
ü§£,17
ü§£üòÇü§£üòÇüòÇ,1
ü§§ü§§,1
ü§¶üèª‚Äç‚ôÄÔ∏è,2
ü§¶üèΩ‚Äç‚ôÇÔ∏è,16
ü§©üëèüëèüëè,1
ü§™,3
ü§™ü§™ü§™,1
ü§´ü§´,1
ü§∑üèª‚Äç‚ôÄÔ∏è,1
ü§∑üèª‚Äç‚ôÄÔ∏è(almost...),1
ü§∑üèª‚Äç‚ôÄÔ∏èü§∑üèª‚Äç‚ôÄÔ∏è,1
ü§∑üèΩ‚Äç‚ôÇÔ∏è,9
ü§∑üèΩ‚Äç‚ôÇÔ∏èüëÄüëÄüëÄüëÄ,1
ü§∑üèΩ‚Äç‚ôÇÔ∏èü§∑üèΩ‚Äç‚ôÇÔ∏èü§∑üèΩ‚Äç‚ôÇÔ∏èü§∑üèΩ‚Äç‚ôÇÔ∏è,1
ü§∑üèæ‚Äç‚ôÇÔ∏è!,1
ü•ámilwauke,1
ü•µ,2
ü•∂ü•∂,1
