$1.6,1
"$10,000",3
$100,14
$107,1
$12.5,2
$125.3,1
$128,5
$135,1
$16,3
$170,4
$18.7,1
$19.5,1
$2,9
$2.4,4
$205,2
$219,4
$228.7,1
$23,1
$30,6
$32.7,1
$338,2
$37,6
$4.45,1
"$45,000",1
$51,1
$58,1
$660,3
$70-million,1
$72,3
$9,3
&,1104
''all,1
''clean,1
''in,1
''it'll,1
"''man,",2
''mi,1
''number,1
"''yeah,",1
'03,1
'07.,1
"'14-15),",1
'17,1
'bron,2
'good,2
'heâ€™,1
"'ok,",2
'probable',1
'what,3
'you,2
($1.075,1
($16.4,1
($2.15,1
($23,2
"('03,",1
(+0.8,1
(-8.8,1
"(.539),",1
(.559).,1
(.565,3
(.628,1
(0-2),2
(0-2):,1
(0.5,3
(0.5).,1
(0.6),1
(1);,20
"(1,142",1
"(1,198)",2
(1.12,1
(1.3).,1
(102.1),1
(105),1
(107.5,1
"(109.7,",1
(109.8),1
(10th,3
(11-27),1
(111,1
(112.8).,1
(12);,1
(12-1).,1
(123.1),1
(12:30,2
(13.1,2
(13.8,1
(14)defrtg:,2
(15,3
"(15,",1
(15-1),1
(16),10
(16.2,2
(16.3),1
(167,1
(18)Â had,1
(18.6),2
"(19-14),",1
(19.3,1
(1968),1
(1974,1
"(1974-78),",2
(1989),1
(1992-1996),2
(1994-2003).,1
"(1995,",3
(1997-,1
(1st)defrtg:,1
"(2,075)",1
"(2,684)",1
"(2,705),",1
(20-for-32).,1
(2003-2008),1
(2004-07),1
(2005-08),2
"(2005-2007,",1
(2006-10).,1
"(2009,",2
(2010),1
(2011).,1
"(2012),",2
(2017),1
(21-4).,1
"(21st),",1
(22,3
"(22.0),",1
(22.4,1
(23),10
(236-15).,1
(24.7,1
(24th,1
"(25.1),",1
(25.5,1
(251-45).,1
(273-19).,1
(28.0),1
(28.1).,1
(28th),1
(29,5
(3)defrtg:,2
(3.57).Â Â the,1
"(3.7),",1
(30),9
(30.3),1
(308-78).,1
(321-775,1
(33.3,1
(34.1,2
"(36,928),",1
"(37),",1
(37.2,1
(398,2
(4-1),1
(40.4),1
(405,1
(41.1,1
(413),1
"(42-31),",1
(44),1
(44.9,1
"(440,",1
(45.7%,1
(46.6),1
(461,1
(47-35,1
(5),9
"(5-11,",1
"(5.3),",3
(50,7
(50).,1
"(50,",1
"(51),",1
(52.0,1
(54.4),1
"(6-3,",2
(6-for-12)Â and,1
(6.0).,1
(6.1),1
(6.7,1
(64,1
"(64,174).",1
(6th,2
(71).,1
"(784,287)",1
"(791,332)",1
(8);,1
"(8,835",1
(86),1
"(86),",2
(8:30,7
"(9,336).",1
(9.8,1
(93-0).,1
(972).,1
(99,2
(I,6
(again),1
"(again),",1
(all-defens,1
(and),2
(arizaÂ wasÂ part,1
(asid,2
(barn,1
(behind,2
(boston),4
(both,8
(brazil)yuta,1
(brewer,1
"(brooklyn),",1
(brown),1
(canada)blaz,1
(canada)etienn,1
(cannabigerol).,1
(cavali,1
(cavaliers).Â ,1
(cc:,1
(center),2
(channingfrye),1
(cincinnati),1
(cleveland),4
(college/club),1
(collin,1
(comedian,1
(concussion).,1
(conley),1
(conley).,1
(conway,1
(covington,1
(datboydimez),1
(deputi,1
(despit,4
(didnâ€™t),1
(doubl,1
(drummond),1
(duke),5
(epnu),2
(espnu),10
(ettore),1
(even,2
(far,2
(finnish-by-way-of-arizona,1
(follow,1
(for,11
"(frye,",1
(germany),9
(germany)erxhan,1
(germany)vini,1
(gm),1
"(green),",1
"(hello,",1
"(here,",1
(hi,9
(hockey),1
(honk,1
(houston,3
(if,9
(illinois),1
"(iot),",1
(irving).,1
(it,9
"(it,",1
(italy)aleksandar,1
(jan.,4
(jazz,1
(kareem,1
(kevin,2
(kings),1
(knick,1
(lauri,2
"(left),",2
(lopez).,1
(love,1
"(love,",1
"(luh-veen),",1
(marcu,1
(mark,1
(maryland),3
(matthew,1
(memphis),1
(minnesota,3
(minnesota).,1
(missouri),2
(mostli,4
(mostly),1
(nanc,1
(nba_africa).wil,1
(nbca).,1
"(ncr),",1
(nicknam,1
(nigeria),1
"(ninth),",1
(now,7
(onc,1
(oscar,3
(other,2
(over),1
(ow,1
"(pachulia),",1
(parcheesi?,1
(paul,3
"(personally,",1
(phoenix,2
(plantar,1
(plu,1
(portland).,1
(rest),1
(sacramento,4
(save,1
(serbia),11
(shot),1
(six,3
(soscvsa).,1
(spain),20
(spain)leon,1
(spain)vasileio,1
(sprain,2
(such,1
(team),8
(texas),2
(texas-arlington),1
(that,6
(there',1
(theyâ€™re),1
(thomas).,1
(thursday),1
(ticked),1
(to,14
(trail,1
(turkey)tra,1
(turkey)Â ,1
(twice,1
(two,5
(tyrek,1
(understand,1
(unrestrict,3
(us).,1
(villanova),4
(wall),1
(westbrook,1
(western,1
(weâ€™ll),1
"(wizards),",1
(would,2
(wouldnâ€™t,1
(ygtrece),1
(young),1
"(â€˜93),",1
+0.1,2
+1.6,2
+23,1
+4.7,1
+7.8,2
-,263
--laker,1
--Â all,1
--Â also,1
--Â built,1
--Â chicago,1
--Â from,4
--Â in,1
--Â just,2
--Â karl-anthoni,1
--Â kevin,1
--Â kyri,1
--Â lebron,2
--Â marcu,1
--Â mile,1
--Â omri,1
--Â philadelphia,1
--Â polic,1
--Â role,1
--Â sekou,1
--Â truck,1
--Â turnerÂ and,1
--Â wherev,1
--Â who,4
--Â willi,1
--Â would,1
-0.3,1
-11.6,1
-12.4,1
-2.6,2
-3.4,1
-5.7,1
.....,1
...Â soon,1
...Â until,1
...Â we,1
.3.5,1
.307).,1
.370Â Â Â Â Â Â Â Â Â Â Â Â Â Â Â Â ,1
.439,2
.446,1
.516,1
.547Â Â Â Â Â Â Â Â Â Â Â Â Â Â Â Â ,1
.561).Â ,1
.572,1
.579,1
.600,1
.610Â Â Â Â Â Â Â Â Â Â Â Â Â Â Â Â ,1
.789,1
.817,3
.824,1
.880,1
.929,1
0-5.,1
0-for-5,1
0.5,1
0.88,1
0.95,1
03/23/92,1
"05-10,",6
08/07/89,1
1(a)(2),1
"1,030",3
"1,100",2
"1,100th",1
"1,107",1
"1,156th",1
"1,163",1
"1,198",1
"1,359.",1
"1,369,658",1
"1,622,838",2
"1,807",1
"1,912",1
1-6,1
1.,72
1.12,1
1.3,16
1.33,1
1.54,1
1.75,1
"10-for-14,",1
10-for-34,1
"10-k,",3
10-plu,5
10-plusÂ rebound,1
10-rank,1
10.0,9
"10.1Â rebounds,",1
10.7,11
10.Â malik,1
100-99,3
100.5,3
101.,1
101.3,1
102.1,1
102.8,1
103-103,1
103.6,3
104,5
"104,",2
104-89,1
104.4,2
105.2,3
106-105,2
106-91,1
106.0,1
106.7,4
106/100.,1
106th,1
109.1,3
109.8,2
10:00,1
10:07,4
10:14,1
10:21,3
10:28,8
10:35,1
10:49,1
10:56,3
10th,48
"10th,",1
11-1,1
11-day,1
11-game,1
11-of-20,1
11.5,3
110.6,1
111,4
"111,",1
111-106,1
112-102,2
113-112,1
115-104,1
115-58,1
116-94,1
117-110,2
118-113.Â ,1
118-82,1
119-79.,1
11:01,1
11:08,2
11:15,1
11:22,1
11:29,1
11:36,3
11:43,3
11:50,5
11:57,3
12-14,3
12-for-24,1
12-year,5
12.,10
12.3,2
12.Â bam,1
120-112,1
120-115.,2
120.7,1
121-99,1
122-118,1
123-107,2
123-114,1
125,3
"125,",1
"125,000",6
125-96,1
127-105,6
128-108,4
128-122,2
129-104,1
12:02,1
12:09,3
12:23,3
12:30,8
12:37,2
12:58,3
13+,1
"13,882",1
13-year-old,1
13.1,2
13.8,4
130-114,1
132,1
132-113,1
14-16,2
14-2,1
"14-2,",1
14-for-26,2
14.6,9
140-116,1
146%,1
148th,1
14th-highest,1
15,171
15%,1
"15,",40
15-10,1
15-consecut,1
15-foot,1
15-of-27,1
15.4,1
153,1
15:,1
15Â edit,2
16),2
16-11,2
16-18,2
16-25,1
16-point,2
16-time,2
16-year-old.,1
16.2,8
16.9,1
160,3
"160,",1
16thmost,2
"17-point,",1
17.0,3
17.7,2
174,2
"17:45,",1
17th,10
17th-seed,1
18-1,1
18-18-18,1
18-20,1
18-8,1
18-footer,1
18-game,1
18-point,5
18.5,6
181,1
182-111.,1
188,1
18Â Â Â Â Â Â Â ,4
19-for-20,1
19-year,3
19.,5
19.3,5
192Â |Â ,1
195,4
1953,1
196-214,1
1960,1
"1961-64,",1
1965-1974.Â ,1
"1967,",4
"1970s,",2
1974,1
"1974,",1
1975),1
1975).,1
1978.,1
"1981,",1
1985.,1
1986.Â ,2
1988,2
"1988,",4
1989-90.Â ,2
1990s.,2
1992.,3
1995,11
"1995,",3
1996).,1
1999.,4
1:02,4
1:09,2
1:30,15
1:44,2
1:51,2
1:58,1
1last,1
"2,000-steal",2
"2,Â murray",1
2-1.,3
2-3-2,1
2-4,2
2-5),1
2-8.,1
2-9pace:,1
2-point,3
2.1,19
"2.2),",1
2.8,13
2.Â lonzo,1
20+,1
"20,000",2
"20,266",1
20-footer.,1
20-of-37,1
20.1,6
20.8,1
20.Â tyler,1
200-pound,1
"2000-2004,",1
2001-02.,1
2002,8
"2002,",8
2003).,1
2005.Â ,1
2006.,4
2007Â against,1
"2008,â€™â€™",1
2008-09.,3
2008-13),1
"2008-2015,",1
2009,14
"2009,",12
2010),1
"2010,Â tantal",1
2010-11.,1
"2011),",2
2011-,1
2011-2017),1
2012-13.,4
2013-14.,2
2013.,15
2014-15.,3
2015-16.,7
2016,164
"2016,",37
2016-17.,13
2016-17.Â ,2
2017),1
2017).,1
2017-18.,19
2018-19.,12
2019-20.,6
2020-21.,1
2020.,3
2022-23.,1
2023,3
"2023,",1
2027.,1
209,1
21-16,4
21-2,1
21-for-23,1
21.6,4
213-197,5
216,1
22,68
"22,",56
22.4,2
223,1
224),1
23),4
23.2,2
23.9,4
23.Â ,4
230,4
231),1
231-5540.,1
234.,1
24-33,1
24.7,5
24.Â portland,1
24th,12
"25,â€™â€™",1
25.5,9
250Â on,1
251,1
255-pound,1
258,2
26-14,1
26-56pace:,1
26.,16
26.3,4
265,1
26Â and,1
"27,000",3
27.1,2
27.8%,1
27.Â thoma,1
279,1
"28-54,",1
"28-foot,",1
28-year-old,10
28.6,3
28.Â caleb,1
29,59
"29,",34
2:03,2
2:10,7
2:17,2
2:24,2
2:31,1
2k14.,1
3-0Â seri,1
3-1.Â ,1
3-2,7
3-6.,2
3-9pace:,1
3-for-25.,1
3-poiners.,1
3-pointer,150
3-pointer.Â ,1
3.6,19
3.6%,1
30),1
30-11,2
30.2,1
30.9,2
30.Â ,2
300,12
307,6
30s.,1
30th-rank,1
31-26,1
31-year-old,5
31.6Â ,1
31.7,4
314,2
31Â Â Â Â Â Â Â ,1
32-year-old.,1
32.5,4
320-238,2
"325,903",1
328,1
33-49,1
33.,2
33.3,1
"331,522",1
34-48pace:,1
34-minut,1
34.1,2
34.8,1
349,1
35-2,1
35.Â orlando,1
"353,273",1
36,43
"36,",2
36-year-old,5
36.4,5
37),1
37.2,2
37.9,1
370,1
38.7,2
384,2
38th,3
39.5,1
3:11,1
3:39,2
3:46,3
3:53,1
3D,1
3a),3
"3fg%,",2
"3fg,",1
3fgs),1
3â€™...Â ,1
4,150
4).,1
"4,",37
4-0,15
4-7,2
4-for-14,1
4-for-21,1
4.4,11
40-28,1
40.,2
400-space,1
41-point,2
41.1,1
42.6,3
42nd,2
43,23
"43,",1
43.4,3
44),1
44.2,1
44.9,3
"45-22,",1
45th,1
46.5,2
468,1
47-35,1
"48,000",1
48.1%,1
48.8,1
"482,",1
49.6,1
"49.6,",1
4:,2
4:05,1
4:12,1
4:19,1
4:26,2
4:40,2
4:54,3
4A,1
4Â coverage:,1
4Â final,1
5),12
"5),",1
"5,000",3
"5,987",1
"5,Â the",1
5-11,2
5-7pace:,2
5-on-5,1
5.2,16
5.9,18
5.Â ,2
50,111
50%,2
"50,",3
50-40-90,2
500.,1
50:,2
51),2
"51),",1
51.9,1
51st,2
52-year,3
52.0,1
53-69.,1
54-14,1
54-28,2
54.,1
55-57,1
55.8,1
56-30,1
56.6,1
57,22
57.4,2
58),1
59-61,1
59th,2
5:06,1
5:27,1
5:41,1
5:55,2
5s.,1
"6,829",3
6-11|,1
6-12,1
6-3,26
"6-3,",1
6-6pace:,3
6-7.,1
6-8Â ,1
6-foot-11,11
6-foot-2.,1
6-foot-6,5
6-foot-6Â point,1
6-foot-9.,1
6-for-16,1
6-of-9,1
6.0,6
6.7,8
60.5,1
601,1
61-21,1
"62,861",1
62.1,1
636,1
64,11
65),1
65.2,2
650,3
66.7,2
66.7%.,1
66th,4
67.5,1
6:00,4
6:07,1
6:21,1
6:42,3
6:49,2
6;,1
6th-seed,1
6â€™-11.5,1
"7,160.",1
7-1,3
7-5pace:,5
7-8,3
7-foot-1,6
"7-footer,",1
7-for-11,1
7-for-32,1
7-of-11,2
7.5,4
71,14
72),1
72-year,2
74-acr,1
741,1
75.,2
76.8%,1
76ers;,5
76ersâ€™,7
78,10
786-394,1
79),1
79.2%,1
799-461,1
7:08,1
7:15,3
7:22,1
7:36,1
7:43,1
7:50,1
7:57,2
7?,1
8-30;,1
8-5pace:,3
8-6,1
8-footer,1
8-of-10,2
8.,16
8.3,7
8.Â deâ€™aaron,1
"800-1,000.",1
"80s,",1
80th,1
82.,1
832,1
85,5
85-80,1
85.4%,1
86-81,1
860,1
89-82;,1
"89-87,",1
8:09,2
8:16,3
8:23,3
8:30,13
8:37,1
8:44,1
8:51,1
8:58,2
8last,1
8th);,1
9-4,2
"9-4,",1
9-for-15,1
9-of-11,1
9.1,8
9.8,14
91-game,1
916,1
92,1
93.9%,1
94.0%,1
94.7,1
96-91,2
96.3,1
97.1,5
97.8,1
98-86,1
98.6,3
99,16
99-73,1
9:10,3
9:17,1
9:24,1
9:31,1
9:38,1
9:45,2
9:52,1
9:59,4
An,41
B,5
"B,",1
By,64
C),1
Ca,2
De,2
ET,1064
F.,2
FC,2
I,3760
"I,",3
I:,1
IV,6
Jo,14
Li,2
M.,2
MJ,1
OK,6
On,150
P,2
RP,2
SF,5
TJ,3
Ye,1
[(fgm,1
[11]:,2
[5]:,2
[andre],1
[bois,1
[curry],2
[expletive],4
[from,1
[fultz],2
[ginobili].,1
[grunfeld],1
[hammond],1
[high,1
[hoiberg],1
[how],1
[isolate].,1
[james],1
[johnson],1
[liangelo,1
[nba,1
[nba],1
[simmon,1
[stevens]Â got,1
[stuff].,1
[this],1
[thompson],1
[thunder,1
a&t.,1
a.j.,1
a:Â h,1
aau,11
aba.,3
aba/nba,1
abat,1
abcâ€™,4
abdul-jabbar,13
"abilities,",2
ability.,3
abject,2
above-.500,1
above-it-al,1
abrupt,1
absenc,33
absence.,5
absolutely.,5
"abuse,",1
academyÂ ,1
"accepted,",1
accomodation,2
accordingli,1
accounts?,1
accru,3
accuraci,3
accus,14
accustom,6
"accustomed,",1
ach,3
"achilles,",2
acl.,1
across,118
activities.,5
adam.,1
"additional,",1
"additions,",1
additions:,1
adebayoÂ Â Â Â Â Â Â Â Â Â Â Â Â Â Â Â Â Â Â Â Â Â Â Â Â Â Â Â Â Â Â Â Â Â Â Â ,1
adequ,1
adieu,2
adjac,2
adjin,1
adjustment?,1
adjustment].,1
"admission,",1
advantage.,8
advantages?,1
adversari,2
advertis,2
affair,3
afloat,2
aforement,2
"after,",2
aftermath,10
afterÂ complain,1
afterÂ h,1
again,2
again.,58
"agency,",30
"agenda,",2
"agent-to-be,",1
"ages,",1
aggreg,6
aggressive.,9
"aggressiveness,",1
aggressors.,1
agnost,1
agree?,1
agrees.,2
"aguirre,",1
aid,3
ain't,11
ainâ€™t,6
air,48
"air,",2
"airport,",1
al-farouq,4
alan,2
alarm,3
aldridge:Â Â lik,1
"aldridge:Â Â really,",1
"aldridgeâ€™s,",1
aleksand,2
alexa,1
alexa.,1
ali,3
"ali,",3
alik,3
"all-nba,",2
all-star.,11
all-stars;,1
allegedli,2
"allegiance,",1
allen).,1
allenâ€™,3
allevi,2
allheartgritgrindgnghttps://t.co/hadmlr4gzd,1
alli,2
allowedÂ th,1
almost,171
alon,18
"along,",1
alongsideÂ paul,1
already-deplet,1
already.,11
alsoÂ an,1
alsoÂ becam,1
alsoÂ on,1
altercation.,2
"altman,",10
altman:,2
altmanâ€™,1
am.,10
amateur,6
amaz,25
amazing.,7
amen,5
amend,6
"amick,",1
amidst,1
amnesia,1
"amounts,",2
"amusing,",1
"analysis,",3
analyst,151
analytics-domin,1
analyzeÂ al,1
and-on,2
anderson,31
anderson',1
andersonfÂ carmelo,1
andfollow,1
"andre,",6
andÂ 11th,2
andÂ earn,2
andÂ guard-forward,1
andÂ wa,1
angelesÂ â€“,1
anigboguÂ Â Â Â Â Â Â Â Â Â Â Â Â Â Â Â Â Â Â Â Â Â Â Â Â Â Â Â Â Â Â Â Â Â Â Â Â Â Â Â ,1
"ankle),",1
ankles.,1
annal,1
"annals,",1
anniversary.,1
another.,12
antawn,2
"anthony,",28
"anti-rockets,",1
antiquated,1
antoin,1
anton,2
antonio),3
anxious.Â ,1
anybody?,1
anymore.,9
anyone;,1
anythingâ€™,3
anyway).,1
anywayâ€¦,1
anywher,19
"apart,",1
apg/1.49,2
aplomb?,1
apocryph,1
appeal;,2
appealing:,1
appear,276
application.,2
appreci,42
appreciation.,2
approaches.Â ,1
apr,108
aprilÂ aft,2
aquil,2
archibald',1
are,23
"are,",32
are:,2
area.,11
arena.Â ,1
arena.Â Â ,1
arenas.,1
arenaâ€™,1
"arguably,",2
argue.,1
"argues,",2
arguments.,1
arma,3
arms.,1
arnold,1
arnolda,4
around.,20
arthur,7
artreyo,1
artura,1
aschburner:Â Â ar,1
aschburner:Â Â victor,1
asid,14
asik,5
"asik,",2
ask.),1
asked.,6
"asks,",3
"aspirations,",1
assembl,18
assemblyâ€™,2
"assignments,",1
assists!,1
assistsÂ p,1
association,1
"association,",20
asterisk,1
asÂ chri,1
asÂ th,2
at.,6
atar|,1
athletes.Â ,2
athleteâ€™,1
"atkinson,",1
atlanta.Â ,2
atlantaâ€™,7
atmospher,9
attach,5
attack.,5
"attempt,",2
"attempts,",10
attorney,6
atÂ 9,2
atÂ chesapeak,1
"audible,",1
audio,5
aug.,13
"augmon,",1
augustin,1
"aunt,",2
aura,1
"australia,",2
autograph,1
autumn.,1
average),2
averagingÂ 17.9,1
avg,1
"avoid,",1
aw,19
"aw,",1
awaken,1
awful.,3
awkward,8
ayer,1
"ayton,",7
ayton:,1
aÂ 38-year,1
aÂ 60-point,1
aÂ form,1
bachelorâ€™,5
back!!!,1
back),2
back-break,1
back-door,2
"back-to-back,",2
"back-to-backs),",1
backboard,1
backbon,1
backcourt...,1
backdrop,1
"background,",2
backup,36
backward,11
"backyard,",2
"bad,''",1
bad.Â and,1
badg,1
bail-out,1
"bailey,",1
bait,5
balanc,30
"balance,",4
balanced.,1
balcony.,6
bald,1
"baldwin,",2
balk,3
"ball-handler,",1
"ballard,",2
ballardâ€™,1
baller.,3
"ballhandler),",1
ballhandlers.,1
ballot,21
balloting),1
"ballots,",2
ballpark,1
bamba,26
bamba',3
bamba.,1
banvit,1
barcelona.,1
"barking),",1
barn,7
barrag,2
baseline.,1
bashir,1
basic,30
basic.,1
bask,1
basket.,19
basketball!,1
basketball.'',1
bauru,6
bay-break,1
bay-front,1
"baylor,",5
bayn,8
bayâ€™,1
"bazemore,",4
"beach,",1
beal',1
beal.,7
beans).,1
bearden,1
beast,1
beaten,6
"beating,",2
beauti,13
beautiful/with,1
beckner.,1
become.,4
been.,8
been.Â h,2
beenÂ shot,1
beeÂ report,1
beg,6
beginning.,3
begins.Â ,1
behalf.,1
"behavioral,",2
behind?,1
beijing.Â ,2
beirut,1
believed.,1
believer.,2
bellÂ (draft),1
"below),",1
below):,1
"belts,",1
ben,95
"ben,",3
bench-lead,2
bend,2
beneath,8
beneficiaries;,1
"benefits,",3
"bengaluru,",1
benni,10
"bergmann,",1
berzin,1
"best,â€™â€™",1
best-known,1
best-of-7,1
bestow,3
betrayed.,1
betsâ€”ther,1
"better,",38
better-than-averag,1
"beverley,",8
"beverly,",1
beÂ knick,1
beÂ lock,1
bickerstaff,22
bickerstaff',1
bickerstaff.,3
"bidding,",1
bide,1
"bids,",1
"big-scoring,",1
biggest,137
bike,3
bill.),2
billi,24
birmingham.,1
birth,5
birth.,1
bit.,16
bittersweet,2
biyombo.,1
"blah,",4
blakeneyÂ Â Â Â Â Â Â Â Â Â Â Â Â Â Â Â Â Â Â Â Â Â Â Â Â Â Â Â Â Â Â Â Â ,1
blast,6
"blatt,",3
blazersÂ ha,1
blazersÂ soci,1
bledso,19
"bledsoe),",1
bless,10
blessing.,2
block?,1
"blocking,",1
"blocks),",1
blocks.,18
blogger,1
blogtable:Â Â what,2
blood,13
bloomer;,1
blossomgam,4
blueÂ to,1
blur,3
blush,1
boards).,1
boards.,8
bobbi,15
"bodies,",1
body-camera,1
body-slam,1
body.,6
bogey,5
boi!!!!,1
bold,4
"bold,",2
bone,34
bongaÂ |,1
bonnell:,1
bonus,4
boogie.,1
books.,2
boot.,1
borderlin,1
born,31
"born,",2
"borrego,",2
"bos,",2
bosh',2
bosh.,2
boston',19
boston)9.,1
boston.,40
both,55
"both,",1
bottom-feed,1
boulder,2
bounds.,6
bowen,6
boylen,1
boysâ€™,2
bozic,1
bpg).Â ,1
bradley',1
bradley.,3
bradleyÂ i,1
brain,13
branch,2
brass,4
brass.,1
"bravely,",1
break.Â Â Â ,1
breakaway,3
breakfast,3
breath,15
breed,1
breed.,1
bribe,1
bridgesÂ of,1
"brief,",2
brightest,2
"bring,",1
brink,2
brink.,1
"broadcast,",5
broadcaster.Â ,1
broadcasting.,191
broadli,2
broadway,3
brogdon',2
brogdon.,1
bron2pdx2018.,1
"broncos,",2
brooklyn.Â thi,1
brose,2
brown,140
brown',3
brown.,11
brown.th,1
brownÂ said.,1
brubeck,1
bruno,4
bryant-lik,2
"bryon,",1
"buckets,",2
buckner,3
bucks).,1
bucksÂ and,1
bueno,1
"buidling,",1
built,57
built.,1
"bullets,",3
bullhorns.,1
bullpen,4
bulls.jan.,2
bunn,2
buoy,6
buri,14
burke.,1
burp,1
burton,1
bus.,4
busbi,1
bust,3
butlerk.,1
"butts,",1
butÂ couldn't,1
butâ€¦damn.,1
buy-sel,4
buyout,16
buzzer).,1
buzzer-beat,2
buzzer:,1
bwb,7
by-committe,1
byes,1
"byron,",1
c/f,2
caddi,2
"cafes,",1
cain,1
cake.,2
caldwell-popeÂ (unrestricted),1
calif,1
calif.,23
california.,9
calkin,1
call,230
"call,",3
call:,1
call],1
calling.,2
camaraderi,1
cameron,10
camp,77
"camp,",17
camp.Â popovich,1
"campaign,",10
campaign?Â ,1
campbell.,1
campbellÂ ,1
camper.Â i,1
"can,bi",2
can.,20
canada.,3
canadaâ€™,2
canadian,1
"cancer,",2
"candid,",1
cannot,18
canÂ attack,1
"capacity,",4
capital.,1
capitalism.,1
capitol.,1
captain.Â ,1
captain.â€™,1
captaindragon!,1
captainâ€™,1
caption,997
cards:,1
care.,7
"career,",76
"career-ending,",1
career:,2
cares.â€™,1
cares?,1
"carlisle,",7
carmichaeldave),1
carolina-bas,2
caronâ€™,1
carotid,2
carri,75
cars.,1
carv,6
case,69
"case,",24
case:,2
casey,71
casey',2
casey.,8
catch,56
category.,2
catnip,1
caught,36
causes.about,1
cautious.,1
cavaliers,1
cavaliers.april,1
cavaliersfeb.,1
cavaliersÂ get:,1
caves.,1
cavs;,1
cbd.,1
cbg,1
cbn,1
ccni,1
cctv.Â ,2
"celtic,",1
celtics-wizard,1
celtics:Â an,1
celticsÂ not,1
center),2
centerpiec,9
centers.Â ,1
central,14
"centuries),",1
century,1
"certainly,",6
chain,2
"challengers,",1
challengeÂ on,1
chalmer,3
chalmett,1
champ,23
champ.,1
champion.,5
champion.Â Â Â ,1
champions',1
champions.,10
championship-clinch,1
championship?,3
championships?,2
champs.,1
chance;,1
chandl,2
"chandler,",2
"change,",12
change.â€™,1
changer,1
changesâ€”and,1
chant,11
"chanted,",1
"character,",5
"characteristics,",2
charania.,3
"charge,Â accord",1
charismat,2
"charleston,",2
charlotte),1
charlotteÂ (8,1
charm;,1
"chartered,",1
chase,45
chase.,4
cheap,5
"cheaper,",1
cheek,19
cheer,12
cheer.,1
"cheerleaders,",1
chemic,1
chesapeak,1
chevrolet,1
chicago.Â th,1
"chicken,",1
child.),1
childhood,2
choice.Â ,1
choices.,2
cholesterol.,1
cholet,3
choreographed.,1
chose,31
chose.,1
chuckl,3
"church,",3
cigarette,1
cincinnatiÂ ,1
cinderella,2
circuit,2
cities.,2
"citizen,",2
city',10
city.,54
cityÂ --Â when,1
cityÂ â€“th,1
clap,2
"clara,",2
clarifi,4
clariti,1
"clashes,",1
"class,",7
classic.,2
clavijo,1
claw,6
"cle,",4
cleaner,1
client,3
clifford,36
clinic,21
clip-n-sav,1
"clippers),",1
clippers.Â ,3
clippers14.,1
clippersapril,1
clippersâ€™,34
"clips,",1
"clock,",5
clockÂ for,1
"close,",4
close-out,4
"close-outs,",1
close-up,1
"closely,",1
closer,29
cloud-data,1
club',1
club.,11
clue,4
"clue,",2
clutchÂ 3-point,2
cnnmoney.com,1
co-found,7
co-l,2
co-sec,1
coach),6
"coaches,",31
coaches:,3
"coaching,",7
cobbl,1
cock,1
cocoon,1
cohes,2
coin,5
cole,6
coleman:,1
colleague),1
collected.,1
"college,",9
college/clubberk,1
collis,8
column.),1
comb,11
"comeback,",2
"comes,",5
"comfortable,",5
commander-in-chiefâ€™,1
comment.,3
commercial-appeal:,1
commission,90
commissionâ€™,1
commitment.,4
committe,20
committee.'',1
common,17
commonwealth,1
communicate.,1
"communicating,",1
communications.,1
"communities,",2
compact;,1
comparison;,1
compass,11
"compass,",1
compens,7
compete.,11
"competition,",7
competitions.Â ,1
competitor,8
compil,9
complianc,2
"composure,",1
"conclusion,",1
"concussion,",1
condol,4
conference-lead,2
conference.),1
"conferences,",4
"confines,",1
confirm,55
"confirm,",1
conflict,2
conflicts.,1
congo,1
"congo),",5
congo.,1
"congrats,",1
congratul,10
congreg,1
connecticutÂ ,1
conquer,5
consciou,1
consider,39
"consoles,",1
conspir,3
conspiracy;,1
constantly.,2
constraint,3
construct,24
consult,16
consum,9
contain,9
"contain,",1
"contender,",4
contention.,6
continued......i,1
contract.Â ,1
contract;,1
contracts,1
contracts.,9
"contribution,",1
"contributions,",1
controversi,12
contusion.,7
"convey,Â accord",2
coolbaugh,2
coolest,2
cooper.,1
"coordinator,",1
copeland,1
core.,5
cornel,2
corner.,6
cornhusk,1
coronation-funer,1
"corporation,",2
correct,15
"correct,",2
"cosell,",1
costas.,1
cottag,1
cotton,1
cough,4
couldnâ€™t,88
counsel,10
"counsel,",1
"countries,",1
"court,",66
cousin,148
cousins).,1
cousins;,1
cousinsâ€™,6
coverages.,2
"covets,",1
cowboy,2
cox,27
"crane,",1
"crap'Â moment,",1
crash,10
crash.,1
cratered.,2
crazier,2
"crazy,",8
"create,",2
credenc,1
creditsÂ chri,1
creighton).Â ,1
crew.),1
crew.Â coach,1
"crews,",1
crib?Â canst,1
crimson,4
crimson-and-black,1
cring,1
cringe.,1
critiqu,5
croix,1
crowd-sourc,1
crowder,36
"crowds,",1
cruis,4
crummi,1
crunchtim,1
crunchtimeÂ ,1
"crusade,",1
cuban,18
cuban',1
cuban.,2
cubeâ€™,2
culmin,13
"cultivate,",1
cum,1
current,228
currentÂ playoff,1
"curry,",67
curry:,5
cut,72
"cut,",1
cut:,1
cycl,1
d'angelo,14
d'antoni,29
dakota.,1
daldridgetntgmail.com.,7
dallas'Â denni,1
dallas).,1
"dallas,",19
dallas:,5
dancer,1
"dang,",1
danny.,1
darrun,5
darvin,1
daryl,11
daughter,10
"daughter,",2
day.'',1
day1ern,1
day?,2
days.Â ,8
days.Â th,1
days/week,1
days?,1
daysâ€™,1
dayton,1
daytonâ€™,1
dayÂ befor,1
dcfamilyfrom:,1
deadlin,63
deadline?,2
"deal),",1
deal;,3
deals.,14
"deandre,",2
dec,51
"decide,",1
"decision,",18
decision-making.,2
deck,7
"deck,",1
decompress,2
decriminalization.,1
"dedmon,",1
deep-pocket,2
deep.,7
deepli,10
default,4
defend.,3
"defender,",10
defender],1
defens,566
defense.'',1
defense?,1
defenseÂ and,1
defensively),1
defensively).,3
defi,6
defici,3
deficiency.,1
deficit.,4
deflect,7
defray,2
"deitsch,",2
dekker,4
delawar,3
deleteri,1
delhi,4
deliveri,5
delivers.,2
dell,8
demands.,2
demon,2
demp,4
den.,1
denounc,2
dent,5
"denver),",1
denzel,2
deont,1
departure(s):,30
depth/perimet,1
derail,7
deriv,3
descript,1
desert,1
designed.),1
desireÂ to,1
detain,1
"determination,",3
detractors.,1
detriment,2
detroit:Â ,1
devalu,1
devilish,1
devilsâ€™,1
devin,26
dewyan,1
dextor,1
dg:,12
diaw,4
"diaw,",4
"did,''",1
didn't.,4
didnâ€™t.,3
die,50
"die,",1
difference.,4
differently.,7
difficult.,5
digit,1035
dignifi,2
dime.,1
dimezâ€™,1
dine,4
dinwiddi,6
dip.,1
dip[bleep].,1
direct,59
director,64
director.,2
"disappointing,",4
disband,2
disbelief,3
disciplinari,2
discount,1
discount.,1
discriminatori,1
disdain,6
disenfranchis,1
disguis,2
dismiss,16
disney,4
dispers,1
dissatisfact,2
dissect.,1
"distance,",5
"distant,",1
"distraction,Â jam",1
distraction.,2
distributor.,1
disturb.Â ,1
"divac,",1
divid,4
divide.,1
"divided,",1
dividing.,1
dj?,1
dn:,8
dna.,2
do),1
"do,''",1
do-it-al,1
do.Â i'm,1
"do?,â€™",1
dobÂ Â Â Â Â Â Â Â Â Â Â ,2
doesnâ€™t,149
doing.,16
domanti,1
domest,6
domin,69
dominance.,3
"donlon,",1
donn,1
door,26
"door,",3
doozy:,1
dope.,2
dori,2
dorsey,1
dortch,20
doubl,59
double-doubles).,1
double-threat,1
doug,25
downsiz,1
downtown,33
downward,1
dozen,18
dozier,3
doâ€”on,1
dpe,6
"dpe,",2
dr.,45
"draft,â€™",1
draft;,3
drafte,2
"dragic,",4
drama,6
drama.,1
dramat,11
draw.,1
dreadfully.,1
dreaming.,1
drewhanlen,2
drexler.,1
dribbl,40
drift,3
drmic,1
dropoff,2
"dropoff,",1
drumbeat,3
dud,2
"dud,",1
dudleyÂ told,1
"duggan,",1
duke),2
dumps:Â spenc,1
duncan-less,1
dunks.,4
dunnkey,1
durat,2
duties),2
duval,2
dwight,47
dwyaneÂ wad,1
dwyaneÂ wade',1
dzanan,3
dâ€™antoni?,1
e,1
e'twaun,1
e-commerc,7
early-april,2
early.'',1
earlyÂ fear,1
"earned,",2
easiest,6
easy.,11
eat,9
echo,8
"ed,",1
edge?,1
edric,2
efe,2
efficient.,3
effort,93
effort/product,1
"egan,",1
egregious.,1
egypt.,1
eight-tim,7
einstein,2
"ejected,",2
"ejection,",1
el.Â ,2
elba,1
"elders,",2
eleagu,1
elect,14
election.,2
electrifi,1
elena,1
elia,6
eliezer-vanerot|,1
"eliminating,",1
"ellis,",6
eloqu,2
elsewher,6
"embiid,",49
embiid:,1
embodi,8
"embodies,",2
eme,1
emotion.,4
emphasi,14
"empire,",1
employed.,1
employees.,1
empty.,1
emul,1
enabl,12
encompass,7
encor,1
"encourage,",1
encrypt,1
endeavor,3
ended.,3
"ends,",5
engin,20
enigma,1
enjoy,68
enjoy.,3
enjoy...ðŸ˜‚ðŸ˜‚,1
enorm,5
enrich,1
"enshrinees,",1
"entertained,",1
entertainment.,1
"enthusiasm,",1
"entire,",1
entireti,5
entrant,1
enumer,1
envelop,1
"environment,''",1
environment.â€™â€™,1
envis,10
equal.â€™,1
"equality,",2
equat,2
er,2
"er,",4
era.,13
eric,43
"eric,",1
erni,5
errat,1
esa,1
escap,7
espn'sÂ get,1
espn.Â jam,1
espn/abc,1
"espn2,",2
espn:Â Â lak,1
espnu,1
espnu).,2
esport,18
"essence,",3
essentially?',1
established.,1
establishmentsâ€”in,1
esteem,2
et;,1
ethan,1
"ethiopia,",2
ettor,11
"eugene,",1
europ,22
european,24
evaluation.,1
evalutation/decis,1
evans',1
evans).,1
evans.,4
even,566
"even,",3
"evening,",1
"events,",4
eventu,51
ever-alert,1
ever-chang,1
ever.,15
everlov,1
"everyone,",11
everyone:,1
"evolution,",5
evolving.,2
ex-bulli,1
exceed,10
except,54
exchang,61
exchange.,1
exclus,18
"exclusively,",1
excuses.,2
exec,6
executive.,5
exempt,3
exhale.,1
exhort,1
expans,30
expansion.),1
expect!,1
expectationskey,1
expend,2
"experience,",13
experience:,2
expert,24
"explained,",1
explosive.,1
express,47
extension,1
"extent,",1
extran,1
eye-rais,1
eyes.,6
fabric,2
facil,17
"facilitate,",1
facilitator.,4
facility).,2
facility.,9
factori,1
factors.,1
fails.,1
fall.,10
fallible.,1
fallingcomplet,1
fame,69
"fame,",6
fame-worthi,1
famer,117
famer',1
famer.,2
famili,126
families.Â ,1
family',4
family.,29
family.â€‹,1
famous,13
"fans,Â first",1
fans.Â and,1
fans?,1
fantastic.,2
far,168
"far,",22
farmerÂ Â Â Â Â Â Â Â Â Â Â Â Â Â Â Â Â Â Â Â Â Â Â Â Â Â Â Â Â Â Â Â Â Â Â Â Â Â Â Â Â le,1
farmÂ all-star,1
farthest,1
fast-break,1
fast-paced;,1
fasten,1
fate,5
father,43
favor?,1
favorites.,2
fay,2
fe',1
fear-inducing.,2
fearless,4
"fearless,",2
feat.Â ,1
february;,3
februaryÂ andÂ should,1
fedexforum,4
feigen,4
fellowÂ 7-foot,1
feloni,4
fenerbahc,13
fernando,2
feroc,2
"ferrell,",3
festivities.,2
festu,3
fettl,1
fever,4
fg%.,2
fiba,23
"fiba,",1
field),2
field-goal,22
fierc,9
fifti,3
figur,147
filip,2
fill-in,1
film,32
"film,",16
"finalist,",2
finals-record,1
finalÂ night,1
financi,58
fing,1
finish.,4
"finisher,",1
"firepower,",1
firmli,7
first-class,2
first-everÂ nba,1
first-person,2
first-plac,4
"first-rounders,",1
"fisher,",1
fist,8
"fist,",1
five-point,1
five-tim,25
fiveÂ or,1
fixed.,1
fizdal,72
flags.,1
flamboy,1
flanneri,2
flatline.,1
flexes?,1
"flexibility,",3
flip,34
"flip,",1
flip-flop,1
flippant,1
floater.,1
floral-pattern,1
florida/usa,1
floridaÂ ,1
flow.,3
flowing.,1
"fluke,",1
fly-fishing.,1
focu,77
"fogel,",2
"folks,",1
follow.,4
foot,55
"foot,",8
footballÂ with,1
for,206
"for,",21
"forbes,",4
force-fed.,1
forceÂ behind,1
forcier,3
ford,5
foreign,2
forev,8
"forever,",1
forever:,1
forget.,1
forgett,1
"forgiven,",1
forgotten.,4
fork,1
format.,1
"former,",2
formidable.,1
forms.,1
forrest,2
fortuit,1
fortun,22
fortune.,3
forty-someth,1
"forward,",39
forward.Â ,1
forwardÂ averag,1
forwardÂ kawhi,1
forwardâ€™,1
forÂ a,2
forÂ cedi,1
"fouls,",4
"foundation,",5
fountain,1
"four),",2
four-,3
four-consecut,2
four-peat,1
four-plu,3
four-straight,1
"four-team,",1
four-to-six,1
"four-year,",28
four;,1
fours.,3
"fourth,",4
fourth-worst,2
fragil,2
frail,1
fran,32
franchis,259
franchise',13
franchise.,30
franchise.Â th,1
franchise.Â w,2
franchises.),1
franci,2
francisco,12
franciso,1
frank,64
frank.,5
fratello,10
fratelloâ€™,1
free-ag,37
free-agent.,1
free-shoot,1
frequenc,2
fresh?,1
freshmen,1
fridayÂ announc,1
fridayÂ bi,2
friend.,5
"friends,",6
friendship,5
frighten,2
frightening.,1
frog,1
fromÂ 1984,1
fromÂ jayson,1
front-offic,6
frontcourt),2
frontier,1
frontlin,3
"fronts,",2
frozen,3
fruition.,1
fruitlessli,1
frustration.,2
frye,13
"frye,",2
ft%),1
"ft%),",3
fulfill.Â ,1
"fultz,",11
fultz:,1
fultz:-,1
fultzÂ --,2
fun,43
"fun,",9
fund,22
fund:,1
"fundamentally,",2
funk,3
funni,7
futil,2
futur,182
fÂ omari,1
gabriel,7
gali,1
gallinarikey,1
galloway,4
game!,3
game'sÂ dynam,1
game-ti,2
game-tim,1
game-win,9
game-worn,1
game/next,1
game:Â 2005,1
games.Â th,1
games;,2
gamesâ€¦,1
gametime:,2
"gameÂ (12.5),Â fourth",2
gaming.,2
gangli,2
"ganguli,",2
ganguli:,1
gap,20
"gap,",1
garb.,1
garbag,6
garbage-tim,1
garden.,4
garey,1
garnett/stephon,1
gasolin,1
gassed,1
gayl,18
ge,2
"ge,",1
gelo,1
genaro,3
general),1
generated.,1
generations.,1
georgia',1
georgia.,1
get:g,5
get:Â ,3
"gets,",2
ghastli,1
giants',1
"gibson,",3
gif,1
"gifted,",1
gifts.,1
gigs.,1
gilbert',3
gilbert.,2
gina,2
girlsâ€™,1
"git-along,",1
give,430
"given,",2
glee.,1
glenn,1
"globe,",2
glom,1
gm),2
gmâ€™,3
gnaw,1
go?,3
gobert',1
gobert.,1
gofundm,1
gold-med,4
golf.,1
gone:Â zach,1
good',1
good.,53
good.Â get,1
goodby,9
"goodfellas,",2
goon,2
goran_drag,1
gore,8
gores.Â ,2
gortat,28
got.,3
grace,9
"grade,",2
graduate.,1
"graham,",1
grandfath,1
"grandkids,",1
grang,1
grantham,1
granvorka,4
graphic,1
grassroot,4
grayson,6
"great,",24
greatli,7
greatness.,3
"greece),",1
greener,4
greener.,1
"greens,",1
grgurich,14
grgurichâ€™,5
griffin,134
griffin',8
griffin.,12
griffinÂ ha,2
"grimy,",1
grindâ€™,1
grip.,1
grit-nâ€™grind,1
"ground,",1
"grounded,",1
"groups,",1
groupÂ so,1
growing.,2
guard-focus,1
guard/frontcourt,1
guard?,4
guards.Â ,2
guardÂ jerian,1
guerschon,1
guess.Â ,1
guidelin,1
guilti,3
guilty.,1
guinea,1
gumbo,1
gundy.Â ,2
gundyâ€™,4
gurg,5
"gurg,",1
guru,3
guy.Â ,1
guys.'',1
guysÂ may,1
guyâ€™,6
gwinnett,1
h-o-r-s-,1
habit,21
hacked).,1
had.,9
had.â€™â€™,1
hail,7
half.'',1
halfcourt,3
"hall),",1
halleyâ€™,1
hallmark,5
halloween,1
"hamilton,",2
hammers.,1
hammond.,1
hamstr,21
hamâ€™,1
hand,132
"hand,",25
handcuf,1
hands-on.,1
handwriting;,1
hank,1
hanukkah,1
happen.,28
happier,2
hard-scrabbl,1
harden,210
hardest,10
hardwood,1
hardâ€¦,1
harm,1
harper,4
"harrison,",2
hart,8
"hart,",2
hartenstein,2
harterâ€™,1
harvey.,1
hasheem,1
"hashtag,",1
haslem,5
hasnâ€™t,50
"hasnâ€™t,",1
hassl,1
hasÂ class,1
have.,26
havenâ€™t,50
haveÂ been,1
haveÂ gon,1
haveÂ shap,3
having.,1
hawkin,19
"hawkins,",4
hawks;,3
hawkâ€™,1
head.,13
"headaches,",2
headlin,17
headlines:Â jo,1
headquart,7
health-rel,6
health.Â ,1
health?,1
healthi,88
healthy),1
healthâ€™,2
"heanue,",1
hear.,4
heart,43
heart',1
heart.,7
heat.Â ,4
heatâ€™,10
heavily-underdog,1
hedge,1
"heels,",1
heft,1
heightsâ€™,1
heitner.,1
helicopters.,2
hell?,3
hell?',1
helm.Â kerr,2
help,524
"help,",4
help-defend,1
"helped,",2
hemlin,1
hemorrhag,1
henderson.,1
hennigan',3
"henry,",1
hep,1
"her,â€™â€™",1
herald,4
here,46
"here,",106
here:,3
hernia,1
"heroes,",1
heroes:,1
hervey,2
"herzegovina,",1
"hesitating,therefor",1
heÂ challengedÂ everi,1
heÂ grab,1
hi,219
hid,1
"high-character,",1
high-risk,3
high-spend,1
highest-r,2
highest-scor,4
highlight-reel,4
highlights.,3
highly-tout,1
highway,2
hill',1
hill.,4
hillari,1
hillcrest,2
him.Â t-mac,1
him;,4
himÂ fourth,1
himÂ hereÂ and,8
himÂ with,1
"hindsight,",2
hip-hop,3
"hired,",3
historic.,1
"historically,",2
history.Â ,1
hisÂ 51,1
hits,1
hockeyâ€™,1
"hoiberg,",6
hollywood.,2
"holmes,",1
"home.Â so,",1
homestand,10
"homestand,",1
homophob,1
honest.,2
honestly.,5
honk,2
honor.Â ,1
honore,2
hoodie-wear,1
"hoods,",1
hoopla,2
hoosier,2
hope,255
"hope,",6
"horford,",18
horizon?,2
hornets',6
hornets.,15
hornets.Â ,1
hornetsâ€™,9
hornetâ€™,1
horrifi,1
hoser?,1
hotels.,1
hou,2
"hou,",2
hour,60
"hour,",6
house),1
"houston,",35
houston:,6
houstonchron,2
"however,",108
howl,1
ht.,3
https://t.co/1r532wzqmmpic.twitter.com/y7bmprrlwb,1
https://t.co/4k6cpdmzoq,1
https://t.co/h2ikhx7ilb,1
https://t.co/zhy4ekcvwqpic.twitter.com/hlzomoz8ki,1
"huddle,",4
hudson,1
human,19
human.,3
humanitarian,3
hump,1
hunt,9
"hunt,",1
"hunter,",2
hurri,2
"hurried,",1
hurun,1
hutchinson,1
i'd,16
"ibaka),",1
icaru,1
"ideas,",2
if,60
"if,",9
ifÂ pow,1
igor,11
iii,17
"iii,",11
iii:,1
ill-conceiv,1
ill-fat,1
"illness,",4
illness.Â popovich,1
"illnesses,",1
"ilyasova,",5
im,2
"imagination,",1
"immediately,",2
"immersive,",3
impact,138
impact!,2
impact.Â ,1
imperi,2
implications.,1
implor,1
important?,1
"impressive,",1
"improbable,",1
improve.,5
in),3
"in,''",1
in-gam,5
in-hous,1
in.Â ,1
inaccurate.,1
inauguration.,1
incap,2
incarn,2
incident,1
includ,428
included;,1
increas,66
increases.,1
"increasingly,",1
indi,11
indiana;,1
"indication,",2
indirect,1
induct,19
industry-lead,2
industry.,7
inelig,7
"inevitable,",6
inevitable:,3
"inexperienced,",1
infiltr,2
influenc,14
influenced].,1
influenti,1
ingles.,2
inhabit,1
inherit,2
"injections,",1
injuri,291
injuries,1
injury),2
injury).,1
injury-plagu,3
"injury],",2
innov,20
"inquirer,on",1
inscript,1
insepar,1
inside.,7
instagram,19
"instagram,",1
instagramÂ and,1
instanc,4
"instant,",1
instil,4
intact,8
intel,2
interact,18
interact?,1
"interactive,",1
interconnect,1
interest,127
"interesting,",5
interfer,2
intermiss,3
"internally,",2
"internationally,",1
"interrogators,",1
intertwin,2
interven,1
interview.,6
interviews;,1
intestin,1
intox,1
intriguing.,2
introduc,27
introspect,2
"investigation,",1
investments.,1
"investor,",2
"invitational,",1
invited.,3
involved.,11
inÂ focu,1
inÂ mi,1
inÂ summ,1
iq.,1
"iraq,",2
irretriev,1
irvin,21
"irving,",39
irvingÂ miss,1
irvingÂ to,2
isaia,1
isbyÂ |,1
ismaila,2
issel.,1
issuf,3
isÂ get,1
isÂ outscor,1
it,136
it).,4
"it,",189
"it,â€™â€™",1
it.â€™â€™,1
it:,6
itsÂ playoff,5
itÂ seem,1
iwundu),1
iâ€™m,388
jabbar,1
jack,18
"jack,",2
jack:,1
jackson-cr,1
jacqu,2
jaeger.,1
jameer,2
"james,",143
james:,3
jamesÂ palm,1
jami,6
jan.,102
jan.-feb.,1
"janis,",1
jarrey,1
javaleâ€™,2
jayson,48
jazz,161
"jazz,",14
jazz.Â th,1
jazz:,1
jazz:Â oppon,1
"jazzman,",1
jazzÂ rookieÂ donovan,1
jean-pierre:,1
jeaniebuss,1
"jefferson,",3
jenkin,7
"jersey,",2
jerseyÂ a,1
jerseyâ€”which,1
jevon,7
jharden13!!!,1
jitters,1
joaquinâ€™,2
"job,â€™",1
jobâ€™,1
joel,112
"joel,",2
johannesburg.Â ,1
john.,2
johnson',4
johnson.,13
johnson/jeann,1
johnâ€™,2
johnâ€™s,1
join,233
joke.,4
jontayâ€™,1
jose,9
"jose,",1
journey,28
joventut,4
jrâ€™,1
july.,15
"jumper,",5
june.,18
juneâ€™,4
junior),1
junki,1
justin,35
justÂ on,1
juwan,2
juxtaposit,1
k.d.,1
kaba,2
"kalafat,",2
"kamla,",1
kaplan,9
karli,2
"karsiyaka,",1
kassiu,1
"kasten,",3
kastenâ€™,1
kcp,4
kdtrey5,1
keanuÂ pet,1
keel,1
kelly',1
"kemp,",1
kendal,1
kenneth,7
kent,10
kentavi,24
kerem,1
kerr?,1
kevin,345
kevin',2
kevin.,1
keys.,2
"kg,",1
khem,1
khri,13
kickoff.,1
kickout,1
kidd.,9
kiddâ€™,12
kindness.,2
kings',3
kings.,16
kings.Â in,1
klays:Â ,1
knee',1
knee.,32
kneecap,5
knelt,1
knick,194
knickerbock,1
"knicks,Â detroit",1
knicks;,5
knot,3
"knot,",1
know?,8
knowledg,29
"knows,",3
knowâ€¦,1
knox.,1
knoxÂ |,1
kobeâ€™,2
koh,2
kokoskov,8
kokoÅ¡kov,12
kolenda,2
koniari,4
konstantin,1
kratzer,2
kraus,26
krawczinksi,1
krawczynski,5
kristap,51
kroenk,2
kulboka,3
kulboka|,1
kulbokaÂ |,1
kuni,1
ky.,1
"ky.,",1
l.a.-bron.,2
l.a.Â on,1
l.a.â€™,2
la.,7
laboratori,1
lac.,1
lack-of-respect,1
"laettner,",1
lakers.feb.,1
lakers:Â ,1
lakersÂ und,1
"lamarcusâ€™Â story,",1
lamelo,3
landi,2
"landry's,",1
"landscapes,",2
lane.,2
languages.,4
lanki,6
"lapse,",1
"laptops,",2
laser-light,1
late-fourth,1
"later),",1
"later,",65
"lauderdale,",1
"laughing,",1
lauri,28
lauvergn,6
law?,1
lawler,1
lax.,2
"layup,",3
layups.,3
lbj,3
"lbj,",1
lead,398
"lead,",7
lead.â€™,1
leader.,9
leadership,35
leadership.,8
leadÂ wa,1
league,1
league-lead,11
league.Â Â Â ,1
league?,4
leaguesâ€™,1
leaguewid,2
leak,4
leaner,3
"learn,",4
leash,1
leave?,1
lebron.Â it,1
lecture.,1
lee',2
left?,1
lefti,4
leftyâ€™,1
"leg,''",1
"legacy,",3
legacy.',1
legacy.'',1
"legends,",1
legends:,1
legendsâ€™,1
lelands.com,1
length.,3
leo,2
leonard'sÂ dur,1
"leonard,",57
"leonard,Â draymond",1
leonard:,6
leron,2
lessort,2
lest,2
letdown,1
lethal,10
letter,21
"levels,",1
leviathan,4
"levine,",1
"levy,",1
liaison,2
lick,2
"lick,",1
"lies,",1
life-chang,1
life-long,4
life?,1
lifeless,1
lifelong,1
lifetim,20
lift.,2
ligament),1
ligament.Â ,1
lightly.,2
likabl,1
like.,13
likewise.,2
lill,3
"lillard,",30
limb,2
"limelight,",1
limp,10
lin.,2
linear.,1
lineback,1
lionâ€™,1
"lipton,",1
list...,1
listening.,1
lives.,3
livin',1
"livingston,",3
lloyd,15
lnb,2
loansÂ ,1
local,71
"locations,",1
locations:,2
locations:cox,6
"locker,",1
lockout.,1
"lodigiano,",1
"logical,",1
logo,22
"logo,",3
long-ago,1
long-anticip,1
long-now-since-fir,1
long-tim,13
longest-serv,2
longÂ ,1
looming.,2
loop.,1
loos,13
"lopez,",6
lorenzo,2
lorrain,15
losingÂ their,1
lostÂ 72-64.,1
lot,464
"lot,",13
lottery.,7
lottery/playoff,1
louder,3
loung,2
love,352
"love,",40
love:,1
loved.,1
lover.,1
low-impact,2
low.'',1
lowdown:,4
lower-usag,1
lowli,2
"loyalty,",2
luca,7
lucki,15
lue]Â that,1
lugano,2
lui,1
luke,44
lure,9
luwawu-cabarrotgÂ denni,1
lynch,2
ma,1
mad,12
"mad,",2
magazine',3
magic?,1
magicâ€™,4
magloir,1
magnitude.,2
mahtomedi,1
maineâ€™,1
mainli,3
mainten,1
"major,",1
"maker,",5
makeshift,2
makeup,1
malais,1
man'',1
man?,1
manag,229
management),1
"manager,",11
manager],1
mandela.,1
"maneuver,",1
mani,332
manipul,3
manner.,3
mansiere.,1
mar,99
maravich,4
marcel,2
march/april,1
marcin,18
marcu,59
margin),3
maric,1
"marjanovic,",4
mark,207
"mark,",7
mark-a-nin),1
"markelle,",1
marketers.,2
markkanen,25
"markkanen,",7
markkanen:,2
marot,2
marrees,3
marshal,23
"marshall,",5
martaviu,1
marvelously.,2
maryland,10
marylandÂ ,3
masiuli,2
masiyiwa:,1
mass.,1
massag,1
massive-mileag,1
matches.,1
"matchup,",5
matchup-wis,1
mate,5
mater,2
mater.,1
mathematics),1
"matter,''",1
matter.Â leonard,1
matter?,3
maven,1
mavericks;,1
max-level,1
maximum,18
may,375
"may,",8
mazalin,2
mccawâ€™,1
"mcdonough,",1
mcgrady.Â ,1
mchale,3
"mchale,",1
mckell.'',1
mcl,12
"mcl,",1
"mclemore,",5
mcnamaraâ€™,2
"me,Â youâ€™r",2
me.,123
me.Â he',1
me:but,1
meal,6
mean?â€™,1
meaning,18
"meaning,",3
"meaningless,",2
means.,2
measur,19
medal-win,4
media-and-fan-baseâ€™,1
media?â€™,1
medicine?,1
mediocr,6
medium-rang,1
mediumstotl,1
meetings.,3
mega,6
mega-trade:,1
melas:Â Â th,1
mem,2
"mem,",2
member.,1
memories.,3
"memphis),",1
mental,100
"mental,",4
mention,43
"mention,",2
mention:,2
mentioned.,1
"mermaid,",1
mesicek,2
"message,",2
message:,2
"messina.Â additionally,",1
met,65
"met,",1
metastas,2
"meter,",1
mettl,2
mia,2
"mia,",3
miami),1
michiganâ€™,1
microcosm,1
mid-air,1
"mid-level,",1
mid-octob,1
mid-october;,1
mid-range.,3
midcourt,2
middl,28
mikan,2
mike?â€™,1
mikyl,1
"mild-mannered,",1
mildly.,1
milesÂ -,1
milgram,2
millenni,2
milligram,1
"million,",39
million.Â ,1
million].,1
"millionaire,",2
millsap,18
milwauke,174
mind.,19
minds?,1
ming,8
"ming,",1
"minicamp,",2
minimum,24
minist,2
"minneapolis,",1
minnesota,132
minu,1
minus-12,1
minus-15.,1
"minutes),",2
"minutes,Â befor",1
minutes.Â ,6
minutes?,1
minutestoronto,2
"miraculous,",1
"mirotic,",8
mirror,9
misconcept,3
misguid,2
mishega,1
mismatch,4
"misses,",1
missing.,1
"mission,",1
"mississauga,",3
missouri.,2
mistake.,1
misunderstand,1
mitchell?,1
mizzou.,1
"mobile,",1
"molinas,",1
molson,1
momentum,22
monday,95
"monday,",56
moni,1
monik,2
monmouth,2
monologue.,1
monroe.ðŸ—’:,1
"monthly,",1
montverd,1
more),4
more?â€™,1
moreso,3
morril,2
"morris,",7
morris:,3
most-depend,1
mostly.,1
mother,12
"mother,",9
motion,10
"motionless,",1
"motions,",1
motta,1
motto,2
"mountain,",1
mourning.,2
moved/sold,1
movement,48
"movie,",1
moy:,2
mpg):Â jackson,2
mri,27
"mri,",1
multifacet,2
multipli,1
"multipurpose,",1
mun,1
munford,2
municip,3
murmur,1
murphi,1
murren,3
"music,",3
muslim-major,1
must-win,2
mvp-calib,1
myers,3
myers.,7
"myles,",2
"mystery,",1
nab,1
nader,2
nake,2
naked.,1
name!,1
nanc,37
nanceâ€™,1
nanterr,2
naraceÂ |,1
narrative.,1
nasser,1
"nationally,",2
nba-aba,1
nba-calib,1
nba.com',26
nba.com.,44
nba.com/stats),1
"nba.com/uk,",1
nba;,1
nbaer,1
nbahistory.,1
nbamsnbcpic.twitter.com/d030vhowvd,1
nbcaâ€™,1
near-infinit,1
near-single-hand,1
nearbi,9
necessarili,241
"necessary,",4
"needed,",11
"needs,",3
needs:,24
needÂ to,1
negoti,31
nelson,15
"nelson),",1
"nelson,",3
nervou,3
nervous.,1
"nets,",20
netsÂ pick,1
"nevertheless,",3
new:Â jimmi,1
newest,5
"newest,",1
newfound,5
newsroom,1
newsÂ docu,1
next-to-last,5
next:Â toronto,1
nfl',3
nichola,2
nicholson,1
nickname.,3
night!,1
night.Â ,8
"nightcap,",1
nightâ€™,12
nike.Â ,1
nikeâ€™,4
nina,1
nine-man,2
nine-year,8
nine.,4
nit,2
nit).,1
"nit,",1
nit-pick,1
no-brainer.,1
no-isaiah,1
no-layup,1
nobodyâ€™,6
noel?,1
nomine,23
non-discrimin,1
non-displac,3
non-guaranteed.,3
non-scor,1
non-stop;,1
nonbind,1
nonstop.,1
noon,2
"nop,",3
nored.,1
north,56
"northwestern,",1
not.,33
noticed.,3
notori,8
"novak,",1
"november,",8
"november,Â bosh",1
november:,1
now,798
"now,",208
now:,5
nowtizki.,1
ntikilina,1
nuanc,4
"nucleus,",1
nudg,6
nugget,107
nuggets',2
nuggets.,17
nurkic!,1
"nursing,",1
"nutrition,",1
nyweshÂ |,1
o'neal.Â ,1
oakland?,3
object,9
obliged.,1
obstacl,3
obstacle-cours,1
obvious,78
obvious.,4
occasion.,2
occasionally.),1
"occasions,",2
october.,8
october.),1
ode,1
odom.,1
of.,8
off,7
"off,",19
off-bal,3
off...thisiswhyweplaypic.twitter.com/b7aprdgme8,1
offenseÂ and,2
"offensive,",1
"offer,",6
offic,96
"official,",4
"officials,",4
offrtg,3
offseason.Â ,2
offseasonâ€™,2
offÂ a,1
offÂ thre,1
ofÂ fast,1
oils.,1
ointment.,1
olajuwon,9
old-school,3
older,15
older.,1
olmaz,2
olson',1
olympiaco,1
on-the-job,1
onc,44
once.Â Â paul,1
"one-legged,",1
"one-year,",6
"ones,",1
only!,1
onsit,1
onslaught,1
open!,1
open-mouth,1
opening.,4
operations/gener,2
"opponent,",3
opponents',6
opponents.,4
opponentâ€™,2
opportunity.Â ,2
optim,16
option,105
option.,12
orangeâ€™,1
ordeal,1
oregon)?,1
oregon.),2
organizationâ€™sÂ ,1
"organized,",2
orient,1
orl,3
"orl,",2
oscar,35
oscar.,2
osetkowski.,1
osmani|,1
osmanÂ with,1
ospr,1
ot.,1
other,103
other',2
other.,23
other.Â to,2
otherwis,13
otherÂ for,1
"otherâ€™s,",1
ouch.,1
ourand,1
ourand.,1
"ouster,",1
out.',1
out.'',1
out.Â itâ€™,1
out?,2
outcom,15
"outcome,",2
"outcomes,",1
"outplayed,",1
outrun.,1
outward,1
outwork,3
overall.,20
overboard?,1
overflow,1
oversea,9
"overstatement,",1
overtak,3
overtime.,5
overtimes.,1
overvalu,1
overÂ a,1
overÂ onc,1
ovg,9
ownership,40
"ownership,",9
ozzi,2
oâ€™brien,5
"oâ€™neal,",2
oâ€™quinn,3
"p.m.,Â Â abc/rgam",5
pac-10,3
"pacers),",2
"pacers,",17
pacers:,1
paces.,1
"pacific,",1
page,229
pain.â€™â€™,1
painkil,1
paintÂ in,1
pal,3
palat,1
"palpable,",1
pampa,1
"parabolas,",1
parentheses):,4
park.,5
parquet,2
participated.Â ,1
particular.,2
partizan,5
partner.Â ,1
"partnership,",11
pass),1
pass).,8
pass)Â in,1
"passed,",1
"passer,",6
passers.,1
patellar,3
path,37
"path,",1
path.Â ,1
"patient,",2
patients.Â ,1
patrickâ€™,1
patton).,1
paul,356
"paul,",38
paul:,1
paulâ€™,9
paus,9
"paxson,",6
paycheck.,2
payn,7
paÂ â€“,1
peace.,1
peaked.,1
peanut,1
pedal,1
pedal.,2
peels.,1
peg,1
pelicans).,1
"pelicans,",19
pelicans],1
"pelinka,",2
pen,2
penavaÂ |,1
pend,7
penni,4
pennsylvania,1
pennsylvania.,1
"pensacola,",2
per.,1
pera;,1
"percent),",9
percent).Â howard',1
"percentage),",1
percept,11
perception.,2
"percolate,",1
pereira,2
perfect,61
perfect.,2
performance).,1
"performs,",1
perpetu,2
perplex,1
persisted.Â ,1
"person,''",1
persona,3
persona.,1
personnel-wis,1
"perÂ game,Â whil",1
pester,3
"petrovic,",1
pga,3
philadelphia)44.Â washington,1
"philadelphia,",14
philadelphia:,4
philanthropi,2
"philippines,",1
philly.com,1
philly.Â ,1
phillyÂ sign,1
phillyâ€™,8
"philosophy,",1
phoenixÂ 2.,1
physicality.,1
physicianâ€™,1
pic.twitter.com/0wlfkur7gc,1
pic.twitter.com/6iefljwtqt,1
pic.twitter.com/ahafxqvzpb,1
pic.twitter.com/ai2ojvej2p,2
pic.twitter.com/fm9bxv6yym,1
pic.twitter.com/fwy6huvi9l,1
pic.twitter.com/gikq1dqmli,1
pic.twitter.com/irluholnz8,1
pic.twitter.com/mrxxuo4hgg,1
pic.twitter.com/odajyentvi,1
pic.twitter.com/p51od2e4s8,1
pic.twitter.com/tbztvitp4f,1
pic.twitter.com/txxmebzapi,1
pic.twitter.com/xdy18ccvat,1
pick?,2
"picks,",13
picks:,2
pierce',1
pierce.,1
pippen,7
piston,159
piston.,1
pistons',10
pistons.,11
pistons.nov.,1
pistonsâ€™,7
pistonâ€™,1
pjt,1
place,205
place.,18
plagu,2
planning.,1
platforms.,15
play!!!,1
play.â€™,2
play?,5
play?.,1
played.,14
player,2119
player',9
player-refere,1
player.,83
player/assist,1
players),4
playmakersÂ stev,2
"playmaking,",1
"playoff,",1
playoff-gam,1
"playoffs,Â th",2
"plays,",21
"playstation,",1
"pleasant,",1
plu,17
"plugging,",1
plus-11.6,1
plus-14.,1
plus-7,1
plus/minu,3
"pluto,",1
pm,13
"pm,",2
pm:,9
pmchicago,1
pmmemphi,1
"pocahontas,",1
poeltl,6
"point-blank,",1
pointer.,1
points.,60
points].,1
pointsÂ and,1
poirier,2
poirier|,1
polic,23
"policies,",3
pop.,1
popovich.Â that,1
"porous,",1
portfolio,8
portland2015,1
porzingisâ€™,2
"position,'",1
positionless,2
positive.,4
"possession),",2
possessions,2
possessions.,14
"possibilities,",1
possible.,18
post-gam,2
post-season.,1
postseason),1
"postseasons,",2
postÂ report,1
"potential,",12
pounce.,1
"pounds,",11
poutine?,1
poverti,12
powell:Â in,1
powell:Â Â a,1
powell:Â Â parker',1
ppg/6.3,2
practice;,1
prayers.,2
pre-,1
pre-ord,1
prefers.,1
"presence,",3
"presidency,",1
presidenti,2
"presser,",1
"pressures,",2
prestigi,1
preview,15
previou,104
"price,",2
pricewaterhousecoopers.,1
pricey,3
"prince,",2
priority.,2
privat,18
probably.,2
probationari,1
problem,75
problem?,1
procedur,20
"procedure,",6
"proceedings,",1
process),1
procur,1
procyonid,1
professor.,1
profit,9
prognosi,1
progress,41
"progress,",2
"progressing,",1
project,39
promised.,1
prompt,7
"proof,",1
propel,8
properly.,2
prose,1
prospects.Â ,1
"protect,",1
protector.,3
protocol.,2
protocol.Â ,2
proven,26
"provocative,",1
prudent,2
prudent?,2
"psychologist,",2
pt,2
"pt,",1
pts),3
publicli,23
"punch.Â actually,",1
purpose.,1
"putts,",3
putÂ kevin,1
puzzle.,2
q-rate,1
q:Â but,1
"qualifiers,",1
qualify.,1
qualities:,1
quality.,2
quantity,1
quarter-centuri,1
quarterfinal-round,1
quartet,1
"quest,",1
question,127
"questionable,",3
quibbl,2
"quick,",5
quick-fix,1
quicker.,3
quickly.,9
quickness.,1
quinndari,1
quip,3
quirki,3
quit.,1
quite?,1
quixot,1
race,34
"race,",5
radio).Â ,1
radio.Â ,3
radioÂ for,7
radja,2
rafter,8
ragu,1
raider,1
"raisers,",1
rakutenâ€™,4
ramona,17
ramsay,1
randolph.Â ,1
randolphâ€™,1
rang,91
rank)/4.Â ,1
rank)offrtg:,2
rankingsÂ |,1
raps',1
raptorsÂ a,1
rashad,3
rashawn,1
rashe,4
ratifi,1
rating):,1
rating-defens,1
rd.,1
re-imagin,2
re-injur,2
"re-think,",1
reaction.,2
readili,2
readjustment.,1
"ready,",5
real...,1
realist.,2
reason.,5
reasonably-pr,1
"reasons,",13
reasons:,1
rebelsâ€™,1
"rebounding,",3
rebounds.Â Â Â Â ,1
reboundsÂ ov,1
rebuild.,6
recap:,2
receivedÂ an,1
"recently,",7
recently:,1
recipi,12
"recipients,",1
reclaim,1
recognition.,3
recollect,6
reconcil,4
record!!!,1
"record,",11
record-set,6
record:,66
recount.,1
"recovers,",1
recovery/timet,1
"recruit,",1
recuper,1
redempt,1
reel,8
rees,1
refereeing),2
referendum,4
refinanc,1
"refined,",1
"reflection,",2
"reflex,",1
refrain,1
regroup,1
regular.,2
rein,1
reinsdorf,3
relationship.'',1
release.Â iâ€™v,1
release:maverick,1
release:Â hornet,1
release:Â Â spur,1
remain,298
remainsÂ a,1
remarked:,1
remember?,1
remind,26
remote.,2
rent,1
repeal,1
"repeated,",1
repeatedli,6
"reportedly,",2
reportedÂ h,1
reporters),1
reportersÂ aft,1
reports.,10
"represent,",2
"representation,",1
republ,15
"reputation,",4
reputation:,1
reserve.,7
"reserves,",9
reshap,5
resili,8
resolut,3
"resort,",1
respected.,2
"respectively,",27
respond.,1
responses.,1
result,103
results;,1
resurfaced.,1
"resurgence,",1
retain,27
retir,71
"retire,",3
retire],1
retirement.,4
"retiring,",2
"retooling,",2
"returned,",3
"returns,",5
reunion,8
revel,5
reveng,2
revenu,37
revenue-shar,3
revenues.,1
"reviews,",2
reward,28
rewarding.,1
rewritten.,1
rex,1
"rhythm,",5
richard,7
"richmond,",3
"ridiculous,",1
right),1
right?Â ,1
rigor-morti,1
"riley,",3
rim),2
rim-rattl,1
rings.,7
rins,2
rip.,2
ripcity.,1
ripen,1
"rising,",2
risk,41
"risk,",2
"rita,",2
riversÂ said,1
road,77
"road,",19
road-heavi,1
roar,7
robersonâ€™,1
roberts,1
"robinson,",14
rockets-clipp,2
rockets.april,2
rockets.Â ,4
rockets?,3
rocketsâ€™,26
rodman,2
role-play,1
"roller,",1
rondae-holli,1
ronâ€™,2
rook,2
rookie),1
"rookie),",1
rookies.,1
room;,2
rooms.,2
roots.,1
rori,2
rosalyn,1
rose-l,1
rosen,1
"rosters,",4
rotation),1
roug,1
roughshod,1
round,191
round-up,1
round.,37
round.),1
rounder,2
"rounder,",1
"rounds,",4
routin,13
routine.,4
routinely.,1
"row),",1
rozier,16
rpg/47.5,2
rtu,2
ru,1
rubin,8
rubrikÂ and,1
rule.,1
run?,3
runawayÂ titl,1
rundown,2
runninâ€™,1
runout,1
runway.,2
rush,15
"rush,",1
russ.,1
"russell,",11
ruth.),1
saban,1
"sacrifices,",1
safe),1
"safer,",1
"safety,",3
saga,2
"saga,",1
sagerstrong,3
said.Â i,5
said.Â it',1
said.Â w,1
salah,6
salary-drive-readi,1
sam,46
sander,4
sandi,1
sanford,1
sankey,2
"saric,",4
sasha,1
sat,42
"sat,",1
satoranski,6
"satoransky,",2
"saturday,",59
saturday:,3
"saturdays,",1
saturn,1
"savannah,",1
save,44
"save,",1
savvi,6
"savvier,",1
say:Â iâ€™v,1
"says),",2
saysÂ darren,1
scandal.,1
scari,13
scene:Â a,1
scene:Â chicago,1
sceneri,2
schedules.,4
schlenk.,3
schmoozer,1
schuhmann:Â paul,1
schuhmann:Â Â park,1
"score,",15
"scoreless,",1
scorer,75
scorers.,5
scorerâ€™,1
scoring-lead,1
"scott,",6
scout.com.,1
scout.Â ,1
"scouting,",1
scouts.,3
scrapped.,2
scratch,8
"scratch,",1
screen...,1
script,1
scufflingâ€¦â€™,1
sea,2
"search,",3
search:,3
searchÂ nba.com.oth,1
"season),",12
season)Â ar,1
season:Â team,6
season;,10
season?nbatv,1
"seasons),",2
"seasons,â€™â€™",1
seasons.,102
seasonÂ cam,3
seasonÂ du,1
seasonÂ until,4
seats.,1
"seattle,",13
seattleâ€™,3
secaucu,1
"second,",14
second-best,4
second-com,2
second-half,5
second-scor,1
second:,1
"secretariat,",1
secrets.,1
section,5
see.,21
seeding.,1
seeking.,2
seem,219
sefolosha,10
segundo,2
sekou,65
selden,6
selected.,3
selection).,3
self,3
"self,",3
"self-contained,",1
selfishli,2
"selfishly,",1
sell!,1
"selves,",1
semblanc,1
semest,2
"semifinals,",7
semifinals:,1
semin,4
senior,40
sentient,2
sentÂ dwight,1
separ,34
"september,",5
"sequel,",1
seraphin.,2
seri,321
series-clinch,3
series-win,1
series.Â ,5
series?,2
seriesâ€™,1
seriously?,1
"sessions,",6
seven-gam,14
"seven-game,",1
seventh-best,1
sgaâ€™,1
shakeup,3
"shaking,",1
shane,4
shaqtin,15
shaquil,27
shaqâ€™,3
"shareÂ advice,",1
"sharing,",1
sharpen,2
sharpshoot,6
"sheet,",2
sheldon,1
sheryl,1
sheâ€™,3
shield,3
shift,34
shift.,1
"shimmiesÂ again,",1
ship,9
shirley,1
shockersâ€™,2
shoe,16
"shoe,",3
shone,1
shootaround,14
"shootaround,",4
shootaround:,1
shooter;,2
shooting].,1
shop.,2
short-hand,2
short-lived.,2
short-rang,1
shortcom,1
"shortcoming,",1
shorts.,1
shot.-,1
shotgun,2
shots),4
shots.â€™,1
"shoulders,",2
"shouted,",2
show.,11
"showcase,",1
showdownÂ with,1
showtim,4
siakam,9
siakam),1
sichuan,1
sick,7
side.,7
"sidelines,",2
sierra,1
signed.,1
significance.,3
silly.,1
silver,115
siman,2
simmon,103
simmonskey,1
simon,12
"simons,",1
since.th,1
single-elimin,2
singular,2
sister',2
sister.,1
sisterâ€™,1
sitcom,1
sitdown,2
"sites,",1
situation:Â san,1
six,320
"six,",6
"sixth,",2
sixth-seed,1
size,47
"size,",20
skeet,1
skeptic,4
skile,2
skill,67
skill.,3
"skills,",7
skin.,1
sky,4
"sky,",1
sky-walk,1
slash,2
slasher,1
"slashers,",1
slate,11
slate.,1
slay,3
slice,5
"slide,",1
slight.,1
slippag,2
sloppi,3
slots.,1
slug,2
"small,",5
small-television-market,1
small:,2
smarter.,1
smartli,2
smatter,2
"smith,Â georg",1
smith:Â clint,1
smith:Â th,1
smith:Â Â a,1
smith:Â Â in,1
smith:Â Â mark,1
smoke,7
snag,6
"snarky,",9
"sneaker,",1
"snell,",1
snubbed?,1
"snyder,",4
so.,20
soap.,1
sobbing.,4
"soccer's,",1
societi,6
soil.econet,1
solitari,2
solved.,1
somebodi,39
somehow,10
someplac,3
son),1
soniv,3
sons',1
sons.,1
sooth,1
"sorry,",2
sorti,1
"sorts,",1
sorts.Â ,1
"sounded,",2
soweto,1
sox.,1
spain,6
spain',2
spain.,1
spaldingÂ |Â louisvil,1
span.,7
special.,14
"spectrum,",2
speculate.,1
speculation,2
"speech,",4
speed,17
speed.,2
spendi,1
spevey,1
spg):Â mitchel,2
"spg):Â smith,",2
spg.,1
sphere.,1
spici,1
spin,3
"spin,",1
split,53
splitter,3
"spoelstra,",2
sponsor,8
sport-ori,1
sport;,1
sportsÂ th,1
sportvu.,6
"spots,",1
spotted.,1
sprain.Â jackson,1
spray,1
springfield,4
sprite,2
"spruell,",1
"spurt,",1
stab,1
stabil,15
stability.,1
"stacy,",1
staff,259
staff',2
staff.,15
staffer,5
"staffs,",2
staffsâ€”who,1
stair,1
stake,22
"stakes,",1
"stale,",1
stammer,1
stanc,6
standards.,3
standings.,5
"standpoint,",14
stanford.,1
star-desper,1
star-spangl,3
star-stock,1
stare,11
starogard,2
stars.,4
starter.Â Â ,1
starters),1
stat-stuf,1
"state),",1
state-northridgeÂ ,1
state.Â ,4
state?,2
states.,6
statesmanâ€™,1
stateâ€™,41
stats:Â 22.5,1
stats:Â 28.0,1
stats:Â 31.1,1
"stature,",3
status?,2
stay;,1
stays.,2
"steady,",3
steals.,20
steam,1
steam.,2
stephenson',3
stephenson.,3
stephenÂ curri,1
"sterling,",1
"stern,",7
stick;,2
stigmat,1
still).,1
stingi,2
"stink,",1
stipul,1
"stock,",2
stockpil,4
stockton,11
stockton',1
stoke,5
"stonebrae,",1
stop,75
"stop,",5
stop:,1
store,15
"stores,",2
storytelling,1
storyâ€™,2
stott,13
"stotts,",2
stoudemir,3
strafe,1
straight.,5
straightforward,1
straus.,1
"streak,",8
streamlin,1
"streams,",1
"street,",2
streeter.,1
strength.,5
strenuous,1
stretch.,17
stretcher,5
stride.,3
strike.,2
string,13
strong-mind,1
"structural,",1
"stuart,",1
stubbornli,1
student),1
students.,1
stumptown,1
stun-gun,1
stupid,3
sturdy.,1
sub,6
"subconsciously,",1
subscrib,9
substanc,5
substances.,1
subtl,2
succeed,12
succeed.,3
"successes,",1
successful.,2
such,8
"such,",5
such:,1
sucker,2
sufferedÂ a,1
suggest,33
"suites,",2
suitor,5
"summer),",3
summer;,1
summertim,1
sundayÂ --,1
"sunlight,",1
"suns),",3
suns;,2
sunset,2
sunsÂ play,1
sunsÂ reportedli,1
"super-max,",1
super-s,1
superbook,1
superdom,2
superstar,62
superstar),1
superstarÂ gianni,1
"superteam,",1
supporter?,1
suppos,31
sure,180
"sure,",27
surprise.,7
survey,4
"survive,",1
susan,2
suspension;,1
"sustainable,",2
swac,1
"swac,",1
swallow,4
swamp,3
swartz,1
"sweeney,",1
sweeten,1
swept,32
swin,2
swinging.,1
swipe,2
switch-ability.Â teagu,1
switches),1
sydney,4
symphoni,1
synch,3
syndrom,1
system',1
system.,13
ta,10
tables.,1
tad,3
tak,1
take-two,1
"taken,",1
taking.,3
"tales,",1
talks.,8
tall.,2
taller,3
"taller,",3
tamper,3
"tampering,",2
tanenbaum,1
tar,6
target,33
tarkanian,2
tashawn,2
tattoo,1
tax-deduct,1
tax.Â th,1
teaching?,1
team),13
team-high,13
team-ori,1
team-worst,1
teammateÂ larri,1
"teamwork,",1
teamÂ earli,2
teamÂ had,1
teas,3
tech;,1
"technical,",1
tedious,1
teen,1
televis,57
"televised,",2
"television,",4
"telling,",1
tenant,1
tenet,1
"tenn.,",1
"tense,",1
teodos,9
teodosic',1
teodosic.,1
term.Â ,1
terms.,5
territories.,6
terry',1
terry.,1
tevonn,1
tex.,1
texas,3
text,24
th,13
thamel,1
thanks!!!,1
thanksgiv,4
that,378
"that,",219
that:,2
thatÂ hi,1
thatÂ th,3
thatâ€¦(but),1
"the-honeymoon-is-over,",1
theathleticmin,1
"theatrics,",1
thekidfromakronðŸ¤´ðŸ¾,1
themselves.,15
then-blockbust,1
then-commission,6
then-hornet,6
then-six,1
then-youth,2
theo,1
"theoretically,",1
there',114
there.,104
therebi,1
thereâ€”no,1
thereâ€¦,1
these:,1
they'll,18
they?,1
theyÂ fel,1
theyÂ reach,1
theÂ brooklyn,2
theÂ controversi,1
theÂ four-year,1
theÂ k,1
theÂ labor,1
theÂ lo,12
theÂ miami,2
theÂ nbaÂ today,2
theÂ philadelphia,2
theÂ puresweatÂ guy,2
theÂ rul,1
theÂ san,4
theÂ utah,1
thibodeau,31
thibodeauâ€™,2
thick,12
thiel,3
thin.,3
thing;,1
"things,",25
things:,2
thinking?,1
third.,7
thirsti,1
this;,2
this?â€™,1
"thisÂ morning,",1
thomas-thompson,1
thomasÂ scor,1
thompson?,2
thompsonp.,1
thomsen:Â paul,1
though.,27
thought,188
"thoughtful,",2
three-head,1
three-put,1
three-tim,45
three-win,1
three.Â ,1
threes;,1
"threesome,",1
threeÂ that,1
throat.,3
throne,4
"throws),",1
thrust,4
thumb.,4
thunder,189
thunder/warrior,1
thurl,1
thursday',28
thursday.,39
"tiago,",1
tibia,2
"ticket-selling,",1
ticketpro.co.za.,1
tie.,2
tiffani,1
tilman.,1
tilt,3
timberwolves),1
time).,2
time;,1
timefram,1
timeframe.Â ,1
times),2
timesgot,1
timesâ€™Â brad,1
"timetable,",1
timmi,3
ting,1
tinker,2
tip-off,11
tip-to,1
tip:form,1
tipoff.,2
tipton,1
tires.,2
tissu,1
title),1
titles.,14
tjuta,1
tmle,2
to,26
to%,2
"to,",37
to:,4
tod,1
"tod,",1
"today,Â butlerÂ discuss",1
today.Â ,3
todayÂ and,1
todayâ€™,24
todd,2
toddler,1
toes.,1
together..,1
toni,79
too.,87
too.Â ,2
tooley.,1
top-4,1
top-fiveÂ play,1
top-flight,1
top-rat,1
topic.,1
toppedÂ 50,1
tor,5
"tor,",2
toronto,209
toronto',11
toronto.,24
toronto/indiana-typ,1
torr,4
"torres,",2
"tossed,",1
total.,5
tote,4
touch,42
touches).,1
"tough-minded,",2
tournament',1
tournament.,12
tout.,1
towardÂ beginn,1
towel,3
town.,11
"towns,",14
towns:,2
toy,1
toyota,10
toÂ benchÂ all-star,1
toÂ clinch,1
toÂ grizzlies.comÂ aft,1
toÂ near,1
toÂ off,1
toÂ outplay,1
toÂ tak,1
toÂ th,2
toÂ us,1
traci,12
"trade,",30
"trade,Â denv",1
trade:,2
traded,1
"traded,",12
trademarkÂ sens,1
trader,4
tradit,26
traffic,8
trail,126
trainers]Â wil,2
training;,1
trajectory.,2
tran,1
transform,18
transgend,4
transit,52
transition.,10
translation:,1
trayvon,1
treasur,5
treated.,1
treatment,20
treehous,1
"treviso,",2
tri,584
"trial,",1
triangl,9
tribeca,1
"tribune,",5
tribune:,1
trierÂ |,1
trifl,1
triggerman,1
trooper,1
"troubles,",1
truck,10
true;,2
trulyÂ interest,1
trump,33
"truth,",6
tubto,2
"tuesday,",40
tug,1
tulaneÂ ,2
tumbl,3
tumble.,1
tuned.,1
"tunisia),",1
tunisian,2
turkish,6
turndown,1
turnov,63
turnovers!--,1
tussl,2
tv,1
tv).,1
"tv,",26
"tweak,",1
"tweet,",3
twice,38
twist,11
twitch,3
"twitch,",1
twitter!,2
twitter):Â ,1
two,1231
"two,",28
two-and-a-halfÂ season,2
two-gam,1
two-handedÂ dunk,1
"two-step,",1
two:,1
typecast,2
typic,16
tyrek,22
tyronn,46
tyson,7
u.s.,51
"u.s.,",4
uab,1
uber-athlet,1
uclaâ€™,2
udoh,2
"udoh,",1
ufa,1
"ugly,",1
ugurlu,2
ujiri.,2
ultim,85
umbrella,1
"unable,",1
"unacceptable,",1
"unbeatable,",1
uncertain,9
uncertainti,9
unclear,10
uncomfort,14
uncommonli,1
uncontested.,2
uncontrol,2
"unconventionally,",1
under-repres,1
"underestimated,",1
undergon,12
underpin,1
unders,6
underscor,1
undoubtedli,3
undraft,15
undu,2
uneducated?,1
unenthusiast,1
unexpect,10
unfailingli,1
unfathom,1
unicaja,5
"uniforms),",1
"uninformed/stupid,",1
unintent,2
unit,58
"unit,",4
university.,1
unknown,8
"unlikely,",2
unlv.,1
unmatched.,1
unmet,1
unnerv,2
unprofession,1
unprotected.,1
unreli,2
unrival,1
unseemli,1
unspoken,2
unsportsmanlik,2
unsportsmanlike,1
unsteadili,1
unstopp,4
unsung,1
unto,1
"unusual,",1
"up-and-down,",2
up-clos,2
up.,79
update...,1
upgrad,26
upheaval.,2
ups!,1
upset.,7
upsetting.,1
upÂ whil,1
urg,7
"uruguay,",1
us,283
"us,",48
usa',1
uscaa,1
use.Â that',1
"used),",1
users.,1
"usurped,",1
uta,1
"uta,",3
utah',8
utah.,9
utahth,1
uwm,1
"valedictory,",2
valencia,2
"value,",2
"valued,",1
van,66
"vancouver,",1
vanderbilt,2
vanderbilt.,1
vandewegh,1
vanvleet,6
vardon,7
"vardon,",2
varna,2
veins.,1
"ventures,",996
versatilitykey,1
"version,",1
"viber,",1
victimized,1
victori,164
video,46
videotap,1
viewâ€™,1
villanova/usa,1
villanovaâ€™,2
vindic,2
vini,4
violent,3
"virginia,",2
virginiaâ€™,1
visa,4
visibl,8
visitorsâ€™,2
visual,1
voice.),1
volum,11
von,2
votes.Â ,5
vucev,1
"vujacic,",1
vultures?,1
wadecounti,1
wage,4
"wage,",2
wager,2
"wagner,",2
wait,80
"wait,",7
wait-and-se,2
waive-and-stretch,1
walgreen,1
walk,84
"walk,",2
walkthrough,1
wall),1
wall.Â ,1
wallâ€™,15
walsh,1
wane,4
want.Â ,1
warn,4
"warren,",1
warriors,2
warriors'Â domin,1
"warriors,Â but",1
warriors:Â th,1
"was,",45
was:,1
was],1
washington:Â team,2
washington;,1
washinton,2
"wasn't,",1
wasÂ afterÂ mak,1
wasÂ rul,1
watch.,8
way!,1
"way.Â just,",1
wayn,14
waysid,1
wbca,1
weaksid,2
wealth,6
"weaponry,",1
wearabl,1
weari,2
webber,5
webber).,2
weber,2
weber),2
webster,4
wed.,1
wednesday,102
week.Â ,3
weekâ€™,17
weight,16
weight.,5
"welcoming,",1
well).,2
well-coached.,1
well-connect,1
well-deserv,1
well-establish,1
well-kept,2
well-known,2
well-serv,2
well-travel,2
"wellness,",7
welts.,1
wendel,13
werenâ€™t.,1
wereÂ stil,1
"west),",3
west?,1
westbrook',4
westbrook.,11
westbrook.â€™,1
westbrook/kevin,1
"westwood,",2
whack.,1
what',40
what.,4
whatever.,3
whereabout,2
whif,1
whim,4
whisper,2
whitaker:Â doc,1
whites.,1
who?,3
whoever.,1
whole.,4
whom.,1
whop,5
wickedli,1
wide,42
wide-rang,2
wide-spectrum,1
wilcoxâ€™â€™,1
"wildcats,",1
wili,1
"wilkins,",1
willi,25
william,102
willingli,5
"wiltjer,",1
win-loss,1
win-now,6
winc,1
wincing.,1
"winer,",1
wing.,8
winger,6
"wings,",2
wingspan,8
winner,70
winner.,8
"winning,",14
"winnipeg,",1
winston-salem,1
wire,4
"wire,",1
wisdom,6
wisdom.,1
"withey,",1
"withÂ 2,684.",2
withÂ jasikevicius:,1
withÂ nba,1
withÂ th,3
wmar-tv,1
wnba,40
"wnba,",2
wojnarowksi,1
won-loss,1
wondersÂ (wilt,1
"wonâ€™t,",1
"woody,",1
word.,3
"words,",10
words:,2
work.,43
worked.,3
worker,17
worker.,2
"workers,",4
"works,",2
world.Â two,1
worlds.,1
worn,11
would,1103
wow.,4
wrangl,1
"wright,",2
wright.Â ,1
"writing,",3
wrote.,14
wsu,4
wuerzburg,3
wyc,2
x-ray.,1
ya'll,1
yang,3
yao,34
"yao,",1
year),10
"year,Â they",1
"year-long,",1
yearbook.,10
years.Â ,3
yearsâ€™,3
"yearâ€™s,",1
yell,8
"yell,",1
"yelled,",1
yesterday',1
yesterday.,3
york!!!,1
york/new,1
yorkÂ --Â for,1
you!,3
you.â€™,3
young',1
young.,10
younger,41
youngster,12
"youngster,",1
youngÂ |,1
yourself;,1
yugoslavia,1
yâ€™alls.,1
z,1
zanik.,2
zealand,1
zemaiti,2
zilgitt,1
zippo.,1
zipserÂ ha,1
zo.,1
zone.,1
"zones,",1
"|Â 1,122",1
|Â 170,1
|Â 2015Â |Â 2014Â |,1
|Â 205,3
|Â 31,1
|Â 38,1
|Â 6-1|,1
|Â 6-6,2
|Â assess,1
|Â f/c,1
|Â golden,1
|Â march,3
|Â q&a,1
|Â sf,1
|Â wingsÂ |Â guard,1
Â ---,3
Â aargh!Â â€“,1
Â ap,6
Â bayi,1
Â befor,1
Â bring,1
Â buducnost,1
Â byu,1
Â each,1
Â earlier,1
Â he',2
Â hi,1
Â isaiah,1
Â it,1
Â jaron,1
Â kentucky,1
Â m-v-p!,1
Â natur,1
Â paok,1
Â recommend,1
Â strasbourg,1
Â talli,1
Â thereâ€™,1
Â to,2
"Â unless,",1
Â warrior,1
Â with,1
Â Â legend,2
Â Â nba,1
Â Â offici,1
Â Â Â Â Â Â Â Â Â Â ,1
Â Â Â Â Â Â Â Â Â Â Â Â Â Â Â Â Â Â Â Â Â Â Â Â Â ,2
Â Â Â Â Â Â Â Â Â Â Â Â Â Â Â Â Â Â Â Â Â Â Â Â Â Â ,2
Â Â Â Â Â Â Â Â Â Â Â Â Â Â Â Â Â Â Â Â Â Â Â Â Â Â Â Â Â Â Â Â Â Â ,1
Å¾eleznik,1
â€“Â thu.,1
â€˜,1
â€˜70,2
â€˜a,1
â€˜be,2
â€˜dipsâ€™,1
â€˜em.,2
â€˜fess,1
â€˜hate,1
â€˜letâ€™,2
â€˜oh,1
"â€˜okay,",3
"â€˜personalization,â€™",1
"â€˜rebuilding,â€™",1
â€˜we,3
"â€˜well,",3
â€˜why.â€™,1
â€™12),1
"â€™13),",1
â€™13-â€™14.,1
â€™14-â€™15;,1
â€™90s,1
â€™99.,1
â€¢Â lonni,1
â€¦,156
â€ªtakewhatsyoursâ€¬,1
âœŠðŸ¾ðŸ™ðŸ¾striveforgreatnessðŸš€,1
ðŸ’¼!!!,1
ðŸ”¥,1
