"$1,725",2
$1.80,1
$1300,1
$1650,1
$27.99,1
$34.99,1
$39.99.,3
$5,4
$5....3,1
$50/unit,4
$7.4,2
$75,11
&gt;&gt;&gt;nba,1
&gt;nba,5
'76,1
'casualties',1
'extraordinary',3
'i'm,1
'nba,2
'one,1
'passion',1
'ship,1
'soft',2
'space,4
'taking-one-game-at-a-time',1
(+130),1
(+215.5),1
(+6.5),1
(-103/1.97),1
(-110/1.91),1
(-125),3
(-160),1
(-7.5),1
(04/14/19),1
(1/2),1
(10-5),1
(11-16,1
(11/69).,1
(15.2%),1
(15.3%).,1
(17-13),1
(18,3
(1970,1
(1h),1
(239),1
(24),4
"(24,10",1
(25,2
(2nd/3rd,1
(386),9
(4/14/2019),1
(41-41).,1
"(41.3%),",1
(512),4
(6),7
(60%),3
(7%),1
(7:00pm),1
(953),3
(960),1
(974),3
(9:30pm),1
(a,4
(abm),1
(aka,2
(all,2
(along,1
(assum,1
(atlanta,1
(ats):,1
(babi,1
"(basketball),",1
(best,2
(bi,1
(bloodsport).,1
(clean),4
(close,1
(coverage),1
(day,1
(doc),1
(en,2
(former,1
(g),1
(go,1
(hang,1
(he,3
(https://t.co/jeqnmacsoq),1
(inspir,1
(lebron,4
(left,2
(louisvil,1
(men‚Äô,2
(mon,1
(nation,1
(nba),5
(no,1
(oladipo/sabonis/ilyasova,1
(outsid,1
(playoff,1
(playoff),1
(playoffs?).,1
(pooka,1
(present,1
(rockets),1
(saison,1
(san:,2
(score,1
(shoulder),11
(small,1
(snjeffblair),1
(spoiler:,1
(spring,1
(there,1
(they,1
(uclaanderson,1
(uno,1
(vlone),1
(w/video),2
(when,2
(who,3
(whole,1
(you'll,1
),28
"+0.78uüí∞,",1
+10.5,1
+103,1
+103‚ùå,1
+105.,1
+110,3
+110‚ùå,1
+138,1
+145,2
+15üí´,1
+180,1
+24.5u,2
+250,1
+3.5,23
+46.53uüí∞,1
+5,1
+6(-120)üí∞,1
+775,1
",je",1
-$615,1
--net,1
--orlando,1
"-0,5",1
-1.30,1
-1.5ü§®,3
-105,8
-110:,3
-110‚ùå,1
-112,1
-13.5,2
-140,10
-15,2
"-250,",1
-280,1
-2‚≠êÔ∏è,1
-525,1
-588,1
-5‚ùå,1
-6,7
-7(-110)üí∞,1
"-7,5",1
-8.5(-110)üí∞,2
-8:00pm,1
-curri,1
-derrick,1
-good,1
-master,2
-middleton,1
-reggi,1
-th,4
-the,3
-tiger,4
-trailblazers,1
...,94
......pathet,1
.....that,1
....befor,1
....can‚Äôt,1
...anyone?,1
"...anyway,",1
...did,1
...in,1
...that,1
...you,1
..you,1
.3,1
.com?,1
.detroitpiston,1
.enes_kant,2
.justrycole‚Äô,1
.nba,7
.okcthund,1
.oprahsid,1
.swish41,1
.thats_fln,1
.uniwatch,2
0,45
0-for-8,1
0.1,1
00:00,4
06.,1
07:00,1
09:30,1
0ots_,2
1!üî•üî•,1
"1,413th",1
"1-0,",2
1-10,2
1-2,3
1-4.,1
1-855-tygaston,2
1-9,1
1-xtra,9
1.105,1
1.15,1
1.413,1
1.6,2
1.99,1
1.üî¥‚ö´Ô∏è‚ö™Ô∏è,1
10),1
10-15,1
10-day,1
100,15
100-96.,1
10000000000,1
1000x,1
101-96,23
104-99,11
104...,1
105.5,1
107,4
109.,1
10apg,1
10step,1
11,36
11%),2
11-16,1
11-4,2
111-102,6
112/249),1
114,2
11:46,1
121,10
121-104,25
123.,2
12ppg,1
13-0,1
13.,3
13/12/16,1
135,1
139-116,1
14-19)??,1
14abr,1
"14th,",1
15-13,1
151.,1
158.,1
15pt,2
15u,1
"16,",3
16-0..,1
16.5,1
163,1
16rpg,1
170,1
18,47
19...now,1
19.99,1
"1960),",1
"1961,",1
"1968,",1
1977,1
1984,3
1986.,1
1991,1
"1996,",1
1998,1
1:05pm...,1
1?,8
1b,1
1hüèÄüí∞üî•üëçgamblingtwitt,1
1k.,1
1p,2
1u],1
1¬†recap,1
2',5
2-0,23
2-10-1,1
2-day,1
2-seed,2
2.,42
2.2/2u,1
2.23,3
2.jonathan,1
2/14,1
20-22-1,1
20-some,1
20.,1
2004-2005,1
2005,5
2009!,1
"2010,",1
2011-2012,1
2012,1
2014.,1
"2017,",1
2018-2019,3
2019,280
2019-,1
2019ae,1
205,1
209p.,1
21.9,1
210...boston-7,1
210.5,6
211);,1
213‚úÖ,2
219,3
227's‚Ñ¢,1
227‚úÖ,1
"23,",4
"23,45,",2
23k,1
"23p,4r,3a,3blk,",1
24/7,1
247,1
24hrs?,1
25,38
25%‚Ä¶,1
25-16,1
25.1,1
250+,1
254-4100:,1
27.,2
28-12,1
293!,1
29th,2
2Q,2
2X,1
2am,1
"2k,",2
2k..,1
2k...just,1
2k19),238
2k19-score,1
2k20,3
2khuntsearch,1
2ktvwow,2
2min,1
2seed,1
3's.,1
3-0.,1
3-for-29,1
3-hour,1
"3-pointer,",1
3.5x,1
3/22,1
3/31/19,1
30%,9
"30,",1
30.5,1
30/mill,1
30ft,1
310sport,1
317kidz),1
32,7
32-16,2
32/11/11,1
35$,1
35+,1
38-point,1
"38p,15r,7a",1
39,3
3:21,1
3:30.,1
3:51.,1
3bbb,1
3more,1
3pa,1
"3pm,",1
3rd.,4
3s.,6
3v3,5
3x,6
3√®me...,1
3Ô∏è‚É£ü•á,1
4!,250
"4-1,",1
4-3,4
4.11.19,3
4.lillard,1
"4/14,",1
4/14/2019,6
4/14:,2
4/16,1
42-40,1
450,1
45‚Ç¨,1
46,3
46.48$,1
47-45,1
"48%,",1
49-45.,1
4gottenfuturist,1
4pm,2
4pt,1
4th,74
4u,3
4waller,1
4‚≠êÔ∏è0-1,1
5%,1
"5,",8
5-1,2
5-8,1
5.5,10
5/10,1
5/19.,4
50k!,1
51%,1
51-49,1
53,5
59.5ü§ë,1
59.5ü§©üí∞,1
5:,1
5:30,1
5:51,1
5pr,1
6-11+,1
6-6,1
6...,1
6.1%,1
6.4.2019.,4
60,31
60-80%,1
600+,1
61%.,2
620wtmj,5
65%,6
67,5
674/746.,1
"683-1,",1
"693,",1
6:45,1
6??,1
6apg,1
6ixbuzztv,1
6ixtakes!,1
6thman,1
6‚Ç¨,1
6üòá,1
7,171
7-16,1
7.00,1
7/ot,1
"72,",1
72-68.,1
74,24
74hayn,1
75-68???,1
75-73,1
75-point,1
76ers/net,1
76ersnba,1
76ers¬†fan,1
79%,2
7:00am,1
7:04,1
7:30p.,1
7:30pm,2
7:53,1
7ast,1
7asts,1
7s,1
"8,999",1
8-10,2
8-24,1
8-7-1,1
8-9,2
8.hollow,1
800,2
801bread,2
80‚Ç¨,1
81,4
81pointkob,2
84-74???,1
843charleston23,2
"86,",2
88.1,1
8?,1
9.,5
9.30,1
90',3
90‚Äô,3
"93,",6
94...,1
95,3
"959,",1
96?,1
971theticketxyt,1
98/191,1
9999,1
999naito,3
9:00-10:00,1
9:30am,2
9am,5
9pm!!,1
??,3
AN,7
AU,1
BR,5
BY,5
Bu,2
CA,2
CO,2
D),1
DE,5
DL,1
Da,5
Do,48
E,11
EP,2
El,27
Es,7
Ez,2
F1,6
FM,4
FT,5
GC,1
GQ,1
Gm,3
Hc,1
Ig,3
In,159
"J,",1
JV,2
Jr,4
KE,1
L,20
LB,2
Le,8
Ls,2
MF,2
MT,1
Mi,2
N.,1
NC,2
NJ,3
OG,3
ON,42
PR,1
Pg,5
RL,9
S,8
SB,4
SW,1
Se,9
Sz,1
TF,1
TT,6
U5,1
UC,4
W!,2
W/,1
W6,2
WR,1
"X,",1
Ya,18
Yo,24
[2019],1
[2u],1
[booing],1
[free],3
[post,2
___gcheck,1
__kayy19,3
__trot__,1
_almightyjosh,1
_berger2,1
_christiankeith,8
_gamerbabejess,1
_mrfo20,1
_nba,1
_njay3,1
_onwisconsin_,1
_seniel98,1
_vaughnag,1
_zeet,2
a,16
a.i,1
a1amn,1
aac,3
aadam_ashraf,1
aarnim,1
aarp,2
abartsƒ±n,1
abc/espn,1
abc/espn&gt;&gt;&gt;&gt;,1
abc7new,2
abc¬†new,1
abdul,1
abdulamemon,4
abort,1
absolut,70
absurd,2
abus,5
acab√≥!,1
academi,1
"account,",1
accumulate.,1
achad92,1
achando,2
acid,1
acquir,4
act.,3
action.,12
actividad,2
"actualidad,",1
actually.,3
actually..,1
acuerda,1
adamin,1
adamsmorgan,1
adaptars,1
adem√°,3
adjust.,1
admir,2
admiratif,1
admonish,2
advoc,3
adƒ±ndan,1
aficionado,2
after,65
afvoffici,1
again?,3
again??,1
agency!,1
agent.,1
agitated...,1
ago.,16
agree..,1
aguiluchosdecoraz√≥n‚Ä¶,1
ahead.,1
ahleeeu,1
aimee',1
ainda,2
ain‚Äôt.,1
air!,1
aka,9
ako,2
aktan,2
al,35
albeemichael,1
alcanza,1
"aldridge,",1
aldridge:,2
ale,3
aleixet7,2
alerperez,2
alert.,1
alexander_1link,1
alexjfurtado,2
alexppurdi,2
alexstg25,1
alitamovi,1
alito_nba,7
aliwashburn,1
all,263
all-,2
all-star,28
all-time?,1
allenjwitkowski,1
allen¬¥,1
alleyesnorth,1
allez,1
allfantasypod,1
alloc,1
allstar,11
alone.,4
along,24
alreadi,108
already?,1
alright.,2
also...,1
"alturas,",1
alum,3
alvaronho!,1
alwayswin,1
amazonmus,2
amberella06,1
america-cruz,1
americanexpress,1
ami,2
"amigos,",2
"aminu,",1
amirhkhan23,1
amorc,1
amsterdam,1
am√©,1
anacabrera,1
analog,1
analysi,16
analyz,4
"and,",1
and-1,1
andan,1
andr,15
andrerome2,1
andrew2,1
andrewdbailey,1
andrewleezu,2
andrewlynch,1
android,4
anezsez,1
angelo,1
angry.,1
anniversari,2
annonc,1
anoche.,1
ant,17
anti-semitism,1
antics?,1
anybody...onli,1
anymore?,1
anyon,87
"anyways,",2
aoc,2
aorainoldi,1
aparec,1
apart,11
apooch,1
app.,12
apparel,1
apparently.,1
"appearance,",3
appearances.,1
aprilüò¨,1
aprovechan,1
arbitrari,2
are!,3
are...,1
area?,1
argument,34
arichie,3
ariza.,1
arkansashogpen,1
armys!,1
around,77
around?,2
arranca,1
"arrested,",2
arriv,6
"arrogance,",1
ars002,2
art..,1
article.,1
aruble8,1
asavagen,1
asesores,1
ashnicolephoto,1
asiandabrattt,1
asistencia,2
asistencias.,2
asking.,1
asl,1
ass,103
assez,1
assign,4
assist,77
assist√™ncia,1
assum,8
astound,2
as√≠.,1
athlet,58
athleticbrew,1
"athleticism,",1
atl/pit,1
atp,2
atroci,1
attack,13
attempt,21
attempts).,1
attention.,4
at√©,3
atƒ±n,1
audience.,1
audiencia,2
augusta&gt;nba,1
augusta.,2
aumenta,1
autist,2
available:,1
avanc,1
avanza?,126
"average,",1
"averages,",1
avoid,10
avoir,1
avs/flam,1
award-win,1
award.,1
awatson3323,1
away.,2
awhil,3
ayeshacurri,1
ayind,1
ayo,2
ayton,1
ayƒ±,1
az,3
azz,2
a√±o,9
b-ball.,1
b/r,1
b_moor33,1
baaaaaaaaaaaaaad,1
baaaaaaaaaaaannnnnggg,1
baaaaaaaaaaaby!,1
baaaaaack.source:,1
babbl,1
babi,26
baby!!!,2
baby.,3
babyyyyyy,1
bachscore,1
"back,",12
back...i,2
backdoor,4
backdoor.,1
backflip,1
"backs,",1
backtap,1
backwoodsbabbl,1
badass!!,1
badbasketgr.,1
badge.,1
badthouqht,2
baggag,2
bags!,1
bah,2
bailout,1
bait-and-switch,1
bait...say,1
bakermayfield‚Äô,1
bal/bos,1
balance!,1
"ball,",6
ball:,1
baller,2
ballmer,1
ballüèÄüèÄüèÄüèÄüôèüèΩüôåüèΩ,1
baltraven52,1
banana,1
bananero.,1
banc.,1
bandwagonfan,1
"bandwagons,",1
bango,2
bangr0nknandez,2
bankruptci,1
banski,9
bar!!!,1
barack.,1
"barkley,",1
barrel,1
barrett,2
barri,8
"base,",2
baseball...,1
based360,1
basket,21
basketb,1
basketbal,406
basketball&gt;,1
basketball..but,1
basketballforlif,1
basketballtrain,1
basketball‚Äô,1
basketbol,1
basketcin,2
bassƒ±n,1
bastard,4
batch,1
batonroug,1
baxterholm,1
bayarea,2
bayareasportshq,1
baynesfanclub,4
bayyyynnz,1
ba≈üladƒ±.,1
bball_ref:,1
bdberto12,1
bdub,1
be??....,1
beach,4
bear,8
beat.,4
beatdwn,1
beaucoup,2
bec,1
becauserachael,1
beef,2
been?,4
"beer,",1
befor,15
"begin,",2
begins.,2
"behavior,",1
beilein,3
being_wok,1
believ,99
believe!!,1
believeinmagi,1
believeinsix,1
believes.,1
belinelli,2
bellatormma,1
belt,2
ben!,1
bench.,12
benchbth,1
benefit,11
benjamin_bagley,1
benjaminjdawson,1
benjaminsraven,1
benshapiro,2
berniesand,1
best,728
bestsundayev,1
bet!!!,1
bet365,9
bet_lab,3
betmybooki,1
betsüëç,1
better!,3
bettman,3
bettor),1
between,16
"bev,",1
beverley,111
beverley!,1
beverly!,1
beverly‚Äô,3
beyonc,5
beyond.,1
bfomebranch,1
bhsdriller,1
bi,7
bias.,1
biden,1
big.,1
biggaboss_biggz,1
bigmoneyatl,1
bigmykethegreat,1
bill,20
billie!,1
billyvegas08,1
"bilmir,",1
bind:,1
binghamton,1
biomaginos,1
biraz,2
birdgang570,1
birdman,1
birds....he‚Äô,1
biz,1
bizarr,4
bk5,1
blacklistedbey,1
blacksford1,2
blacshinigami,1
blair,1
blake,70
blakegriffin23,7
blakemurphyodc,1
blanket,1
blazers,6
"blazers,",4
blazers:,1
bleacher,6
bleacherreport,286
blessed.,1
blessings.,1
bloodi,5
blow-bys.,1
"blues,",1
blueshirtsbreak,1
blue‚Ä¶,1
blurri,2
blvd,2
bmoharriscent,1
boa,1
bobi,2
boblian1206,1
bogdanovic,1
bogdanoviƒá:,1
bogdanoviƒç,1
bohs,1
boinkage,1
bomber,1
"bonjour,",1
boo,26
boo-en,1
boomin,1
boooooon,1
booti,2
bordel....,1
borgetti58,1
"boring,",1
bosser,1
boston,163
boston/indi,1
bostongarden,1
both!,1
bottomless,1
"bounce,",1
boutta,2
box.,1
boycott,2
boys!!!,1
boys.,4
br_bet,14
bra.,1
bracket.,2
bradleymoore__,1
bradydoessport,2
brah.,1
brasilia,1
brat,2
bravesüí∞,1
"brazdeikis,",1
break...,1
breakdown!!,1
breakdown:,3
breakout,2
breen,6
breh,1
brennaspenc,1
brett‚Äô,1
briantrobb,1
brief,5
brighter,1
bring,69
bringbackoursonics,1
brmartinalum,1
bro.,6
brogdon...it‚Äô,1
brokestboy,3
bromanc,1
bronsexu,4
brooklyn),1
broom,1
broooo,1
brother!!!,1
"brother,",1
brucerivers11,3
bruh!....turkish,1
bruhh,1
bruin),1
bruis,1
brushed.,1
brutal.,2
bryan_mear,1
bryanmunci,1
br√∂ther,1
btruetolif,2
btw.,1
buckets!,1
bucketsondaili,1
buckeyeedits15,1
buckhead..,2
bucks-13,1
bucksinfour,1
bud,4
buddyboi94,1
budenholz,11
"budenholzer,",1
bud‚Äô,1
buff,2
buffetcoderemx,1
build),1
building.,2
bullock,1
bullshit.,2
bulmadƒ±k...,1
bum.,1
bumm,1
"bummer,",1
burger.,1
burham,1
burlington,1
busi,29
business.,3
bust!,1
busy.,1
but.,1
butt,4
buy,67
buzzer!,2
bxrsh,1
by.,1
byran,1
byron_d11,1
bƒ±rak,1
c',4
c's!!!!,1
c.,1
ca).,1
cacasurevan,3
cadr,1
cafe,3
cajuneagle1955,1
cakedeliverynyc,1
cakewalk,3
cal5k,1
calcioklimberg,1
calendar.,1
cali818d,1
calib,13
caliber.,1
calidad,1
calls.,7
calls???,1
calmbbal,1
cam,5
camanbet,4
cambiar,1
cambio,3
came,59
cameronparkerpo,1
camp!,1
campaign!,2
"campo,",1
can?,1
cancel,4
cande_pontelli,1
candy.,2
cannonjw,1
cannot.,1
canthitnothin,1
capitol,2
caprisundam,1
"car,",1
caramel,1
cararice104,1
card,31
cardinals.,1
care?,1
careeer,2
career!,4
carlos_gamu,1
carlton,1
carolina,3
caron,17
casa,5
cash,40
cashindf,1
"cast,",1
cat,9
catch-al,1
catchi,1
categori,4
category?,1
cavs),1
cbj,2
cbjvstbl,1
cbj‚Äã,1
cboogie_3,1
ccaacommishcox,1
ccongrat,1
ceas,1
celta,1
celticspac,1
celticsterri,1
cena,1
center,62
"center,",1
center:,1
centr,2
century.,1
ceo,1
cerrada,2
certifi,7
cesarms94,1
cfl,1
cgi,2
ch28_garcia,1
champ..,1
champion?,1
championship?!,1
chandler!,1
"chanmpion,",1
channels,1
channels.,1
chapter,8
charged.,1
charger,1
charlott,11
"charlotte,",1
charlottean28,6
chasethebussi,1
chat,12
chauds..,1
chawleejay,1
"checking,",1
chefbecookin,3
chegou,1
chelsea-liverpool.,2
cheryl_miller31,1
chevyc,1
"chicago,",2
chief,4
child.,1
children,4
chillin,3
chillin',1
"chipper,",1
"chippy,",1
chirp,3
chirp!,1
choic,13
choicehotel,1
choker,4
chris60617678,1
chriscalvo11,1
chriscoteespn,2
christo12693014,1
christo23849759,1
chromecast?,1
chuckdb7,1
chunk,1
cierr,2
cierto,1
cincyctk,1
cincywx,1
city....hickory....rip,1
citytim30,1
civilian,1
cj43,1
cjlawrenceesq,1
cjmccollum,15
cjzer0,1
ck013',1
ckrauss7,1
clammi,1
clamp,2
clase,1
class,15
class!,1
cle!,1
cle/kc,1
clean.,1
clegane,1
clemson,1
clev/kc,1
clevelandcavali,1
clf_423,2
clients.,1
clintelli,1
clintkellyclint,1
clintthebox,1
clip,24
clippernation,1
clippers/warrior,2
clipsnationsbn,1
clns_nick,1
clnsmedia,3
clock,9
close,71
close!,3
clown,13
clubhous,1
clutch/playoff,1
clutchest,1
clutchpointsapp,1
cm,1
cmonn,1
co.,4
co_rapunzel4,1
"coach,",22
coach:,1
coachbrannen,4
coachcroninuc,1
coachpaintch,2
coach‚Äô,1
coast.,1
coat,2
cocain,1
coddl,1
"coffee,",1
collabor,1
collect,21
collegefootbal,2
"collins,",1
colo,1
colorway?,1
com,17
"combine,",1
come,313
coment√°rio,1
comenzaron,4
comercial,2
comics..,1
comienzan,1
comin,3
coming,1
coming:,1
comment?,1
commentari,11
commentators.,1
commercial?!?üòÇ,1
community.,4
compani,10
company.,1
compar,65
comparable!,1
compet,39
competitions.,1
competitive.,1
complain,23
"complaining,",1
completo,3
complimentari,1
comprei,1
compri,1
comprou,1
computronnn,6
comunqu,1
con?,1
con???,1
concept,2
concern,6
conci,1
conclus,3
"conditions,",1
confeddi,1
conference.,8
conferencia,6
"conferencia,",1
confetti),1
confiar,1
confidence.jimrom,1
confident.,1
congrats!,1
congratstigerüèåüèø‚Äç‚ôÇÔ∏èüèÜ,1
conjunct,1
conner,1
conscious,1
consecut,4
consecutiva,1
consideration.,1
consigui√≥,1
consistently.,1
consumm,1
contamin,1
contar,1
"content,",2
content://media/external/file/42410.,1
contention!?,1
content‚Ä¶,1
context,4
continu,68
continue,1
contract!!!,1
contracts?,1
"controller,",1
convers,20
conversamo,1
convo,6
coogler,1
cookieboy1794,1
cool....,1
coreypgoodman,1
cosa,4
cot,1
cotton...,1
couchplantsunday,1
"could,",1
countdown.,1
counterpart,1
countri,12
country.,6
coup,2
coupl,41
court,76
court!,2
cousin.,1
coverage.,7
covers,1
cplsoccer,1
craft.,1
craigcoshun,1
crankin,1
crap.,2
craziest,6
crazy,2
crazy!,2
crazy...show,1
creativectrl,1
credencial,1
crew,17
"crib,",1
crisi,1
crossfir,1
crossingbroad,1
crossover.,1
crybaby.,1
cte,1
cuantoacuanto,1
cub,9
cube,2
cubicl,2
cubs,1
cuec,1
cuecen,1
cuff................someth,1
cuit...,1
culprit,1
culture,1
"culture,",1
culver,1
cup,41
current.,1
currently/hav,1
curry,5
curry!,4
curt,1
curtissam,1
custom,8
cutler,1
czubiksor,1
c‚Äô,5
c‚Äôest,8
c‚Äôs,1
d'un,2
d-leagu,2
d-lo,2
d0ublen,1
dabreufort,1
dad,18
dagger!!,1
daili,17
dalanodrd,1
daleearnold,1
dallas!,1
damanr,4
damianlillard.,1
danbreslin10,1
danc,9
danet,1
danielurbanol,1
dannylop19,1
dar,1
dare,4
darko,1
darl,1
darrenrovel,8
dart_adam,1
dashboard...,1
dat2u,1
data.,1
davecromwel,1
daved38694616,1
david.,1
davidalangri,1
davidlawtenni,1
davidsolberg15,2
davis(bkn),1
day,588
day-,1
daylight,1
days,1
days??,1
dayskin,1
day‚Äô,1
daznglob,2
dback,2
dbertans_42,1
dc,1
"deactivated,",1
"dead,",2
deadbeat,1
deadey,1
"deadly,",1
deaf,1
deal..,1
"dear,",1
debate.,2
decade.,2
decision-mak,1
declare?,1
decreas,1
decripdemar,1
def,16
defenders.,1
defense...i,1
deficit,10
"defiende,",1
defin,12
deflections‚§µÔ∏è,1
dehuman,1
dejado,1
dejagerblak,1
dellcurry!!!,1
delv,1
dem,7
demar-for,1
demar:,1
demarcu,18
demarkesport,1
demorizi_eudi,1
deni,6
denied.,1
denis,1
dennis_bdtw,1
depaul,1
depend,10
deposit!,1
depth.,2
derd,1
derken,1
derni√®r,2
deron,1
derozan/aldridg,1
derozen,2
derrick!,1
derrickbrooks4,1
derrota,5
deryspeak,1
descanso,2
describ,5
"designs,",1
desire.,1
desktop,1
desleixado.,1
desol,1
dessu,1
destiny_mariee1,2
det,13
detector,1
detnewsrodbeard,3
detriot,2
detriotbasketbal,1
detroit!!,1
detroit',1
detroit.,1
detroitnew,2
detroitpistons,1
detroitredw,1
detvsmil,4
deuces.‚Äô,1
deviat,1
devic,3
devin3penick,1
devot,2
dezelfd,1
dfaynet,1
dfb1997_,1
dfs.,1
dfs_joey,1
dfs_nba_dk,1
dfspick,1
dgceltics9,1
dgsmithward,1
dia,4
dial,7
diamondback,2
diannaarb,1
diant,1
did!!,1
didntseeit,1
didn‚Äôt,101
didn‚Äôt?,2
difference?,1
different...but,1
difficult,7
difficulti,1
diffrent,1
"dif√≠cil,",1
diga,1
dinadahl,1
dinner!!,1
dio,5
directli,4
dirkchatelain,1
dirtiest,2
disagree.,5
disai,1
disaster...,1
disclosure:,1
discredit,1
discussion.,1
disgrac,1
disgust,3
dish?,1
disneyland,1
disown,1
disrespectful.,2
distinction.,1
ditch,2
divac,4
dive,9
dj,3
dj_marcb,1
djlockpick,1
dk/fdüèÄ,1
dlo',1
dloitz,1
dmasonart,1
dnation17,1
"do,",8
do..,1
"doble-doble,",1
doesn't,4
doesn‚Äôt),1
dojo,1
dokomanni,1
dolorosa,1
domicil,1
domicilio,1
dominan,1
domini,1
domo_lxxxvi,1
donaghi,1
donald,2
donavan,3
donc,2
done.,8
donovan,19
dontjump‚Ä¶,1
don‚Äôt,375
dopeitsjesse1,1
dotson,3
double-double.,1
double?,1
doubli,1
doubt.,2
doubters:,1
dougmcdermott,1
doyl,1
doƒürudur.,1
dpoti,1
dprplaymor,1
dps!,1
dr_de11,1
draft!!,1
draft),1
draft????,1
draft?üòÇ,1
draftkings.,1
dragon,6
"drake,future,gucci,2",1
drama..,1
draymond,43
"draymond,",1
draymond:,1
drbl,1
dread,2
dreams.,1
dreamsilenc,1
dream‚Ä¶.requir,1
drewthagod1,3
dri,8
dribbling.,1
drill,4
drob7nson,2
drove,1
"drummond,",1
drummyyt,2
"drunk,",1
dthird_coast,2
dub.,1
dubailjustin,1
dubnation¬†,3
dubnation‚Ä¶,1
"dude,",3
dudley,15
"dudley,",1
duke:,1
dukenukemrulz,1
dukesandbell929,1
dumb?,1
dumbass,2
dumpster,4
dun,1
duneftl,1
dunkedon,1
dupla,1
durant,147
durant(th,1
"durant,",45
durant-patrick,1
durant:,3
"duret√©,",1
durn,1
"dwyane,",1
dynasty,1
dynasty:,1
d√©j√†,1
eadougi,1
eagleeyepicks11,1
eagles‚Äô,3
ear.,1
earnest:,1
earnhardt,1
easili,28
easport,5
easportsfifa,1
easportsnba,3
eastern~,6
eckstussi,1
econom,3
edelman,1
edg,7
edit,18
efectiva,1
effect...,1
efficiency,1
effort.,5
eflin],2
eg,1
egrant14,4
eh?,1
ehhh,1
"eilish,",1
"either,",2
ejected!,2
ejection!,1
el_pipita1,1
elements.,1
eleva,1
elijahogden,1
elijahwood,1
eliminated?,1
elk,1
ellesriracha,1
"ellington,",1
ellos...,1
elver!,1
email.,1
email..,1
emerg,8
emergency.,2
emotionüò™,1
emphasize?,1
employe,1
en,284
encima,1
encontrei,1
encount,1
encourag,1
encuentra,1
endgame/playoff,1
ene,36
energy...,1
enes_kanter.,1
enormes.,1
enriquealfaror,1
entiendo,1
entirely.,1
entry‚Äô,1
eoy.,1
ep.,3
epic,15
epitom,1
"equipo,",1
era?,2
eric!,1
ericarene,1
ericg_nba,18
erickcarrizo1,1
erupted.,1
escal,1
espera.,1
espero,2
espnorlando,1
espuela,1
estarei,1
estar√°,2
estat,3
estilo,1
"est√°,",1
etc.,14
etern,1
etiqueta,1
eu,9
euf√≥rica,1
eumr_,1
euro,2
evalu,4
evening!,1
ever?,3
everi,253
everybodi,25
"everyday,",3
everyone,1
everyone‚Äîinclud,1
everyoth,1
everything.,7
everywhere.,3
everywhereeeeeee,1
evil,2
evoluci√≥n,1
exactli,19
"exactly,",3
exagger,1
exampl,15
example.,1
excel,13
excuse!,1
execs.,1
exhibir,1
exited.,2
exits:,1
expansio...,1
experi,23
experience...,1
experto,2
expertpick,107
expliqu,1
explod,3
explor,4
expo,1
expos,19
exposed.,1
extend,8
extravaganza,1
"eye,",1
eyewit,1
f.o.,1
"f1,",4
facebook,6
facilit,1
facu!,1
failures.,2
"fair,",1
fairytal,1
fait,7
falan,1
falando,1
falcon,1
falling.,1
falou,1
familia,1
families.,3
family?,1
fan,353
fanintoronto,1
fans,3
fantasygrit,1
fantasylabsnba,1
fan‚Äô,1
far!,5
far...,2
farewells,1
fark_xx3,3
farokhmanesh,1
fashion.,1
fast.,5
fatdoubl,2
fate!,1
"fault,",1
favor;,1
favorito,11
"fa√ßon,",1
fchwpo,2
fcn44nant,3
fd,1
fdrpick,1
fearthedear,3
feel.,1
feeling.,1
fellas!!!,1
femaleatlhawk,2
"ferguson,",1
feud,1
few,2
"fi,",1
fica,1
fico,1
fiction,3
"field,",1
fight!!!,1
fight.smh,1
fighterbackstabberzking,1
"final,",1
final:,11
finals......veri,1
financed.,1
fine.,11
fined.,1
fiquei,1
fire,69
firepow,3
firethewholeteam,1
"first,",8
first:,1
fiserv¬†forum,1
fisherman,1
fishsport,1
fit.,2
"fitch,",1
fivethirtyeight,1
flareup,1
flatmarssoc12,1
flex,2
flgang,1
fli,5
flick,3
flint,1
floor...,1
fluke,18
fm82,1
fold,3
folk,18
folks,1
folks!,3
followers!,1
fondant,1
football‚Äô,1
foo‚Äôs!!!,1
forever,1
forfeit,1
forma,3
formid,1
formula1000,1
forth,5
"fortunately,",1
forward,55
forward!,1
foul,101
foul..glad,1
fouled),1
found....,1
fourth!,2
fr,6
fran!,1
francisco...,1
frank0831,1
"frankly,.....",1
franky_castro,1
fraudul,2
fre,3
fredo,1
fredvanvleet,1
free,169
freeagent,1
freebi,2
freeddawg,3
freekeith,2
freepick,58
freeplay,4
frees,1
freez,1
frent,4
frequent,1
frequently.,1
fresno,1
freundlogan,35
frfr.,1
friday,11
friday.,2
frito,1
frontiercorp,1
frost,1
"frustrating,",2
fs1,7
fswisconsin/nbaontnt,1
ft%:,1
ft.,9
fta',1
fts),1
fubo,1
fucked!,1
fuckyounba,1
fukushima,1
fultz,2
fun!,3
fundament,4
funday,8
funer,1
funkopop,1
"future,",1
futurenbaown,1
futures...,1
fuü§¨k,1
fye,1
fyeeeee,1
fymjrh,3
f√®,2
ga,3
gabeikard,2
gacitxalbo14,1
gaiiego,3
gain,5
gale,1
galiba,1
gallinari8888,1
gambl,12
"gambling,",3
"gamblingtwitter,",1
gameofthrones.,2
gameplay,3
games),5
games...ray,1
games/1,1
gamespeak,1
ganar.,1
ganaron,5
garbage...,1
garland,1
gary_payton_20,8
gass,1
gatorad,10
gaurd,2
gawd!,1
gdavis92,1
gear.,10
geek,4
geese_jolli,1
gems!!,1
gen,5
gene,3
"general,",5
genesse,1
geniu,20
"gentlemen,",1
geofflramsey,1
georgio_armanii,1
gerardjofresa5,1
german,2
getty,2
ggyoungboy,5
ghost,2
"giannis,",4
giannis:,1
giannisantetokoumpo,2
giant.,1
gilmore,1
gin√°sio,1
giorgi.,1
girlfriend,4
girlnamejo,1
giveaway,1
given,25
gkpick,1
gl!,1
glad.,1
gla√ßon,2
gleaug,1
glitching?,1
global,1
globetrotters!?!,1
glory.,1
glu,2
glue,1
"gm,",1
gmatzek,2
gna,2
go,752
go!brooklyn!,1
go4,1
goatknick,7
gocoug,1
goe,52
gogoldenstatewarrior,1
goin,3
golazo,1
golf.üòÄüôå,1
golf?,2
gomariners!,1
gomav,2
gon',2
good?,6
goodi,1
good‚Ä¶,1
gooooooo,1
gooooooo.,1
gospodskom,1
got'em,1
got8,1
got?,6
gottem,1
governor,1
gpp,11
gq.,1
graczi,1
grad,3
grade,3
gradyaiken,1
gram.,2
grandprix.,1
grandris,1
granted.,3
grantwilllam,1
gray,1
great,369
great!,7
greatestshooterever‚Ä¶,1
greekfreak,12
greensboroswarm,1
greggpopovich,1
gregpopovich,1
gregpopovich!,1
greyhound,1
griffin?,1
griffyboy88,1
grill..,1
gripe;,1
gripes.,1
grizz.,1
grizzli,7
"grow,",1
growth,2
grrrgraphic,1
grubhub,1
gschiller13,2
gsg,3
gstenberg,1
gsw',1
gsw.,2
gtd,1
gtwice12,1
guardar,1
guerreros.,1
"guess,",3
gueul,1
guidelines!,1
guinness,1
gunna,4
gusta,2
gustan,1
gusto,1
gutierrez_onel,1
guy!!,2
guys.,8
gwiss,7
gwtg,1
g√∂t,1
h,5
h23ash,1
h_town__sport,2
hablar,1
hace,8
hadi,1
haha!,2
hakemleri,1
half,96
half-heart,1
halftime:,3
halfway,5
hallüòÇüòÇüòÇüòÇüòÇüòÇüòÇüòÇüòÇ,1
halt,1
hammer.,2
hanap,1
hand...,1
handicap,13
handler,1
handler.,3
hands!or,1
hands.,2
hang,20
hankgreen,2
happening.,1
happening..,1
"happens,",5
happi,61
happiness.,1
hard.,7
hardaway,1
hardcor,1
haroldharoldy31,1
"harrell,",1
harrell:,2
harris),1
has.,2
hate.,3
hater',1
hater.,1
haters..h,1
hatƒ±rlƒ±yorum,1
havent,3
hawks),1
haysiyeti,1
haystack!,1
hayward,20
hbd!,1
hbolat,1
"hc,",1
he,30
head2head,1
head?,1
headband?,1
"headbands,",1
healthiq,1
"healthy,",1
heatfam,1
heatratio,2
heaven.,1
heck,4
hedo,1
heel,3
hegemonia,1
hell,57
hellatea,1
helluva,3
help!,1
here!,16
here!!,1
here&gt;,1
hero,9
hero‚Äô,1
herpi,1
hiatu,4
high-scor,1
highkin,6
highlights?,1
hilari,8
him),1
him.if,1
himself.,4
hipster,1
"his,",1
his/her,1
histf,1
history!!,3
history!!!,2
"history,",22
history/stat,1
history:,10
hist√≥ria,4
hizli,1
hobbi,1
hockey/basketbal,1
hockey?,1
hoje,7
holder,3
holla,2
hollis-jefferson,1
home',1
home.,17
homecourt.,1
homem,1
honest?,1
honesti,1
honestly...wasn‚Äôt,1
hood,9
hook,6
"hoop,",2
hoopdream,1
hooper,6
hoophead_prod,1
"hoops,",1
hope!,1
hopper:,1
horaciollama,1
horray...,1
"horrible,i",1
horror.,1
horseshit--btw:,1
hortencia,1
host,39
hostil.,1
hotspot,1
hotwheelz4lyf,1
hou/utah,1
hours.,6
"house,",1
houseofhighligh,1
houston!,1
houston!!,5
how'd,1
how‚Ä¶,1
hoy?,2
hpbasketbal,35
hrmmm,1
hs,2
https://t.co/05lhalqyk,1
https://t.co/0a5km3al2,1
https://t.co/0ameiiezul,1
https://t.co/0btgdbncz,1
https://t.co/0ccvexwzqt,1
https://t.co/0clj9itp3a,1
https://t.co/0cvhlyxhul,1
https://t.co/0djsi6msb,1
https://t.co/0eqfxnc,1
https://t.co/0mvamyix97,1
https://t.co/0nvgkcturn,1
https://t.co/0q8tf4zv7i,1
https://t.co/0rl69w379l,1
https://t.co/0ssgyawuyg,1
https://t.co/0tydfer1sg,1
https://t.co/0vqt8rzy2t,1
https://t.co/0x7r5omryr,1
https://t.co/0xm2bcuu14,1
https://t.co/0y4wt9k0w1,1
https://t.co/11acgo8a2i,1
https://t.co/12tmknmxek,1
https://t.co/148a1abrar,1
https://t.co/1dw4vg9euj,1
https://t.co/1dyuadewk1,1
https://t.co/1efuf2l2bc,1
https://t.co/1glvbi9zf0,1
https://t.co/1lh5mownpr,1
https://t.co/1neyoccx5r,1
https://t.co/1os84santg,1
https://t.co/1rags8tyi9,1
https://t.co/1roekqsowx,1
https://t.co/1swrdjqspz,1
https://t.co/1tfwkjbuo,1
https://t.co/1v7yn9o2ca,1
https://t.co/1vkwnwjwkm,1
https://t.co/1xx9yc3qgv,1
https://t.co/1ypjtr7ri9,1
https://t.co/1zl3yvwgtg,1
https://t.co/20pdoxdy8p,1
https://t.co/20sd9mom6k,1
https://t.co/218arw8jdi,1
https://t.co/23glab2sgl,1
https://t.co/2bcmez4fnt,1
https://t.co/2ew0bflckx,1
https://t.co/2hv5welgbn,1
https://t.co/2iff6nigsx,1
https://t.co/2lydblhx7v,1
https://t.co/2nrqvlau07,1
https://t.co/2royb5glmf,1
https://t.co/2xmxbqxi74,1
https://t.co/2yvttqg0c8,1
https://t.co/2zggaflb3p,1
https://t.co/36ggoa8t54,1
https://t.co/36xwa6v99l,1
https://t.co/397bec9w7k,1
https://t.co/3cnh4pjgkz,1
https://t.co/3crrmwkqno,1
https://t.co/3hgtmiovhg,1
https://t.co/3hn7o7cus1,1
https://t.co/3hvnfrdpf3,1
https://t.co/3jqn1ba1xp,1
https://t.co/3kuj4kywcl,1
https://t.co/3l9hxkt4qi,1
https://t.co/3mskyieasb,1
https://t.co/3n2dcnkqpf,1
https://t.co/3oflvymms1,1
https://t.co/3pwncyhvv2,1
https://t.co/3rrzwhsmgi,1
https://t.co/3tax1h7tyw,1
https://t.co/3thbvgmm5u,1
https://t.co/3vw4ukngrg,1
https://t.co/3zzjuacwyf,1
https://t.co/41drs4xxfc,1
https://t.co/43k9jf66o2,1
https://t.co/45sdbald5j,1
https://t.co/4awhpcrmwj,1
https://t.co/4diqykr8jb,1
https://t.co/4fnqnsmvig,1
https://t.co/4guitnydj0,1
https://t.co/4jg378y5t,1
https://t.co/4jgnyu3pqi,2
https://t.co/4l8c1c40om,1
https://t.co/4nentwri8x,1
https://t.co/4onndiotp2,1
https://t.co/4pkupypjsf,1
https://t.co/4qg8d9rfqa,1
https://t.co/4qyak3emok,1
https://t.co/4rim0z4gr4,1
https://t.co/4spggojysg,1
https://t.co/4udyen80ef,1
https://t.co/4ysev9ydep,1
https://t.co/5bepluiroj,1
https://t.co/5c3pkm4rtx,1
https://t.co/5deg56powk,1
https://t.co/5fxpxcyrhd,15
https://t.co/5h8dgpmsff,1
https://t.co/5hetcat8fh,2
https://t.co/5iyvmpmonb,1
https://t.co/5kiyse7u9g,1
https://t.co/5m05zwyi7i,2
https://t.co/5oqugkz9yp,1
https://t.co/5xlo4zmori,2
https://t.co/5yww7srlfi,1
https://t.co/643fu4o0u0,1
https://t.co/6a4aarf08z,1
https://t.co/6bt8vyltyb,1
https://t.co/6elabagirc,1
https://t.co/6elbjvxnat,1
https://t.co/6fejewkcyb,1
https://t.co/6fmuwwf6ax,1
https://t.co/6fqw5f0ssn,1
https://t.co/6g1vygqvqm,1
https://t.co/6hglvcc8l7,1
https://t.co/6iacawdlph,1
https://t.co/6kyhmfamcg,1
https://t.co/6lrryyku6c,1
https://t.co/6nzte3q5uf,1
https://t.co/6svvrcrv9d,1
https://t.co/6t9z0lotgr,1
https://t.co/6thzjozksk,1
https://t.co/6uhamnc0ud,1
https://t.co/6xpebr8ali,1
https://t.co/6ynjcuuool,1
https://t.co/73e0mtlbdc,1
https://t.co/747iibxwri,1
https://t.co/74sjx0qc6x,1
https://t.co/74zjv6jk51,1
https://t.co/77d6zjqdgu,1
https://t.co/7aepl50jw1,1
https://t.co/7cem9effkq,1
https://t.co/7d33leodv1,1
https://t.co/7e6xhuwhkm,1
https://t.co/7flcf21tni,1
https://t.co/7hik3no9ni,1
https://t.co/7i9rxvp5ac,1
https://t.co/7idval6vez,1
https://t.co/7m9z35moaa,1
https://t.co/7owcntbdxp,1
https://t.co/7r1majyfl,1
https://t.co/7xdl8x77e1,1
https://t.co/7z4vjhznuf,1
https://t.co/80ihkp9k79,1
https://t.co/86po5gh3ca,1
https://t.co/87yub1gcc9,1
https://t.co/89kkyfempx,1
https://t.co/8c8blzahlg,1
https://t.co/8e7rg97opl,1
https://t.co/8fsg9syns7,1
https://t.co/8gdjf9ngbz,1
https://t.co/8kkgahrkfd,1
https://t.co/8krw9bjzf,1
https://t.co/8kzrjuroid,1
https://t.co/8lgabeddca,1
https://t.co/8lkeh2rrm3,1
https://t.co/8nud7ecag9,1
https://t.co/8q5u3hkegz,1
https://t.co/8qyfi4fsji,1
https://t.co/8snezqw57h,1
https://t.co/8uzyxtx4z2,1
https://t.co/8xdy9wf67i,1
https://t.co/8xnplzxok5,1
https://t.co/98kd5ofcij,19
https://t.co/9aaz5hckv7,1
https://t.co/9dbzgxb9pz,1
https://t.co/9e3yhmi1kh,1
https://t.co/9fsa0bhxaf,1
https://t.co/9hhstjyyek,1
https://t.co/9ibbhfqqxk,1
https://t.co/9is16an5,1
https://t.co/9ja7o7twxi,1
https://t.co/9jf6b3aqfr,1
https://t.co/9jxf2hhu30,1
https://t.co/9kmrbbesta,1
https://t.co/9mijsk6pw,1
https://t.co/9mquixvrbi,1
https://t.co/9p4qaskf59,1
https://t.co/9qa1j895sx,1
https://t.co/9sim059ffq,1
https://t.co/9siu9g7cji,1
https://t.co/9sz0qn8nnq,1
https://t.co/9tjmypqc4d,1
https://t.co/9uajlkibjg,1
https://t.co/9uwhq2u74p,1
https://t.co/a1czqaz8j0,1
https://t.co/a1vxsw5pr,1
https://t.co/a3cmpsntr6,1
https://t.co/a9dbalu0q0,1
https://t.co/a9xtcwifq8,1
https://t.co/aapew80wsp,1
https://t.co/aaunf1a2lh,1
https://t.co/abzjcoe0yl,1
https://t.co/acoaqcjgat,1
https://t.co/aeodyll6h,1
https://t.co/af2j2kik2o,1
https://t.co/af4vu8qzy0,1
https://t.co/aghr9xmy7d,1
https://t.co/ai3k6tu99u,1
https://t.co/aikhj5dtpu,1
https://t.co/ajwmqpabdw,1
https://t.co/akbtxe7emu,1
https://t.co/aofxbx0qz1,1
https://t.co/aplnrtvkmw,1
https://t.co/ariaufbpm,1
https://t.co/arusdowzng,1
https://t.co/as7fczvdfu,1
https://t.co/asaicm4lx3,1
https://t.co/atyfx3vqmx,1
https://t.co/aw33m7zrtl,1
https://t.co/awuryxctpz,1
https://t.co/ay0c5grul,1
https://t.co/ay22v38yvl,1
https://t.co/azc3fk0nqz,1
https://t.co/b06bososfi,1
https://t.co/b0ta2mznmq,1
https://t.co/b0xvkmgg0m,1
https://t.co/b1f3rf4zw9,1
https://t.co/b36j6atyvr,1
https://t.co/b3a0phbqdb,1
https://t.co/b7eyyd2kmn,1
https://t.co/b7og174dvv,1
https://t.co/baf2cn3jt1,1
https://t.co/bba5imfud9,1
https://t.co/bbf3cckz28,1
https://t.co/bcwzkdsjsj,1
https://t.co/becj4g5jtc,1
https://t.co/befmzwr21,1
https://t.co/beg7bqexxx,1
https://t.co/bem0e5apgh,1
https://t.co/beuvivxvug,1
https://t.co/bewkgqgadf,1
https://t.co/bf8zo21ele...,1
https://t.co/bgftxlsl03,1
https://t.co/bigcvtyawg,1
https://t.co/biiyxqdoww,1
https://t.co/bjsevsbxfg,1
https://t.co/bklvwagu9q,1
https://t.co/bmj2gtriih,1
https://t.co/bnnmjnitfu,1
https://t.co/bnulipejph,1
https://t.co/bqduiyabmp,1
https://t.co/bqi8rqaxyz,1
https://t.co/bqk2soebl0,1
https://t.co/br158poput,1
https://t.co/bt7drtfqn8,1
https://t.co/bu2kwodvyu,1
https://t.co/but5mmejcv,1
https://t.co/bvfn4f24uc,1
https://t.co/bwcfgldeji,1
https://t.co/bxvttljbvg,1
https://t.co/c1iwqkwzgq,1
https://t.co/c2tnlquzo,1
https://t.co/c4gwftfjn9,1
https://t.co/c4lfgxhnwi,1
https://t.co/c7igogmmkv,1
https://t.co/c8cap4vb4r,1
https://t.co/ca5k8blwh,1
https://t.co/cbnkwkwywp,1
https://t.co/cdohuzmfxx,1
https://t.co/cdr3nlygun,1
https://t.co/cdxsmnnvob,1
https://t.co/cfopsuazgm,1
https://t.co/cgkwxbgigl,1
https://t.co/cj3ycyaffd,1
https://t.co/cjiqiidoo,1
https://t.co/cjrp4hlmsk,1
https://t.co/cljb2ujynf,1
https://t.co/cmqsml9ysa,1
https://t.co/cnpqhtkpbp,1
https://t.co/cnztxiwxtn,1
https://t.co/cobvxo2qet,1
https://t.co/cossfqxyg1,1
https://t.co/cqnvt8xc7u,1
https://t.co/cqzt2fcqqr,1
https://t.co/crkypmwz0i,1
https://t.co/crnrcjrqui,1
https://t.co/crpfzbpcdb,1
https://t.co/crqavqxywz,1
https://t.co/csjyjvg5u7,1
https://t.co/ctresqaxaf,1
https://t.co/cubea3wauz,1
https://t.co/cwo8pkejgi,1
https://t.co/cxsfamddrd,1
https://t.co/cxtupryf24,1
https://t.co/cy54nwocco,1
https://t.co/cyuxatwcvn,1
https://t.co/cz94v8xroi,1
https://t.co/d1mcmx3f8i,1
https://t.co/d1tyknltp4,1
https://t.co/d35u9x6xon,1
https://t.co/d3nczluqfn,1
https://t.co/d8oedlvyiw,1
https://t.co/dacydyo32f,1
https://t.co/dbjbqt4fz,1
https://t.co/dbyfizmbwx,1
https://t.co/dd2djnjo4h,1
https://t.co/ddaod78yds,1
https://t.co/ddgqaraqkl,2
https://t.co/de3kebymkl,1
https://t.co/dei7llsrnx,1
https://t.co/dfxuej5o,1
https://t.co/dg0xeiclvs,1
https://t.co/dhko3sxwzr,1
https://t.co/dhtmpbw5kj,1
https://t.co/diqad2ozhq,1
https://t.co/djm6tijult,1
https://t.co/dk0rhhfwyn,1
https://t.co/dmjtpuhewt,1
https://t.co/dmxzepfgxq,1
https://t.co/dnbdqecahf,1
https://t.co/dnfqdbnuxk,1
https://t.co/dnjxb3mqh2,1
https://t.co/dnlkiz0vkh,1
https://t.co/dpjj2rphit,1
https://t.co/dpo2bt7he3,1
https://t.co/dqq80aofmz,1
https://t.co/drhniqlpxt,1
https://t.co/dsb66v6gir,1
https://t.co/dsdmhhcbd7,1
https://t.co/dsqbp6ggw1,1
https://t.co/dumlmsd2of,1
https://t.co/dumxp3yf9b,1
https://t.co/dvd8khp8rt,1
https://t.co/dvpkjw8nfb,1
https://t.co/dwj1upybdv,1
https://t.co/dwlywpghru,1
https://t.co/dwsdj4iuql,1
https://t.co/dxdepptieo,1
https://t.co/dxscve2vz2,1
https://t.co/dylek2r6pk,1
https://t.co/dywwvrbnmq,1
https://t.co/dzczhdlz9a,1
https://t.co/e0bhefkuvx,1
https://t.co/e0nzdgwzgr,1
https://t.co/e0s3ki4wcc,1
https://t.co/e0zrd7i0cl,1
https://t.co/e4xgqbjki,1
https://t.co/e5inz7jcpp,1
https://t.co/e9mytpxlvo,1
https://t.co/ea3fribvwm,1
https://t.co/eb0qyctjyr,1
https://t.co/eb4tmnkcw7,1
https://t.co/ebr4arhgto,1
https://t.co/ec0smv1fcc,1
https://t.co/eciaer2erh,1
https://t.co/ecke3jlyru,1
https://t.co/edv7ngertt,1
https://t.co/edxnitqbg5,1
https://t.co/eefxgg1bjo,1
https://t.co/eegdpfhr4d,1
https://t.co/efmwknatd1,1
https://t.co/egpm3yeuem,1
https://t.co/egs0bjzmyu,1
https://t.co/egsiplnodi,1
https://t.co/ei0ncvst63,1
https://t.co/eiovlxiyl8,1
https://t.co/ekqq5hu8ra,1
https://t.co/el7ovxk3gi,1
https://t.co/elrbihq7sc,1
https://t.co/elzfvvnnfi,1
https://t.co/em7ymtvllb,1
https://t.co/enuzmztfnn,1
https://t.co/enwvpotu2o,1
https://t.co/enx0ez4q0b,1
https://t.co/ep2fwh2soz,1
https://t.co/ep708ej0ix,1
https://t.co/ephrmouuin.,1
https://t.co/eprjoudppq,1
https://t.co/eqd3os1dv2,1
https://t.co/eqoyg5tbnn,1
https://t.co/equhnrenjo,1
https://t.co/erfl9rzdwl,1
https://t.co/ergbw15rk9,1
https://t.co/eukpopdvja,1
https://t.co/euzk4jigxi,1
https://t.co/ew8cebry3u,1
https://t.co/ewca3x6cgi,1
https://t.co/ex1jntxmxp,1
https://t.co/eyzapfyx3t,1
https://t.co/ezeahjzfh0,1
https://t.co/f04ttbdant,1
https://t.co/f0fp5uq7zj,1
https://t.co/f2zirfgv9h,1
https://t.co/f42d4uzair,1
https://t.co/f4ueufae2c,1
https://t.co/f5j3avhlji,1
https://t.co/f6si6b7kvw,1
https://t.co/f8wola2hni,1
https://t.co/f92uuxep0j,1
https://t.co/f9eqb3l8il,1
https://t.co/f9qriptoj3,1
https://t.co/fa8jcjrmwr,1
https://t.co/faipsvaa6k,1
https://t.co/fbi6qn9yqp,1
https://t.co/fbuqsbrskj,2
https://t.co/fcnq4mu1kt,1
https://t.co/fcxqpmkbcb,1
https://t.co/ffnjn43fcl,1
https://t.co/fgei1hn0kn,1
https://t.co/fhairkkzbc,1
https://t.co/fj5nddqtdw,1
https://t.co/fjuw7bgizi,1
https://t.co/fljknvuhlh,4
https://t.co/fnzuxqeyhx,1
https://t.co/fobxw7gbnf,1
https://t.co/fode0v00l3,1
https://t.co/fon5bkcz1b,1
https://t.co/fotkfvc6jh,1
https://t.co/fpys3akjyc,1
https://t.co/fqlndysdri,2
https://t.co/fqnnss9gaj,1
https://t.co/fuuetvirjr,1
https://t.co/fvb37muqyd,1
https://t.co/fvdwh8rgc5,1
https://t.co/fvfylqedfq,1
https://t.co/fx18xjvzpr,1
https://t.co/fyjbg4e36x,1
https://t.co/fzlmcbibj2,1
https://t.co/fzmkhbc5l1,1
https://t.co/g0bzkrwr1r,1
https://t.co/g4xaewp8ko,1
https://t.co/g4xnzlivsa,1
https://t.co/g6v5nzgr5c,1
https://t.co/ga7arvpdtr,1
https://t.co/gcdukucv45,1
https://t.co/gciymhexsc,1
https://t.co/gdunef8ewg,1
https://t.co/gdvmdhdvrp,1
https://t.co/gf8ughiiod,1
https://t.co/ggdddhsaxj,1
https://t.co/ghetbf8b2c,3
https://t.co/gijc8jrksc,1
https://t.co/gimmhcoptz,1
https://t.co/gk5zqu4ybl,1
https://t.co/gmiitumdhh,1
https://t.co/gmoaxhcwn4,1
https://t.co/gmwygxven,1
https://t.co/gncly59ouk,1
https://t.co/gnseqvdjr,1
https://t.co/goaboxu5gq,1
https://t.co/goiouzfwhh,1
https://t.co/gokoiik9l,1
https://t.co/gpdygqkdm,1
https://t.co/gpvrcuq3ca,1
https://t.co/gq7aj84m1,1
https://t.co/gqghzcpjqv,1
https://t.co/gufq1wz2ai,1
https://t.co/guvxjcsmkx,1
https://t.co/gxsd6olwey,1
https://t.co/gy2z4wrs2g,1
https://t.co/gyidjxlvu,1
https://t.co/gyugdif6ck,1
https://t.co/h37umlqfv1,1
https://t.co/h4b0p1npf7,1
https://t.co/h5dlwiqpq,1
https://t.co/h6xilwnnyk,1
https://t.co/h7z04cdcz,1
https://t.co/h878paeuw,1
https://t.co/h8zb1tgegc,1
https://t.co/ha5bgbxti,1
https://t.co/hafpcxuttd,1
https://t.co/hartbd7b67,1
https://t.co/hb32yoc8g6,1
https://t.co/hbenv6vujz,1
https://t.co/hbjnxhejd,1
https://t.co/hcbtfjtpxh,1
https://t.co/hccgcyvx4i,1
https://t.co/hco9nxyz0k,1
https://t.co/hcsatamfqk,1
https://t.co/hda92sfvoj,1
https://t.co/hdbxusxho7,1
https://t.co/hef00jah5d,1
https://t.co/hegzpbq3b0,1
https://t.co/hfkyjfpny,1
https://t.co/hg4ulodhi1,1
https://t.co/hgkhp8vwev,1
https://t.co/hjv6fsrqcz,1
https://t.co/hleqv3mrdx,1
https://t.co/hlkob0lvlo,2
https://t.co/hn8gulbuii,1
https://t.co/hnb1dss51i,1
https://t.co/hndxtmcb4d,1
https://t.co/hokmtdwjbd,1
https://t.co/hokwqftpfj,1
https://t.co/hq7bejntmj,1
https://t.co/hqtiirkntc,1
https://t.co/hrlwhavgc,1
https://t.co/ht9rf0x1vi,1
https://t.co/htahpvxu,1
https://t.co/hw0nzzpv9l,1
https://t.co/hw3ohzohc7,1
https://t.co/hxaiuvnnv0,1
https://t.co/hxecugmshg,1
https://t.co/hxkcxeqctq,1
https://t.co/hxz2a4twv2,1
https://t.co/hxzlvpgrsr,1
https://t.co/hy4xuq6p6i,1
https://t.co/hzlsv6p79,1
https://t.co/hzlzx7cyqf,1
https://t.co/hznzh8tenc,1
https://t.co/i0kvmlhdof,1
https://t.co/i10c9pparu,1
https://t.co/i2525rhawg,1
https://t.co/i2oi48zmrb,1
https://t.co/i2ovyh0gza,1
https://t.co/i2tujphr6d,1
https://t.co/i3m2uvpxj4,1
https://t.co/i4mrvmgxha,1
https://t.co/i64flq4q4,1
https://t.co/i6nejxjoy,1
https://t.co/i7ke2qsm,1
https://t.co/i940ydem6g,1
https://t.co/i9z6sfq3si,1
https://t.co/ibiuqeotdm,1
https://t.co/icxibyemu,1
https://t.co/icxrdvljjn,3
https://t.co/icxrdvtikn,4
https://t.co/idtsuekaxj,1
https://t.co/ieekfct72i,1
https://t.co/igz0hnevep,1
https://t.co/ijb042gpqr,1
https://t.co/ikbqhkh1uf,1
https://t.co/ikfo50cryp!!!,1
https://t.co/impfju6pv1,1
https://t.co/iozmnxnabn,1
https://t.co/ipuunompof,1
https://t.co/iq2xpishn,1
https://t.co/iqndlwn9hz,1
https://t.co/iqqzr7v5rg,1
https://t.co/ir3uky5q2p,1
https://t.co/ir9hivmldb,1
https://t.co/irwqrjrfsf,1
https://t.co/is5dn83zut,1
https://t.co/is9exe6itz,1
https://t.co/isecyicqf,1
https://t.co/isezqhrmwl,1
https://t.co/iuxm3ctfvk,1
https://t.co/ive0gakgvj,1
https://t.co/iwvqagczow,1
https://t.co/ixvixnrb1m,1
https://t.co/ixyawrba8o,1
https://t.co/iy5pw5gnfw,1
https://t.co/iz6c5f0cvj,1
https://t.co/j2a1roejju,1
https://t.co/j4xheav8hi,1
https://t.co/j52lsf3o3z,1
https://t.co/j5peozoz1m,1
https://t.co/j5tejvgegd,1
https://t.co/j8rk9f4fim,1
https://t.co/j8v43anm8e:,8
https://t.co/jboeuimtm2,1
https://t.co/jcmt0ggn,1
https://t.co/jd6cgyet1u,1
https://t.co/jdehx9yuex,1
https://t.co/je4hgswxaz,3
https://t.co/jefpohjpav,1
https://t.co/jekyc68nqt,1
https://t.co/jeyqgxe9h,1
https://t.co/jf3a5k4dsx,1
https://t.co/jfxclssln4,1
https://t.co/jhjfsealtd,1
https://t.co/jhote9kxwi,1
https://t.co/jicjy2t80d,1
https://t.co/jkitzi6yoz,1
https://t.co/jlokjx6fol,1
https://t.co/jngcpt0mzl,1
https://t.co/joyvfwhiff,1
https://t.co/jpcmiogfxj,1
https://t.co/jptimvrrij,1
https://t.co/jrkuof1rp5,1
https://t.co/jrslr9aqgb,1
https://t.co/js27n51tpq,1
https://t.co/jvweoqnphn,1
https://t.co/jw1dh8mfv,1
https://t.co/jwlnx2ws1u,1
https://t.co/jyui6k44a5,1
https://t.co/jzluundst6,1
https://t.co/jzzwhmpf0k,1
https://t.co/k0mseggolk,1
https://t.co/k0vekcgakw,1
https://t.co/k14kdn2bjp,1
https://t.co/k1mwn4i8nd,1
https://t.co/k3xjfa1flb,1
https://t.co/k5gause2bd,1
https://t.co/kaakpftalt,1
https://t.co/kadg9gp8pr,1
https://t.co/kaewcjma6d,1
https://t.co/kbbqbwrhr2,1
https://t.co/kecmj4eueg,1
https://t.co/kfda0mpre4,1
https://t.co/kfidvqchig,1
https://t.co/kfkxzdif16,1
https://t.co/kfmshptxe3,1
https://t.co/khnsdi4pkr,1
https://t.co/kiunwudmoa,1
https://t.co/kkz5mprp36,1
https://t.co/klf7syqzr0,1
https://t.co/kloic8wrd,1
https://t.co/klwd7mrg6d,1
https://t.co/klyw4o3j9r,1
https://t.co/kmsx83qozj,1
https://t.co/kpuvb0pe9l,1
https://t.co/krdpcezrcb,1
https://t.co/krfjjcbwn2,1
https://t.co/kriqdvyxq6,1
https://t.co/ksyjx1i1o,1
https://t.co/ktbk2bq8lp,1
https://t.co/ktedoj5azt,1
https://t.co/ktx4hzk4bu,1
https://t.co/kupy2mltpc,1
https://t.co/kus2geejdt,1
https://t.co/kv3wdjgu8r,1
https://t.co/kw3akqxmz,2
https://t.co/kwb4xp56si,1
https://t.co/kwbnd8hfg5,1
https://t.co/kwqvd93qim,1
https://t.co/kztchhuuki,1
https://t.co/kzzjhfdrpn,1
https://t.co/l0yntlkgvo,1
https://t.co/l1yglmrwhb,1
https://t.co/l45btxwgv,1
https://t.co/l4svjwocev,1
https://t.co/l4wg5x09jk,1
https://t.co/l6cybcxceb,1
https://t.co/l89mwwvnk,1
https://t.co/l97w1lvny1,1
https://t.co/l9ksbceptf,1
https://t.co/laazl2jvsq,1
https://t.co/lcazfgoduz,1
https://t.co/lcylxuesw1,1
https://t.co/lduhasrz16,1
https://t.co/ldwakuwzv,1
https://t.co/ldxl3iwoqi,1
https://t.co/lexvbrc3ju,1
https://t.co/litbe3atl2,1
https://t.co/lk9mxe208l,1
https://t.co/lkyrnsponw,2
https://t.co/lnf9laq4t0,1
https://t.co/loejxvhgcf,1
https://t.co/loiwhtjlf9,1
https://t.co/longmy227j,1
https://t.co/lpc2qasafm,1
https://t.co/lpi4hivp9p,1
https://t.co/lpurhgrgo,1
https://t.co/lrauofdit,1
https://t.co/lrp8hx153p,1
https://t.co/ls0ptek4di,1
https://t.co/ls0qy9uiim,1
https://t.co/lsryfcyvso,1
https://t.co/lufj2gj00v,1
https://t.co/luwy9qnxkn,1
https://t.co/lv1ppubaiq,1
https://t.co/lxir2hsgqr,1
https://t.co/lzsg3w4llg,1
https://t.co/m1yvtzm9rp,1
https://t.co/m2gabtcvdg,1
https://t.co/m54kmzz5yb,1
https://t.co/m5yajxne25,1
https://t.co/m6hxg86nxq,1
https://t.co/m89qrm1hf,1
https://t.co/m9s5je3uea,1
https://t.co/makfxlmusm,1
https://t.co/mb8hfg5uwb,1
https://t.co/mecttruoh2,1
https://t.co/menqtjar1d,1
https://t.co/meqixkb7pn,1
https://t.co/mhjslztxfg,1
https://t.co/mjzwgbqbul,1
https://t.co/mk1t860wwx,1
https://t.co/mkp3aydsai,1
https://t.co/mkqibzfi8k,1
https://t.co/mkwc4gkigi,1
https://t.co/mm4lgzkw0i,1
https://t.co/mmceafsqw2,1
https://t.co/mn6nfymhni,1
https://t.co/mnjxhf9ldo,1
https://t.co/mnysxylzn2,1
https://t.co/mrj5m5x2w,1
https://t.co/msumbm9u9u,1
https://t.co/mthorhq6un,1
https://t.co/mxc4ynksju,1
https://t.co/mypyujyztb,1
https://t.co/mz0hzo7z6z,1
https://t.co/n29wkp6guv,1
https://t.co/n2fnuemttd,1
https://t.co/n2ovsnjoco,1
https://t.co/n4cwcjlucn,1
https://t.co/n5fp7k8dgj,1
https://t.co/n69wxn2vbv,1
https://t.co/napztucvzd,1
https://t.co/nb1pnqszwh,1
https://t.co/nbnkdmpsn,1
https://t.co/nbt3nw65g5,1
https://t.co/nca1wmrroz,1
https://t.co/nega4wywsn,1
https://t.co/nerg0izbgj,1
https://t.co/nggt3vzncl,1
https://t.co/ngz3pqlg3z,1
https://t.co/nhbcwifp0,1
https://t.co/nke4tx6u0i,1
https://t.co/nkl70yg0k,1
https://t.co/nns6wmbban,1
https://t.co/nofoikfb1u,1
https://t.co/npqydeamqa,1
https://t.co/nqmtntlogo,1
https://t.co/nrkjfdmmhj,1
https://t.co/nruxys00uc,2
https://t.co/nsvwnwy1pk,1
https://t.co/nsyljqo18c,1
https://t.co/nvpdpdrnjf,1
https://t.co/nxcnxcixxz,1
https://t.co/nzlz3pdmtl,1
https://t.co/nzrfgxuvei,1
https://t.co/nzzjkgzwpr,1
https://t.co/o0zuljxouz,1
https://t.co/o1ijgm355,1
https://t.co/o2xv5eem3d,1
https://t.co/o3wwkabia,1
https://t.co/o40zrs3yra,1
https://t.co/o6i6efvxv2,1
https://t.co/o8t2g1jlzh,1
https://t.co/oac2jg5kz,1
https://t.co/oakk9klyqr,1
https://t.co/obb9lnwfvk,1
https://t.co/obfgrjeecj,1
https://t.co/ocbhlkphuw,1
https://t.co/ofxqio8umi,6
https://t.co/ogrmxa6rzk,1
https://t.co/ohjlmvy76w,1
https://t.co/oi3b3revhi,1
https://t.co/oj4aw5v5av,1
https://t.co/ojuoh8egvn,1
https://t.co/okh7iekc2q,1
https://t.co/ole8dxpcao,1
https://t.co/omk2ishjtu,1
https://t.co/omsragq6rk,1
https://t.co/onutdg6tvi,1
https://t.co/onzgdze9ri,1
https://t.co/opo9yr1o9w,1
https://t.co/orfdpzdxkz,1
https://t.co/osayx225zi,1
https://t.co/osx92jrzfm,1
https://t.co/osxzkyblur,1
https://t.co/oszshp2bju,1
https://t.co/otc5kls5yw,1
https://t.co/ouepcfka0v,1
https://t.co/ox4wfwyigk,1
https://t.co/oxtygholhk,1
https://t.co/oy8scotsz,1
https://t.co/p1lhj1kj4v,1
https://t.co/p4caaf9gcx,1
https://t.co/p50vyoelgw,1
https://t.co/p8kacnvarn,1
https://t.co/p8mjjrgvaw,1
https://t.co/p91d6pvovm,1
https://t.co/pay3jqrl,1
https://t.co/pcdhy7mubv,1
https://t.co/pcvqi3dlxd,1
https://t.co/pcwannvoyv,1
https://t.co/pduuxj4cxn,1
https://t.co/pefw1w4wp2,1
https://t.co/pfft7ma6nn,1
https://t.co/pgdgfzy5di,1
https://t.co/phbb5p6isr,1
https://t.co/phx3yl6eg8,1
https://t.co/pipfkli4uc,1
https://t.co/piw2tfbsmn,1
https://t.co/pj3kkkuofb,1
https://t.co/pjd3hzjsnk,1
https://t.co/pk09ypcrht,1
https://t.co/pkcdam0zk3,1
https://t.co/pkjoarnw0u,1
https://t.co/pkqdpxdw03,1
https://t.co/plhfpbw9f,1
https://t.co/pll0wldxh8,1
https://t.co/plnjc3q5fa,1
https://t.co/pnahvrkzef,1
https://t.co/pnb3brpv9x,1
https://t.co/ppxwstibrv,1
https://t.co/pq8srjzu8,1
https://t.co/pqgwmxfydb,1
https://t.co/pqmptlaflg,1
https://t.co/pu8av4jlso,1
https://t.co/pvdnqtpqm0,1
https://t.co/pwhss5wpsr,1
https://t.co/pxhmplscdn,1
https://t.co/pyxcvgihfu,2
https://t.co/q1jv0vsv7p,1
https://t.co/q2rvlkhobo,1
https://t.co/q4j6jzvlkn,1
https://t.co/q4njnmiv0m,1
https://t.co/q4wjfsip0m,1
https://t.co/q77r0ttj5b,1
https://t.co/q7esh9vyxb,1
https://t.co/q9ovco2kzt,1
https://t.co/qb1mlggsmd,1
https://t.co/qce61q3gdi,1
https://t.co/qd917th56,1
https://t.co/qdtvtoyejz,1
https://t.co/qe5zi0atqx,1
https://t.co/qfglzwcoum,1
https://t.co/qib7vgnfmi,1
https://t.co/qjsd3ozceo,1
https://t.co/qlxhr9cmfa,1
https://t.co/qn2ne5o0ei,1
https://t.co/qohdnbdibr,1
https://t.co/qpppdgkigp,1
https://t.co/qq8vhxlynk,1
https://t.co/qqb9qbxefm,1
https://t.co/qqz0kngokq,1
https://t.co/qr6jjuoqid,1
https://t.co/qrbsodduri,1
https://t.co/qrjsll4h39,1
https://t.co/qrvtcf56vz,1
https://t.co/qrwinwyrp6,1
https://t.co/qsgabwmrfd,1
https://t.co/qvu5uhlymq,1
https://t.co/qxhty6lzni,1
https://t.co/qzjtdhhqmg,1
https://t.co/qzvygmzurn,1
https://t.co/qzyhyhocsv,1
https://t.co/r1nkxky842,1
https://t.co/r5qo0yv7hd,1
https://t.co/r6snx7tt1d,1
https://t.co/r7e71oo5sp,1
https://t.co/r7tszhdcfb,1
https://t.co/r8qmwqoqmj,1
https://t.co/r8swg7c2td,1
https://t.co/r9dc8fmjlv,1
https://t.co/ranqppzyra,1
https://t.co/rbelkd5w0m,1
https://t.co/rbgxp4kg41,1
https://t.co/rbjao2v3bv,1
https://t.co/rbm3x9e83n,1
https://t.co/rd8yzg2tyo,1
https://t.co/rdo5ndym2i,1
https://t.co/rexojwpugg,1
https://t.co/reyp6c5fhf,1
https://t.co/rf1kxmkgll,1
https://t.co/rhbdyz96nc,1
https://t.co/rhe5aprhdi,1
https://t.co/rhh19hantn,1
https://t.co/rihvdoxnmh,1
https://t.co/riosltsxtm,1
https://t.co/riyc8hepxu,1
https://t.co/rjeilfqvyo,1
https://t.co/rkgmmu5j6m,1
https://t.co/rkm9fqxomi,1
https://t.co/rl2wcwrxvs,1
https://t.co/rllxak6zk7,1
https://t.co/rmc0wdlhgt,1
https://t.co/ropedaph6f,1
https://t.co/rpedtpwppj,1
https://t.co/rqqotoq54,1
https://t.co/rqrvj349jm,1
https://t.co/rr8d5ib2dg,1
https://t.co/rrg4o5lubz,1
https://t.co/rrljypxhoq,1
https://t.co/rsl5haiami,1
https://t.co/rt2wsqwbw6,1
https://t.co/rvgx4tobh6,1
https://t.co/rwnmsu2psw,1
https://t.co/rwphuiukt4,1
https://t.co/rx8qarnv5f,1
https://t.co/rxxi7f1myw,1
https://t.co/rzjodrqnyi,1
https://t.co/rzwir4omf6,1
https://t.co/s3u52nnmrx,1
https://t.co/s6ihju3ire,1
https://t.co/s7ptnz6u9u,1
https://t.co/s9kbfljqbq,1
https://t.co/scfgojxr6h,1
https://t.co/sckrvhtcio,1
https://t.co/scq5y7ifke,1
https://t.co/sdagymqx6m,1
https://t.co/sfct7meadi,1
https://t.co/sfxdwitapb,1
https://t.co/sg6rzbs93w,1
https://t.co/sgawy8l9v,1
https://t.co/sh8qqffktn,1
https://t.co/shw19yrbbv,1
https://t.co/sjb1osvgo,1
https://t.co/skqctqae1q,1
https://t.co/sm9usxxca8,1
https://t.co/smwocj9d1r,1
https://t.co/smwq11odkj,1
https://t.co/snhobwxcgl,1
https://t.co/snsidijw60,1
https://t.co/sp0c1apzxl,1
https://t.co/sqq7c1kaez,1
https://t.co/sueebsse4r,1
https://t.co/swcgmtphm7,1
https://t.co/swfckw1vnw,1
https://t.co/szflpithoa,1
https://t.co/t14ekaygxv,1
https://t.co/t2q4drux78,1
https://t.co/t4cbs10q7f,1
https://t.co/t6pmys00r9,1
https://t.co/t7cllqjduh,1
https://t.co/t8lrpb2bym,1
https://t.co/tab3rtqey,1
https://t.co/tb1jz3qhno,1
https://t.co/tdt5t9flxn,1
https://t.co/tdyt3oemf9,1
https://t.co/te5q30imxr,1
https://t.co/tf1i6xiitl,1
https://t.co/tgyulebkvp,1
https://t.co/thpoeyrb05,1
https://t.co/tjhh0da9bw,1
https://t.co/tjolkoto0,1
https://t.co/tjpcpbbdho,1
https://t.co/tkenygnygj,1
https://t.co/tlvngmv5lq,1
https://t.co/tmyrjvpvvh,1
https://t.co/tno2qortcl,1
https://t.co/toder0nx16,1
https://t.co/tohbjvpr5u,1
https://t.co/trqkmuvhi0,1
https://t.co/tteacus4r5,1
https://t.co/ttqyka3vtz,1
https://t.co/ttu4kt689u,1
https://t.co/twzivndmpg,1
https://t.co/tzgzhg9gvl,1
https://t.co/tzlw1pzrhg,1
https://t.co/tzollshdi0,1
https://t.co/u0ddsgsatw,1
https://t.co/u1a3e2qyck,1
https://t.co/u2jqnakxqj,1
https://t.co/u4nepgj4z,1
https://t.co/u5fcac6ezj,1
https://t.co/u96qfjr7ua,1
https://t.co/ua6kkgtskj,1
https://t.co/uazafghljz,1
https://t.co/ucigpzc3fw,1
https://t.co/ucyxatqmo8,1
https://t.co/udn0ffhnlz,1
https://t.co/udy2jn4ti,1
https://t.co/ufgeuvslfo,1
https://t.co/ugh5gpflko,1
https://t.co/uhoxqwikeb,1
https://t.co/uhyuyw5gbu,1
https://t.co/uigxcim4ip,1
https://t.co/uk6kvur6az,1
https://t.co/uksdjctzf4,1
https://t.co/ulv4ewfphg,1
https://t.co/unmwvhuaa8,1
https://t.co/upri96bst7,1
https://t.co/uqijip1hr6,1
https://t.co/uqik0o1ew5,1
https://t.co/uqskgb9s6,1
https://t.co/urcscv4fln,1
https://t.co/us30k0t6ln,1
https://t.co/uuzrskbfxi,1
https://t.co/uv5jsxc2kf,1
https://t.co/uzawpj297g,1
https://t.co/v1aqaitzi4,1
https://t.co/v1p7ukjgi9,1
https://t.co/v2fkjzu6bl,1
https://t.co/v3h3ypga5f,1
https://t.co/v4ihkajejh,1
https://t.co/v4q1b9svnv,1
https://t.co/v5cluo7aum,1
https://t.co/v5loedtrhf,1
https://t.co/v6jqoepr0v,1
https://t.co/va4oljmwdo,1
https://t.co/va60upahxa,1
https://t.co/vatm0y9en9,1
https://t.co/vb4ltznw9o,1
https://t.co/vb5voeenu,1
https://t.co/vbjczlenjf,1
https://t.co/vc2mi1xvii,1
https://t.co/vcajkwivxi,1
https://t.co/vcdzj7oarw,1
https://t.co/vewdxibvrp,1
https://t.co/vhenboq7vv,1
https://t.co/vhm3xhxn9,2
https://t.co/vhoh2f53ya,1
https://t.co/vhorfrkd6k,1
https://t.co/vigncqylyz,1
https://t.co/vihvglf6yx,1
https://t.co/vil3zc3jv,1
https://t.co/vju8cpto7z,1
https://t.co/vlvoi5tir5,1
https://t.co/vmmesmlcrz,1
https://t.co/vmndep3w7d,1
https://t.co/vnkjdkv4ho,1
https://t.co/vntu2uupti,1
https://t.co/vo6ndscqpf,1
https://t.co/volmspspt9,1
https://t.co/vozo7gdp78,1
https://t.co/vpxqivarx,1
https://t.co/vsdqfcleco,1
https://t.co/vtnwudkqad,1
https://t.co/vtuqb6mxk0,1
https://t.co/vvtptvrj4h,1
https://t.co/vwgym7dulh,1
https://t.co/vwm24mprfm,1
https://t.co/vwymtkxsg,1
https://t.co/vxeqsmufxx,1
https://t.co/vxhwjhndpp,1
https://t.co/vxs4mdk2gi,1
https://t.co/vxvpgm5h90,1
https://t.co/vzmir2tfj,1
https://t.co/w11fhsedfk,1
https://t.co/w5ikas9w,1
https://t.co/w5xkm3srct,1
https://t.co/w64iumycti,1
https://t.co/w77ffibsvq,1
https://t.co/w8un3pi6m3,1
https://t.co/wab5t3kqhx,1
https://t.co/wag6vrsx21,1
https://t.co/waqxhuf1a,1
https://t.co/wbbain5aac,1
https://t.co/wdljvyrhgj,1
https://t.co/wdsfhxzqm,1
https://t.co/wdzrifjgra,1
https://t.co/wefvcln2pf,1
https://t.co/wfae91rqmt,1
https://t.co/wfjzgvekpu,1
https://t.co/whayrfyj6x,1
https://t.co/wivtmpd444,1
https://t.co/wjfcetv4jx,1
https://t.co/wjisesjk4w,1
https://t.co/wjmvn25pcd,1
https://t.co/wjph8upr65,1
https://t.co/wkip1c544z,1
https://t.co/wlnceb1dmh,1
https://t.co/wnskylvn3,1
https://t.co/woj33rhmpx,1
https://t.co/wpu9aheao9,1
https://t.co/wrsyqpabym,1
https://t.co/wupvue90ev,1
https://t.co/wvitybtwy8,1
https://t.co/wwgjovluri,1
https://t.co/wwsfaxcqdf,1
https://t.co/wz2mr1bw56,1
https://t.co/wzvwk4oyjp,1
https://t.co/x05qydfmzo,2
https://t.co/x5pgujvobr,1
https://t.co/x8puhfpxvb,1
https://t.co/xa2dm7p8pv,1
https://t.co/xampcicllo,1
https://t.co/xap9hwjyuo,1
https://t.co/xaqegt5zrh,1
https://t.co/xay5yjwmgu,1
https://t.co/xbpw1oepof,1
https://t.co/xddxdcfiiy,1
https://t.co/xdtne4wp4f,1
https://t.co/xebvdhtqk2,1
https://t.co/xfbbzft,1
https://t.co/xhfsbe4wh,1
https://t.co/xjeyyui1uh,1
https://t.co/xjwyslxyoz,1
https://t.co/xkvbpx6nhb,1
https://t.co/xkvlefiysd,1
https://t.co/xlfocvc7ah,1
https://t.co/xlnjacy5cv,1
https://t.co/xnteydd5ho,1
https://t.co/xpot5k0sow,1
https://t.co/xpv4fxizjr,1
https://t.co/xqnk8prhrh?,1
https://t.co/xqnxutodyd,1
https://t.co/xqrfsehi05,1
https://t.co/xqwxy7nf9i,1
https://t.co/xrhfiwvoof,1
https://t.co/xrhidtdbwl,1
https://t.co/xru0doa9pi,1
https://t.co/xshstxixmr,1
https://t.co/xsjylcrmlc,1
https://t.co/xthgwd5m6r,1
https://t.co/xu5at0itva,1
https://t.co/xvzmgfhte3,1
https://t.co/xy1trild1,1
https://t.co/xz3a503hhu,1
https://t.co/xzbouihba,1
https://t.co/xztl2whegv,1
https://t.co/y0kcrlyls1,1
https://t.co/y0v3yzpk,1
https://t.co/y38sh8z7k8,1
https://t.co/y3wsrgssc,1
https://t.co/y4o8m5kbuu,1
https://t.co/y8kak578i7,1
https://t.co/yane4zt0ok,1
https://t.co/ybkxrdt6hb,1
https://t.co/yc8xxd285i,1
https://t.co/ydljmhboh3,1
https://t.co/yeqfiys0td,1
https://t.co/yiwx3o7xxq,1
https://t.co/yj8xjl7yop,1
https://t.co/yk0avbaybt,1
https://t.co/yk4fz0v7lf,1
https://t.co/yk7dpo1dzv,1
https://t.co/yld0w7ceql,1
https://t.co/ylthw0iqnz,1
https://t.co/ynwb3flnko,1
https://t.co/ynxswxykil,1
https://t.co/yo5adyz3vw,1
https://t.co/yosjqjfcum,1
https://t.co/yraryxr7xw,1
https://t.co/yrkswg9qeg,1
https://t.co/yrnyxhuzon,1
https://t.co/yrt2iunkb2,1
https://t.co/ysqkfhzxm,1
https://t.co/ytvc6zf3un,1
https://t.co/ytyfmpq9rd,1
https://t.co/yulnsgntf1,1
https://t.co/yvn1i6azqh,1
https://t.co/yyddjhqqib,1
https://t.co/yytmgyfahc,2
https://t.co/yzieepdy9f,1
https://t.co/z0btkncduf,1
https://t.co/z0mo0ab4ff,1
https://t.co/z2x4bagzmb,1
https://t.co/z6dqnu7mc0,1
https://t.co/z9npbt9kvm,1
https://t.co/zalxxn9ryj,2
https://t.co/zc7arijln9,1
https://t.co/zcyd96ymgh,1
https://t.co/zd1m7sqz7m,1
https://t.co/zgaathxrlb,1
https://t.co/zhytqjx6zb.,1
https://t.co/zilr79aewd,1
https://t.co/zmtq6qzpbx,1
https://t.co/znepzn88uh,1
https://t.co/znslpbj0qq,1
https://t.co/zpclppihnj,1
https://t.co/zpf39dntfa,1
https://t.co/zpkrkbxbeh,1
https://t.co/zptpnxtzpk,1
https://t.co/zrx0gomyob,1
https://t.co/zumrmmhdnw,1
https://t.co/zw1qmkr1bg,1
https://t.co/zwftfvgflm,1
https://t.co/zwikst49iy,1
https://t.co/zwmdup5u,1
https://t.co/zwtvycpsgb,1
https://t.co/zwxc4t6ifm,1
https://t.co/zxbr2fjdfg,1
https://t.co/zxmcrgmvov,1
https://t.co/zxqc1ii03c,1
https://t.co/zylcnfjp5f,1
huh.,1
hum,1
"humble,",1
humilhado,1
hunger,2
hunt!,1
hunted!,1
huntermaher92,2
hurt.,1
hurtmatthew,1
hypebeast,1
hyyyyppppeee,1
iamarkdot,1
ib,1
ibegregori,1
icono,3
ic√≥nico,1
idea,28
ideal,4
idk..nev,1
igglez73,1
ignor,13
iguodala,6
iheartmagicjohnson,1
iight,1
ilovehoop,1
iloveit,1
im_legal27,2
imagen.,1
imbecil,1
imit,1
imma,3
immacul,1
immedi,9
impart,1
imperdible!,1
import,32
important!!,1
impress,32
impressionant,1
improb,1
impulsa,1
"in,",8
in:,3
incentives.,1
inch,4
incompet,3
ind,17
inde,3
independ,3
indianaknowsbball.,1
indigen,1
indoors.,2
indvsbos,2
inexperi,3
inferno889,1
inform,9
informacion,3
information:,1
"injury,",1
injustic,1
innings),5
inny?,1
inplayfooti,1
inquir,1
insaneee!!!,1
insanity.,1
insiderpick,2
insight.,1
insomnia2k,1
instant,2
insur,2
"intellect,",1
intensesunday!,1
intensidad,1
intensity...nbaplayoff,1
interesa.,1
interested!,2
interesting!,1
internet!,1
internetradio,1
inthemoney,1
into.,1
intro?,1
introductions!,1
introlud,1
inuri,1
investi,2
investig,5
invit,7
iowa),1
ipl,1
ironi,2
irrelev,6
"ish,",1
island,10
isma_collado14,1
ismay,1
ismewatro,3
isn‚Äôt,92
"iso,",2
istandwithfredhawk,1
it!,33
it!‚Ñ¢,2
itsmead31,1
itssnow,1
itstartsher,2
itth,1
itwasclose,2
itzjohntwittah,1
it¬¥,1
itüòÇüòÇüòÇ,1
ivanasingwire1,3
iyke_daviez,1
izlemek,1
izleyebiliyorum,1
i‚Äôll,60
j_manley23,3
j_prince_jr,1
jachristian,1
"jachristian,",2
jacket,32
jackierobinsonday,1
jackson.,1
jacob,2
jacobbeaulieu,1
jagkaniemi,2
jail.,1
jail.....,1
jake_royal2,1
jake_trott,2
jakem0ntgomeri,1
jalen,34
jalensuggs2020,1
jam,29
jamaican,1
jame,110
james,3
james!,1
james??,1
jamych,1
jandersonsacbe,3
januari,2
jaque,1
jasmus_martin,2
jasoncooper22,1
jassiemass,1
"jay,",1
jaycao730,1
jayden,1
jaydenwilson331,1
jaymoneyismoney,1
jazzfandanman,1
jbode1084,1
jcheerio92,2
jclarknbc,2
"jd,",1
jdaimler5,2
je...,1
jealousi,1
jeeez...,1
"jeez,",1
jeff.,1
jeff_gordon123,1
jeffdavisshow,1
jeffhousman23,1
jeggers8,1
jenneth22,1
jennferguerrero,1
jennifer:,10
jennyjcam,4
jerrelxl,2
jerri,3
jerrythompsonjr,1
jersey!,1
jersey...,1
"jerseys,",2
jeskeet,2
jeste≈õmi,1
jesu,14
jesus,1
jesus!,1
jetplanejay,1
jets/stl,2
jets?,1
jfeeezi,1
jgent15,4
jgsiegel,1
jimbobtalk,1
jimcosta_,2
"jimmy,",1
jimmyfk,1
jjreddick77,1
jlkocher2,1
jmilner25,1
joacobueno04,1
jobs.,3
joeingles7,1
joely_tc,1
"joerger,",2
joetillstudio,1
joeyangus11,1
joeyconeil,1
joeyerdon,1
joffrey?,1
johnathan_rizzi,1
johngonzalez,1
johnletherbi,1
johnmiddlekauff,1
johnnyboykcb,1
johnson?,1
johnson‚Äô,1
join!,1
joke?,1
jonah,1
jonesonthenba,2
jonjohnsonwip,3
"jordan,",6
jordanesque...legendary.,1
jordanwaits2,1
jorvonte123,1
jose!,1
josearmandoacta,2
joseph,5
josh,7
josh2saint,3
joshsexton85,1
journal,1
journalsentinel,1
jovanbuha,2
joveyuchiha,2
jpsperspect,2
"jr,",1
jreidnfl,2
jrnba,1
jrradcliff,1
jsunkl,1
jsuuhn,1
jtcommitfit,1
juanjoserodrd,1
juanyagreen,1
judgment,1
"juego,",3
juego...luego,1
juegos!,1
jugadas.,1
jugador...,1
"juicio,",1
julian,1
jumped...,1
jumpman9_,1
jumpshot.,1
junk,1
justafan1905,2
justfilthi,1
justic,2
justice.,1
justin_rog,1
justindiscepola,1
justinedimlaaaa,1
justingoldchain,1
justintrangsrud,1
jxmyhighrol,1
j√≥venes.,1
kahramandƒ±r,1
kaitmarieox,1
"kaj33,",1
kalapaki,1
kaleabb_dg,1
kalebingreenbay,1
kalebwesson,1
"kalif,",1
kameronblount4,1
kaminsky',2
"karde≈üim,",1
kareem.,4
karin!,1
karl,3
kasi,1
katzdontcar,1
kaufmanboy99,1
kayle,1
kaytear17,1
ka√ßƒ±cam.,1
ka≈ºdego,1
kc,5
"kc+1.5,pit+1.5,det+1.5",1
keegan,1
keenan,1
keepin,1
keepupwithkfab,1
keith.,1
kellyinvega,1
kendrick,3
kennard,3
kenodejesu,1
kerr,30
kershaw,1
kevindr,1
kevinwill_i_am,1
keyboardman100,3
kidfromga,2
kids.,2
kidsathlet,1
kidsbasketball...,1
kieranlad3,1
kilku,1
killer,4
killin‚Äô,1
kim_adams1,3
kimdi?,1
kingcoachdub,1
"kingjames,",1
kingrablo,1
"klay,",3
klay‚Äô,1
knick...,1
know,411
kobebrick237482,6
kobeee,1
kombinasyonü§ó,1
koopa_kint,1
koreatown,1
korkakmissiniz.,1
koy,1
kri,1
kristen,1
ksatrj,1
ksatsport,14
kskyhook33,1
kte_rush,1
kun,2
kupchak:,1
kvthy_,1
kyle',1
kyle...,1
kylekuzma,2
kylewillkom,2
kyrie),1
kyrieeee,1
k√∂nnunni,1
l'a,1
l'avantag,1
"l'instant,",1
l15,1
l_curry90,1
lab,1
label,6
lacross,3
lacvsgsw,15
ladder,1
lags_thecapp,2
lakers,2
lalak,1
laliv,5
lamarcusaldridg,1
lamentablement,2
land,10
landslid,3
langgalloway10,1
langston,2
lannylaflam,1
lanrizl_,1
lap,2
laplaquitaplayoffsnba,1
lastnight,1
lastweektonight.,1
lasvega,8
"late,",3
late-bloom,2
late-night,1
late-season,2
later,29
later!,1
later..,1
later......,1
latim,1
latimes‚úîÔ∏è,1
latvian,1
laugh.,1
laughing‚Äî,1
lauraunbound,1
laurencewholm,2
lavarbal,1
law,7
"lawson,",1
layup,5
layup..,1
lazysunday,2
la‚Ä¶,1
lead!,2
leaders:,1
leadmuscl,2
leads.,1
league...period!!,1
leaidenjam,1
lean,7
learn,44
"lebron,",12
led,28
leeovalentin,1
left,89
legend,40
legendinvega,1
legionofdoom17,1
legit.,3
lejo,1
lemm,4
length?,1
let',59
letsbal,1
letsgobuck,1
letsgowarriorsl,1
letthemtalksmack,1
"level,",2
lever,1
leverag,1
levit,3
lewis‚Äô,1
ley,1
leyenda,6
lg,1
liamkyle02,2
licens,2
liczƒô,1
lif,1
life,63
life;,1
lifeofabruin,1
lifeofjake1,2
lifeskil,1
lifetime,1
lifetime.,3
liga..,1
light.,1
like?,4
likely.,1
likes...,1
lilbthebasedgod,1
lillard!,1
lillard....mi,1
lillard/,1
lillard‚Äôin,1
liltoni,1
lindsey,1
"line,then",1
linemoversport,5
lineup,53
lineup_yanke,1
"lineups,",3
lineups:,2
linger,1
lisa,1
"list,",1
list:,4
listener-do,1
listeninwithknn,1
listüëÄ,1
lit,13
living?,1
livingmybestlif,1
liÃánkiÃá,1
ljrii1,1
llama,1
lleva,2
llevan,2
llevars,1
llevo,1
"lmfao,",1
loaded),1
lob,5
lock.,1
lockout,5
logical!,1
logolillard,1
lol!!!,1
lololol,2
lonestarbal,1
longislandbasketbal,2
looool,3
loose.,2
lopez,11
"lord,",6
lordüôÑüôÑ,1
lose.,2
loser.,4
loser....clippers+13.5......2-1,1
losers.,1
losing;,1
loss.,6
losses:,1
lostinmyworld97,1
los¬†pac,1
lot!,1
lotta,3
lottery?,2
lotto,2
"lou,",1
louco,1
loud,14
louder;,1
louisiana,2
loumoore12,1
lousi,2
lovelyallday42,1
low,34
luchar,1
luck,40
lue,9
luiey,1
luka,6
luke3millz,3
lukekennard5,1
luke¬†walton,1
lunalovebadxo,1
luz,1
lwoslalak,1
lying.,1
lzgranderson,1
m..,1
ma7tial,1
maanuf96,1
mackwoodpapi,2
mad!,1
"made,",1
made:,1
"maestro,",1
mag,2
magic/raptor,3
magic;,3
magiccoutinho7,1
magicfam:,1
magician,1
magicjohnson',1
magics,1
magnific,2
magnifique.,1
mahina,1
maintain,1
major,59
major!,1
makeabl,1
maker,18
"mal,",1
malik,5
malika_andrew,5
malinkolija,1
malon,9
"malone,",1
mama,2
man,234
man-,1
manalo,1
mando,1
mane,3
manh&amp;atilde;,1
manhattan,1
mannymontana,1
mantra,2
manu.,1
manufactur,1
manut,1
manute133,1
man‚Äô,2
map).,1
marcgasol,1
march).,1
march.,2
marcianickla,2
marg,1
"mariners,",2
mariners:,1
markable.,1
markcarvalho10,1
market,26
markg_medina,1
markmaddenx,1
marku,2
marley,1
marquetteu,1
marqu√©,1
"mars,",2
marvel,8
marvin,4
mary's.,2
massangj,1
master's,1
masters/nba,5
masterssunday,22
"master‚Äôs,",2
masyado,1
matches..but,1
matchup!,2
materi,6
math,3
mathematics:,1
mathplaya4lyf,2
matrix,2
mattbrush2,1
mattdm1234,1
matter,58
mattered.,1
matters...th,1
matterüòÇ,1
matthew.,1
matthewcerron,2
maul,2
may...,1
maytagpowerhous,3
ma√ßƒ±yla,1
ma≈üallahƒ±,1
mccollum',6
mccollum.,1
mcconnell.,1
mcdonald,1
mcdonough23:,1
mcrath,1
mcw1,1
me...i‚Äôv,1
me?,3
meant.,1
medals.,1
media',1
media.,3
mediagoon,1
medic,1
mediev,1
mediocre.,2
medium!,1
meekmil,1
meest,1
meetup,1
megsg19,1
mei_ling12,1
melandreacchi,1
"melo,",1
melo:,1
memislfni,2
"men,",1
men:,2
menci√≥n,1
mend,1
"meng√£o,",1
mensfashion‚Ä¶,1
mentalidad,1
mention..,1
mentionn,2
mentira,1
mercari!,6
mercedesamgf1,1
merciful.,1
merecemo,1
mergechristian,1
merovingian7,2
meter,3
metlife,1
metsvsbrav,1
metta,2
mffl,5
mf‚Äôn,2
mhmmmmmmmmmmm,1
mia__juan,1
"miami,",2
mic'd,1
michael,39
michaeljordan,3
michaelvpina,1
microssov,1
mid,17
mid-april,1
mid-atlant,1
mid-rang,4
mide,1
midway,2
migueljordan987,3
mik,1
mike,32
mike5754,2
mike_hawk_nba,1
mikebelcher4,1
mikeflynn826,1
mikesosu,1
miketirico,1
mikeysurf,2
miki!,1
milestone!!,1
milhous,1
millican,1
millions.,1
"millsap,",1
milw1974,2
milwaukee',2
milwaukee.,8
mimic,1
"mimosa,",1
min/bos,1
minakim,2
mind?,1
mindset.,1
mine.,2
minion,1
minor,3
minute.,2
miracul,1
miss(get,1
mistak,9
"mistakes,",1
mitad.,1
mitch_lawr,1
mitchell_hart,1
mitchell_nba,2
mitchellsclev,2
mitchywoo,3
mixtap,3
mixtape,1
mixtape‚ÄºÔ∏è2nd,1
miyagi,1
mjohnsen23,8
mk11.,1
mkdikes832,1
mke,3
mkebucksn,1
mlb,444
mlb-,2
mlbbet,1
mlb‚öæÔ∏è,4
mlp,1
mlreinert24,1
mlw,2
mmm,1
mmstartagain,1
mo!,1
models?,1
modern,23
mofo,1
moist.,1
mold,2
momento,5
"momentum,",2
momobamba7,2
mon,2
monday!,1
money!!,1
moneygangsportz,6
moneyhighb,1
moneyline?,1
"moneymaking,",1
monitor,5
monterypark,1
months.,6
monti,19
montreal,6
monument,1
mony_carlo,1
monz,1
mood.,1
mooney,2
morant,2
moratorium,1
"more,",4
more:,30
morn,42
morning.,4
morning_jo,1
morningshow‚Ä¶,1
mosesdeleon8,1
most.,5
moto,1
mount,6
mous,2
"moved,",1
movement.,1
mover:,7
movi,18
movie,2
"movies,",1
mpleasing72,1
mpressel,1
mr,2
mr__davis_,2
mrazcb,1
mrbrooksxxx,1
mrcrom1,1
mrh6454,1
mrmeseeks14,1
mrrickyspanish,1
mrsmithq,1
msepiston,2
msu_footbal,1
mt.,1
mtrfcb,1
muchdeserv,1
muestran,1
muhammad,2
mulitauopel,1
multipl,22
multipletim,1
mundial,1
mundobskt,1
music,25
must,66
mute.,2
mvp',3
"mvp,the",1
mvp.,12
mvp?!?,1
mvp‚Äôsi,1
mwehoop,1
my,1
mybooki,92
myers?,1
mygm,1
myle,9
myles_turner_,1
myteam,7
mytweetslit,2
m√°,37
m√°ximo,12
m√™me,4
müëèüèΩvüëèüèΩ,1
na,25
nada,1
nagretir,1
nahuel_franco21,1
naismith,1
nameüí™üèº,1
nantz,2
napcarüèÅ,1
narciss,1
narrat,4
narrative?,1
nascar.,2
nasti,7
nateduncannba,4
nathan,1
nati,1
natur,3
"naturallight,",1
"nature,",1
navey26,1
navysailor,1
"naysayers,",1
naz,1
nazmraz,1
nba!!!!,1
nba':,2
nba'er,2
nba),12
nba-star-treatmemr-like,1
nba...mil,1
nba..spur,1
nba.it,1
nba25,1
nba2k19,22
nba2kxb1,1
nba2ndhalf,1
nba??,2
nba_brasii,3
nba_bucket,36
nba_d,1
nba_gbabi,1
nba_johnnyboy,1
nba_jok,1
nba_pbj,1
nbacoachescarousel,1
nbadj,1
nbafirsthalv,3
nbafirstround,2
nbafr,1
nbagleagu,5
nbaleaguepassbr,2
nbalegend,1
nbalineup,1
nbaliv,2
nbalive20,1
nbalivemobilehq,1
nbamvp,1
nbanews,1
nbaoffici,5
nbaonabc,37
nbaontnt,366
nbaplayoffs,27
nbaplayoffs!,7
nbaplayoffs2019.,1
nbaplayoffstnt,6
nbaplayoffs¬†nba¬†themasters¬†¬†coachella,1
nbaplayoffs‚Å†‚Å†,1
nbaplyoff,1
nbarat,1
nbareferees__,1
nbasale.,1
nbastor,2
nbatwitt,143
nbaxolg,3
nba¬†¬†¬†¬†‚Å†,1
nba¬†¬†‚Å†‚Å†‚Å†‚Å†,2
nba‚Ä¶,4
nbc?,1
nbcgoodgirl,2
ncaa',1
ncaa.,3
ncaab‚úÖüí∞,1
ncaaf,107
nce1913,1
nearest,1
neat!!,1
necessari,1
need,372
needl,2
"needle,",1
neeeevvverr,1
neg,4
nene,1
neokineticpt,1
nerd!,1
neta,1
netflix.,1
nets!,1
"network,",1
network:,3
neutral,2
"never,",1
neverbrokeagain,2
new.,1
newcoach,1
newlacc,1
newpatriot77,2
news),1
newworkoutplan,1
newyorkbasketbal,2
nfl?,3
nfldraft.,1
nfldraft2019,1
nfsulli,1
nga,3
ngayon,1
ngeu,1
nguen,1
nhl,538
nhl-,2
nhlbet,1
nhlplayoffs,1
nhra,2
nicejob,1
nickcaminowkyc,4
nickclason,1
nickdirezz,1
nickwig,1
nigga.,1
night!!,1
night!!!,1
nights.,1
nihilist_buck,1
nike'spicy',1
nike/nba,1
nikegirlseybl,1
nimariburnett,2
ninja,9
nip,5
nipseysüòÇüòÇ,1
nlc2,1
no,18
no.1,2
noche.,1
nochill‚Ä¶,1
noel,1
"noise,",1
non-buck,2
non-frontcourt,1
non.,1
noooooo,1
noooooooo,1
nooooooooo!,1
norris.,1
northside,1
nose,5
not?,1
notechben,1
"noted,",1
nothing.,13
nothingburg,1
notquitelikedub,1
novambb,1
novio,1
now!,34
now!!!!!,1
now...,7
now.....april,1
no√´l,1
nuggets/spur,1
nuggets?,1
nuh,2
number,58
numberphil,1
numbers,1
nutsandboltssp,1
nv,3
nve,1
nwb_uchie_xxl,1
nwoodard25,1
nwosu,1
nxt,1
nyc,11
nycafterdark,1
nycbirthday,1
nycparti,1
nyj,1
nyydetboy27,3
nzastrow13,1
n√∫mero,2
o,3
o.k.c.,1
o115,1
o2.5,1
oakland,13
"obama,",1
obrigado,1
observ,6
obsess,7
obten,1
occas,1
occurred!,1
octavo,1
odds.,1
oddsmak,3
oden,5
odlaniero,1
"of,lebron",1
of?,3
off!,2
off...,1
offens,84
offense(.1,1
offensic,1
offer,7
"officers,",1
offici,116
"offs,",1
offseason!!!,1
offseasonmitch,1
ohio,8
ok...,1
okay..,1
okc',4
okc.,8
okc/por,4
okc/port,2
okc_pi,1
oklahomacitythund,8
ol,1
oladipo,7
old),1
olden,2
oldest,4
ole,2
oleriouri,1
olliemcclellan,2
omfg,1
on.,47
"once,",2
once:,1
one),3
oneal,5
onelastd,6
oneperc,1
oneprid,1
oneunitatatim,1
"ongoing,",1
onlyhaveeyez4u,1
ont,3
onwisconsin,1
oops!,1
opener;,11
oper,7
"opinions,",1
opplast,1
opponent!,1
opportunity.,1
ora,1
oraclearena.,1
orchestr,1
order.,4
orioles-r,1
orlando.,3
orlandomagic!,1
orlandosentinel,1
orlando‚Äô,2
os,9
osheajacksonjr,1
other?,1
otherwise.,4
otherwise‚ö°Ô∏è,1
other‚Äô,1
oti,1
otoh,1
out,38
out-rebound,1
outdoor,3
outfreethrow'd,1
outing,2
outrag,1
outro,1
"outside,",2
outsidersnba,1
outvof,1
"over,",6
over-r,1
overcam,3
overcom,4
overcome.,1
overlap,1
overr,59
overreacting.,1
overtime?,1
overus,1
own,11
oxtail,1
oyna,1
oz,1
o‚Äôneal!,1
p&amp;r/re-screen,1
p-off,1
p/r,1
pablocm_19,1
pac12,1
pacers,10
pacers!,3
pacers+7,1
pacers.ppl,1
pacersvscelt,2
pacifisthulk,1
packer,1
pages.,1
pagupit,1
paid.,5
"pain,",1
pairing.,1
paloozaüèÄ,1
"panic,",1
"pants,",2
parad,1
parc,1
"parenting,",1
parionssport,2
parity.,5
parker_nichols5,1
parkerstout3,1
parkland,1
"parler,",1
"parrish,",1
partnership,3
pasado,3
"pass,",2
passer,1
passion.,2
passüëÄüòÇ,1
pastorjohnhage,1
patatatat,2
patch,6
patches.,2
patelespn,1
pathakridhima,1
pathet,15
patients.,1
patrick,116
paul!!!,1
paulmilsap24,1
pave,1
paycheck?,1
payla≈üamam.,1
paytheplay,1
pa√≠,1
pd.,1
pdt,2
peak,6
pear,1
pearl,1
peat.,2
pegado,1
pegaron,1
pelinka,16
penguinsjesu,1
"pens,",2
pens/isl,1
penser,1
"people,",3
peor,2
percentag,16
percentages?,1
perdida.,1
perdiendo,1
"performance,",3
performanceanxietynextlevel,1
perimeter.,2
perk.,1
permet,1
persom,1
"person,",2
"personally,",1
"perspective,",3
perspective:,1
pest,2
"pete!twitter,",1
"petty,",1
"pg,",5
pg13,6
pg3,2
pg:,6
pga/golf,1
pgü•≥,1
phenomenal!,1
phi?,1
philadelphia,48
philadelphia...,1
philaunit,7
philippin,6
phillies/marlin,3
philly..,1
phillylocalguy,1
phillysports42,1
phislamajama,1
pho,2
phone).,1
photos),1
"phraze,",1
phspringkickoff,1
physicality,1
pi,1
pic:,1
pichu,1
pick,267
pickers!,1
picks,3
picks!,7
picks!!,1
pictur,13
pie,3
"piece,",1
pierden,1
pierrevlebrun,1
pinakamag,1
pindown,1
pinot,1
pinson,1
piss,10
pistons!!!,1
pistons-buck,3
pistons...fact,1
pistons?,1
pistonsbuck,1
"pitching,",1
piti,1
pitt/wa,1
piƒôkna,1
piƒôkno,1
pjstock28,1
place?,1
planet.,2
planet..,1
planetpat5,1
plasticpollut,1
platform,3
platitud,1
platoon,1
plausibl,1
play,846
play(hedge),1
play-,1
play-off-ul,1
player...,2
player?,14
"players,",16
players...,1
players:,4
playground.,2
playin.,1
playo-,1
"playoffa,",1
playoffbodi,1
playoffs&gt;&gt;&gt;&gt;,1
playoffs',3
"playoffs,ufc",1
playoffs.,364
playoffs......,1
playoffs.....nba,1
playoffs....id,1
playoffs...that,1
playoffs...yankees...gam,1
playoffs.that,1
playoffs/th,1
playoffs???,2
playoffs????,2
playoffs‚úÖ,1
playoffsüòÇ,1
playolg,1
plays,5
plays!,6
please....,1
"pleased,",1
plenti,26
ploeg.,1
pls.,2
plug,2
"plus,",13
plut√¥t,3
plz!!!!!!!,1
pnkyreggaeprti,1
pnr,4
podcast:,8
podcastlif,1
podfix,2
"pointers,",1
pointless.,1
points?,3
pointshav,1
pokertradit,2
"polarizing,",1
polici,6
policies/,1
polit,2
pond).,1
poo,1
pool,9
poorli,3
pop?,1
popcorn.,1
popp,1
popularity.,1
portervil,1
portstniqu,1
"portugu√™s,",1
por√≥wnujƒÖc,1
posai,1
posit,28
positiva,1
positivo,1
possibl,43
possible.),1
possible?,2
post-soci,1
postgam,10
postma_wil,1
posts?,1
postse-,1
postseason,96
potd,4
potential,1
poundingtherock,1
"pourquoi,",1
"power,",1
pp,1
ppg.,1
"ppj,",1
ppl,22
pppp.,1
practic,19
"practices/shootarounds,",1
prayer,3
prblm,1
pre-dawn.,1
precis,4
predat,1
prediction!,1
prefer,21
"pregame,",1
premier!,2
"premium,",1
prep√°rat,1
"present,",2
president,4
pressur,35
prettykool,1
preval,1
previews:,1
previous,1
price,21
price!,1
prime_cam,4
primelegoat23,1
prior,7
prioriti,5
privileged,1
pro.,1
proam,1
probabl,105
probable.,1
"process,",1
product,25
productiva,1
"professional,",1
profitable!,1
proflippersonli,1
programmers.,1
prolli,8
prolong,1
prom,1
promedi√≥,1
prominentesten,1
promoting!,1
proof,4
properties.,1
prospect,11
prospect/ag,1
prosper,1
protagonismo,1
protest,1
protomau5,1
proudli,1
proverbi,1
"pr√≥ximo,",1
psa:,2
pseudo,1
psrobertmorri,1
psychot,1
"pts,",54
puesto...,1
"pulitzer,",1
"punches,",1
punishment.,1
pur,1
pure,16
purpose?,1
purs,1
putt,1
p√°gina,1
p√©gale,1
p√©rdida,1
q.,1
q_design,1
qu'aura,1
"quadra,",1
quadrupl,2
quarter;,1
quarters,1
quasprima,1
quenchnaturel,1
querendo,1
quest,9
qui,15
quick,20
quizbi,1
qu√©,5
q‚Äô,2
r.i.p.,2
r_m_v_d_,1
racing.,2
rad_thad1,2
radio!!,1
"radio,",1
radiofreespx,1
rafaneyt,1
raft,1
rain...,1
rainman,1
rake,4
ralangelletizia,1
randy1martin,1
range.,6
rapid,2
rapper,8
raptors',24
raptors-they,1
raptors.,17
raptors/mag,4
raptorsvsmag,4
raquellin,1
rare,18
rashard,1
ratchet,1
rather.,1
ratings?,1
rattl,1
raulsarmiento,1
ray,118
raymond,22
re-screen,1
re-tim,1
reaction,24
"read,",3
read:,2
reading.,2
ready!,1
realbobbasport,5
realbobman,2
realcandaceo,2
realdonaldtrump,7
realist,3
realistic...,1
reality.,4
realli,357
reallifekaz,3
realmadrid,1
realtalkbklynni,1
reason,82
reb/10,1
rebeccagr,2
rebellion,1
rebotes.,1
rebound.,2
rebuild,6
rebuild?,1
recap,28
recept,1
receta,3
recibir,1
reco6in,1
reconsid,1
recopilaci√≥n,1
record!,2
recount,1
recycl,1
"red,",3
rednat,1
reds?,1
redsox,5
ref,218
references!!,1
refs,1
refs-hint,1
refund,1
reggiechrom,1
regular,115
reign,6
reigningraven,1
reins.,1
rekindl,1
relativ,1
released.,2
releg,4
reliabl,2
remaind,1
remark,5
reminisc,3
remplac,1
renov,2
"repalgreen,",1
replica,6
reply.,1
repoint,1
repres,11
rep√∫blica,1
"res.,",4
resembl,1
"resentment,",2
respond,9
responsibilities.,1
"responsibility,",1
results),1
retard,2
retarded.,1
retired.,5
retro,1
retroact,1
return.,2
rev.,1
revers,6
revisit,1
"rey,",1
rhetor,1
rhythm!,1
rickey,1
rickmccrabb,1
ricky,1
ridicul,21
ridiculous!,1
"right,",10
righteou,1
rightway_7,1
riley,4
rileycat19,1
"rim,",1
rimü§î,1
ringless,1
rio,1
ripcity!!!,2
ripcity?,1
"rise,",1
risk!,1
rizla2705,1
rjfrizz11,1
rjhampton14,1
roadshow,1
"roaracle,",2
"rob,",1
robberi,1
"robbery,",1
roberto,1
robksport,2
roblox,1
"rockies,",1
roco,1
rod,1
rodions1,3
rodstryk,1
rok,1
rolex,1
romeo,1
rom√©o,1
ronnieb832,1
ronology_,2
"rooney,",1
rosalina1011,1
rospagnoli13,1
ross_homan1,1
rotat,9
rotowire.,1
round?,1
roundup?,1
roy,9
rozier!!...,1
"rozier,",2
rpzado,1
rsmftw,2
rtaylor2283,2
rudygobert27,1
rufan130,5
run,150
runjamesrun201,1
"running,",1
russel,69
russi,1
russianbear,1
ruth,1
ryanmiller141,2
ryansanto,1
ryansym27,4
rylucas12,3
r√©cord,1
r√©cup√®r,1
r√©flex,1
"s+a,",1
s3select,1
saahnszn,1
sabe,6
saboni,6
sab√≠a,1
sacaron,1
sacramento,16
"sacramento,",1
sacramentok,14
"sacrifice,",1
sad.,4
saddest,2
sadthunderfan27,1
sadü§¶üèΩ‚Äç‚ôÇÔ∏è,1
sagerosenfels18,1
sai,3
saint,3
salad,5
"salary,",1
saltlakebounce',1
saluden,1
"same,",5
samford,1
samopp24,1
samsheehan,1
samsungu,1
samsunng,1
sank,4
santiago!,2
santiagomejia.,1
saric,1
sas/den,3
sasakis.,1
saturday!,3
saturdaythought,2
saver!üî•üî•,1
savsden,1
savvydat,1
saw,38
saxlaya,1
say.,6
sa√ßmalƒ±k.,1
saƒü,1
scalabl,1
scantili,1
scare,11
schedul,34
schedule,2
schedule.,4
schlabach_tim,1
"scholars,",1
school.,6
"schroder,",1
schroeder,1
schr√∂der,1
sciencewithsoph,1
scofielddidit89,2
score,231
"scorer,",2
scores...,1
scores/stat,1
scores‚Äîyesterday',1
score‚Äô,1
scott,2
scottmoran726,2
scottshimo,3
scream,9
script:,1
sculpt,1
seamster,1
sean,6
seanhann,1
search!,1
season),2
season..,1
season...thi,1
season?!?,1
seattlemarin,1
seba!,1
second-ch,1
seconds.,3
secretli,2
seed.,6
seems.,1
"seen,",3
seenit,1
"sega,",1
selection.,4
self-import,1
self-profess,1
seminol,1
senatedem,2
sentiment,1
ser,20
serbio,1
serena,2
sergio!,2
serie.,4
serie.üí™,1
series;,1
serilerin,1
serious.,3
servic,11
ser√≠a,2
set.,1
seth',1
seth_everett,1
sethcurri,1
sethdavishoop,5
settl,10
sever,21
sexism.,1
sexist.,1
sezondur,1
sfo,1
sg,1
"shame,",1
shaq..damn,1
shaqthompson_7,1
sharks/knight,1
shed?,1
sheet,7
sheley_,3
shi,1
shii!,1
shikari514,1
shimmi,3
shirt.,1
shit?,1
shiti,1
"shitless,",1
shitti,8
shiz,1
shmwil,1
"sho_billions,",1
shobox,1
shoes.,1
shoes:‚Ä¶,1
shoot!!,1
"shoot,",2
shoot...that‚Äô,1
"shooters,",1
shooting...but,1
shoots.,1
shopmycloset,3
short-term,1
shortag,1
shortli,2
shorts?,1
"shot,",6
shotless,1
"shots,",9
shoutout,8
shove,1
showin,1
shrank,1
"siakam,",1
siakim,1
sick!,1
side?!,1
siev,1
significant.,1
signings:,1
"sigue,",1
silv,1
silver:,1
sim,1
simple-,1
singer,1
single.,1
"sir,",3
"siri,",2
siri:,2
sister,6
sit,44
site,5
sites!,1
sittin,1
six-tim,1
sixer,175
sixth,2
sjcchoop,1
skincar,1
slaszowaniem,1
slates!,1
slaves?,1
slemari,1
slew,1
slickdeal,2
slide,1
slight,1
slither,1
slo-mo,1
slowly.,1
smack,4
smackdown,1
small,29
smallprofit,1
smart',2
smart.,3
smartest,4
smh,50
smh...y‚Äôal,1
"smith,",1
smith:,2
smoothest,1
snakeskin,1
snitch,6
snl,1
snow),1
so-cal,1
so....,2
so...lukewalton,1
soccertip,1
social,20
socialmarketmd,1
soft..,1
softli,1
solidifi,2
somando,1
"some,",1
someth,87
sometim,28
"sometimes,",1
somosdeporteven,1
somthing..hmmm,1
"son,",3
sond,1
song...,1
sonüíØüî•,1
sooo,5
sooo...leav,1
sopandeb,6
sophomor,2
sorprendi√≥,1
sorry!,1
sort,18
sought,1
soullavan,1
sova,1
space.,1
spam,1
span?,1
spanish,1
spark,4
sparkiethedork!,1
spat,1
spec.,2
spectacular,2
spencer,1
sphincter,1
spiceadam,1
spiderlou2099,1
spikeeskin,3
spirit...,1
splendida,1
spoiler,4
sport_newyork,1
sportif,1
sportmomenten,1
sportreport,1
"sports,",19
sports:,11
sports_aaron,1
sports_beard,1
sportscast,2
sportscent,86
sportscenter.,1
sportsdayspast,1
sportseconds,1
sportsfeedia,1
sportsfict,1
sportshandicap,1
sportsingdad,2
sportsmanship,2
sportsradio610,1
sportsradiokjr,1
sportstvrat,1
sportsüëÄw,1
sportwetten,1
spot,35
spread.,2
sprinkl,6
spudshouldhavebeenroy,1
spurs-net,1
spurs...,1
spursday,1
spursfan,1
spursian_empir,1
squall,1
srodriq785,1
ssd,1
sta,1
stabilityüëåüèΩüíØ,1
stack,14
stacks.....im,1
staircasewhitt,1
stamp,1
stamtƒÖd,1
stanford,1
stankin,1
"stanleycupplayoffs,",1
start.,8
started),1
starting‚Ä¶,1
starwar,2
stat?,1
stat^^,1
"statement,",1
statkingupw,2
statut,2
stays??,1
staywok,1
steady!,1
steal+bucket+fre,1
steals,1
steer,2
stellar,3
stellar....,1
step.,1
stepbackdagg,1
stephaintfair,1
stephane774,1
stephenasmith,15
stephencurry30?remember-,1
sterlingil,1
stern,1
steve_johnson42,1
stevebraband,2
stevem_od,2
stevens-stlyle;,1
stevesharief7,1
stewart925,2
stink,5
stl/cin,1
stlouisblu,3
stock,7
stole,10
stolen,1
stoned.,1
stopper,1
straight,47
streak!,8
stream),4
street!,1
streethistori,1
streets!!,1
strength,3
strengthen,1
"stretcher,",1
strickland,1
strike,6
stripe.,1
strong!!,1
"struggling,",1
stu_gatzzo,1
stuff),1
stuntin,1
"stupid,",1
su,59
subscribe,1
subscribe.,7
subscribeüö®,1
success.,4
successful?,1
suck,45
sucks,4
sucks!,1
suffered.,1
sumaron,1
summar,1
summari,17
summer..,2
sun.,1
sunday!!!!,1
sunday...gam,1
sunday.‚ù§Ô∏èüñ§üèÅüéµüé∂üèÄ,1
sundaymotivation,1
sundaynightbasebal,1
sundaythought,5
sunday‚Äî&gt;nhl/nba,1
sunni,2
sunsfantv,1
super,60
superfuture14,1
superson,6
"superstar,",2
supervis,1
"suppose,",1
suprem,4
sure!,1
surest,1
"surpassed,",1
surprisingli,2
surround,5
suya,1
svp,2
swanlee99,1
swat,2
sweats.,1
sweep‚Ä¶,1
swift‚Äô,2
swincash,2
swing,11
swing!,1
swingman,2
switch.,1
sword,2
sxhasrara,1
s√§songen,1
s√∂ye,1
t'aurai,1
t.v.,1
t2___________,1
"table,",1
tableaupubl,1
tag,2
"take,",1
take:,2
takeaway,13
takes.,1
takimi,1
"talent,",3
talento...,1
talk,252
talk-,1
"talking,",2
talküèÄ,1
talli,1
tan,3
tanda,2
tandem.,1
tannerbrodess,1
task,2
tatumgo,1
taunt,5
taurean,1
taxes...,1
taylor,2
tbd,1
tbt2019,1
tbursach,1
td,1
tdgarden,4
team!!,2
"team,",25
team/nba,1
team:,2
teammates.,2
teams.,21
teamtank,1
tech....what,1
tell.,2
tellin,1
tempt,4
tend,2
tennis,1
tennisplay,1
tentando,1
"terabyte,",1
term,18
termineradio,9
terror,1
terry?,1
tfclive,1
tgirmai,1
thaddeu,3
than_pa,1
thank,117
thapreciousbabi,1
that!,5
that...i'l,1
thats_aton,1
that‚Äô,214
thatü§îü§îü§îü§î,1
"the,",1
the__atg,1
theathleticnba,5
thebasketballfan,13
thebay,1
thebosstin,2
thecbjartilleri,1
thecousins,1
thegamer2323,1
thegrimrepar253,1
thehypezon,1
their,13
thejmo,3
thek_nod,1
thekot4q,2
thelando__,3
theleagu,1
them.,45
themarquisii,1
themast,190
themasters¬†¬†,1
themightyasian_,1
thenbacentr,2
thenickachew,1
theoakleaf,1
theofficialtjm_,1
theonlyjesseogg,1
theosubuckey,3
thephillyvoic,1
thepybl,1
ther,5
there,83
there?,4
therealtebow3,2
therockj1,1
thesagerbomb,8
these....,1
theseigedf,1
theshrillest,1
thesspodcast_,1
thevspod,1
thewackyreport,4
thewillofb,1
they,215
theüí∞,1
thhp,1
third,32
thirst,1
this),1
thisa,1
thisisud,1
thismyshit,1
thisweekabc,1
tho!!!,1
tho?,4
thomas_ster,4
thomasketko,1
thonmakerrevengegam,1
thooooo,1
thorough,3
those...,1
though?,3
thoüî•,1
thread,5
threat.,2
three.,5
threes),1
thrill,4
throne!,1
thrones!,7
thrones....and,1
thrones/,1
thrones??,1
thrones‚úÖ,1
thronesüòÇüòÇunfortun,1
thronesüòØ,1
through,3
throw,54
throw?,1
thru,9
thu,9
thunderfreak4life!,1
thunderstorm,1
thundertrailblaz,1
thundervsblaz,1
"thurmond,",1
th‚Äîi,1
"tickets,",2
tied.,2
tiene.,1
tierra,1
tietayk,1
tigersbaseballonfsndetroit,1
tikycano,1
timberwolves:,1
time!!!!,1
"times,",3
timpaynex,1
tirarm,2
tire,19
"title,",5
title:,2
tizi,1
tmobil,1
tntdrama,3
toats7,1
tobacco,7
tobias!,1
toc√≥,1
today!!,2
today!!!,2
today...damn.,1
today...noth,1
today‚ÄºÔ∏èüí∞üö®ü§ë,1
today‚òòÔ∏èüèÜ,1
toddfuhrman,2
told,34
toll?,1
toma,4
tomilahren,1
tommy_t_256,1
tomoateswsj;,1
"tomorrow,",5
tomorrow:,2
ton,14
tone,6
tonecorleone450,1
tonight',12
tonight.,61
tony_pike15,1
tonyparkszon,1
tonysosuav,5
too....i,1
too?,6
toooooo,1
top.,6
topic,6
topzru,1
torcida,3
torn,2
"tornados,",1
toronto/orlando,1
toronto?,2
tortowl,1
total,92
totalment,1
toto,1
tou,7
townbiz,1
trafi≈Ç,1
tragic,2
"training),",1
tranceporterlax,1
transition?,1
translat,7
transmisi√≥n,4
transmitiendo,1
travail.,1
"traveling,",1
traveling:,1
"travels,",1
tre,5
tree,1
trendintopic_3,1
trendybet,3
trentthrash,1
trevorfox3000,1
treyadel,1
trez,1
tribe..good,1
tribut,10
trier,2
trifecta,3
triples,1
trolling.,1
trophi,17
trophy.,1
trump:,1
tryna,12
tubbi,1
tucker,2
tuqi_duqu,2
"turner,",1
turner:,1
turnoff,1
turnover.,1
"turnovers,",3
tus.,1
tv!,4
tv/sport,1
tv64,6
tweeter,2
tweets:,1
tweets‚Äî,1
twirl?,1
twitch!,2
twitchesport,1
twitlerini,1
twitt,1
twitter&gt;&gt;&gt;&gt;&gt;&gt;,1
twitter...,1
twitters.,1
two!,1
twprice2,1
ty,1
tylerjamesrice_,1
tylosun,1
tymalik59,1
tympan1print,1
type:,6
tyree‚Äô,1
t√°,2
t√©moignag,1
t√™te,1
u...,1
u...byeeeee,1
u211.5,1
u219,1
ubmenshoop,1
ucla,9
udelson,1
uds.,1
uga,1
ugga,1
ugh,5
uh,2
"uhhh,",1
ultra-rich,1
ulu,1
umass',1
umasshockey,2
umassjsp,2
ummm,3
ummm...that‚Äô,1
umpir,6
una,26
unacceptable‚Äô,2
unbalanc,2
unbelievable.,2
uncle_drew80,1
uncomfortable.,1
uncommon,2
undef,4
under-valu,1
under...and,1
underachieved?,1
underarmour,4
underclass,1
underdawg,1
underdog.,1
underdogs.,2
underrated?,2
underway!!,1
underway.,4
underwear?.,1
uneven,1
unfortun,7
unguardable!,2
uniform.,2
uninterest,3
uninterrupt,1
"unis,i‚Äôm",1
units),2
univers,9
university?,1
uno,16
unqualifi,2
unquestion,1
unreadi,1
unreal.,5
unstabl,1
unstoppablebabi,1
unwav,1
unwritten,2
uofsc,1
up?,6
updat,28
updates.,3
upload,8
upnext,1
upp,1
upset,157
upset?,1
"upsets),",1
uptempo,1
uptick,1
upüëä,1
urbanlegends74,1
urkle9,3
us!,11
usab3x3,1
usage.,1
user,3
ussr,1
utaahhhh,1
utah...,1
utah/h,1
utahjazz,38
utsa_mem,1
uvu.,1
uzibrazi,1
v,33
vacuum,1
valenchu!,1
valley,3
vancev3,2
vancouv,1
vanvleet:,1
vari,2
variou,1
varsity.,1
vast,1
vastli,2
ve,1
veep!?,1
vegas/costa,9
vegas/san,1
veins?,1
venci√≥,1
venic,1
venicemas,1
verbal,3
verizonsupport,1
verrassen,1
verrrrd,1
version!,1
versu,7
verycavallari,1
veya,1
vez,4
veze,1
viabl,2
vibeü§©,1
victim:,2
victoir,3
victories',1
victories.,1
victorinomatu,1
victorious.,1
"video,",3
video:,5
videooftheday,1
videos:,1
video‚Äî,1
viejo,2
viewership,2
views.,1
vinig,1
vinnabet.,1
violations?,1
virginia/nba,1
virtual,3
"visitante,",1
visitantes.,1
visiteno,1
vital,1
vit√≥ria,1
vlogg,1
vodkaredbul,1
vol.,1
volley,1
volleybal,1
volunteeroki,1
volvi√≥,1
vooch,1
vpn,1
vraiment,2
vs,342
vs¬†rocket,1
vucevic-gordon,1
vusports:,1
w/code,1
w354551n,1
wac.,1
wack!!!,1
"wack),",1
"wack,",2
wade',1
wade.,1
wages),1
wait!,1
wallet,1
walls.,1
walruss,2
walton.,1
wana,1
wanna,52
wanted.,1
wants.,3
ward_11w,2
warren,1
warriorground,1
warriornationcp,1
warriors‚Äô¬†win,1
warriors‚Ä¶,1
was!,1
was.),1
washington,46
wasn't,2
watch,933
watch...,3
watch?,2
watch?!,1
watch?!?!,1
watches/warn,1
watchin,3
watching.,6
watching....,1
watching...wif,1
wave,4
waves?,1
way!!,1
way-too-jaff,1
ways.,3
wayyyyy,1
wb,1
wbalut,2
weak,29
wealldoit,1
wear,51
"weather,",1
webcentraltv,6
website.,2
"weddings,",1
wedgies/unstrangl,1
weedjunki,2
week!!!,1
"week,",4
weekend,68
weekend.,9
weeks.,4
weeni,1
wegobig,1
wegowayback,1
weigh,4
weird.,2
welcom,28
well...,1
well....,1
wesley,3
west,30
westbrick,3
westbrook?,2
westero,2
westphillyguy,1
whaaaaaaattttt?,1
whack,1
what...he‚Äô,1
what...roughli,1
what?,10
what?!!!,1
what?!!!!,1
what??,1
whatagreattimetobeal,1
whatcha,1
whatsapp,2
when,95
when..,1
wherea,2
whip,2
whispersquad,1
whistle.,1
"whistles,",1
white),1
whitewash,1
who,127
whole,97
whos,1
whose,4
whynot,2
whythough,1
wi,3
wibanew,1
wifey.,1
wifi,3
wil,5
wildcat,2
will,62
william_l,1
williams,1
willthethrillb5,1
willy04,2
wilson,2
win.,31
win...,1
windhorstespn,1
window.,2
windycitybul,1
winnaar.,1
winner...sun,1
winnfield,1
winning!,1
winning)--&gt;nba,1
winningest,26
winningticket,1
wint,1
wiper,1
wired:,1
wiscoweath,1
wise,5
wiseman.,1
with...,1
wither,1
without,131
without‚Ä¶,1
"witty,",1
wiz,1
wizards',4
wizards.,2
woke.,1
wolves.,1
woman,6
womenworld,1
women‚Äô,3
"wonder,",1
wonder:,1
woo,1
"woods,",6
woohoo,1
wordpressdotcom,1
work?,2
working.,1
works!,1
world),1
world‚Äô,1
worri,30
worse;,1
worst,137
would'v,8
wouldn‚Äôt,33
wow!!!,1
wow!!!!,1
wp,1
wrestl,5
wright,2
wrist,2
"writer,",1
wrong),1
wrote,8
wsj,1
wsoctv,10
wthrsunris,1
wud,1
wwe,11
wwg1wga,1
x]],1
xaviertrashtalk,1
xavierwoodsphd,2
xboxsupport,1
xfreshie',1
xsando,2
xsnyderman,1
xso,3
xthreeee,1
y'all!,1
"ya'll,",1
"ya,",2
yaehh,1
yahoosportsnba,20
yay,4
yea.,1
yeah.,12
yeah...um....about,1
year!!,3
"year),",1
"year,",28
year....,1
year:,3
years.,31
yearsüòÇ,1
yee'd,1
yeoldwalru,1
yesterday?,1
yet,59
yet?!,1
yippie.,1
"yo,",6
yoff,1
yok,2
yooooooo,1
yopaulienj,1
yorumunu,1
yosoypodium,2
youcantstopm,1
youhadonejobtodo,1
youmightshootyoureyeout,1
young,93
young?,1
younghokoo,3
yousufbaha,1
youthapparelredyouth100%,1
youtube.,1
youtubespursn,1
youtubetv,1
you¬†custom,1
you‚Äôll,9
youüíØüíØüíØüíØüíØ,1
yovanny!,1
yovannyadam,1
yt/kawhinot,1
yuge,2
yun,1
yungkiid7,1
yup.,2
y√∂nelik,1
y‚Äôa,1
zaash_,1
zap,1
zavallƒ±lƒ±ktƒ±r.,1
zawsz,1
zbojeckim,1
zionw32,2
znation,2
zondag,1
zonemadison,1
ztf4star,1
zubac.,1
zzzuper,1
{2u},6
{49-33},2
|...,1
},2
¬†,5
¬°al√≥!,1
¬°arrancan,1
¬°halftime!,1
¬°para,1
¬°se,1
¬°sigu,2
¬°ya,2
¬°¬°t,1
¬øcu√°l,2
¬ørepetir√°n,1
¬øser√°,1
√à,1
√ßa.,1
√©lite.,1
√©tats-unis!,1
√π,1
≈ºywiol,1
ŒúŒµ,1
Œü,3
Œ±Œ∏ŒªŒ∑œÑŒ≠œÇ,1
Œ¥ŒØŒΩŒµŒπ,1
ŒµŒØœÉŒ±Œπ,1
ŒµŒΩœÑœÖœÄœâœÉŒπŒ±Œ∫œå,1
ŒºŒÆŒΩŒµœÇ,1
ŒºœÖŒ±Œªœå,1
ŒΩŒØŒ∫ŒµœÇ,1
ŒæŒ≠œÅŒøœÖŒºŒµ,1
ŒøŒºŒ¨Œ¥ŒµœÇ,1
œÄŒØœÉœÑŒøŒΩœÇ,1
œÄŒ±ŒπœáŒΩŒØŒ¥ŒπŒ±,1
œÄŒµœÅŒπœÉœÉœåœÑŒµœÅŒµœÇ,1
œÄŒøœÖ,2
œÄœÅœéœÑŒø,3
œéœÅŒ±,1
–ø–æ–º–Ω—é,1
—Å,1
◊ê◊í◊ì◊î,1
◊ê◊™◊û◊ï◊ú,1
◊ë◊ï◊ï◊ì◊ê◊ô.,1
◊î-nba,4
◊î◊ó◊ì◊©◊î,1
◊î◊ô◊ê,1
◊î◊õ◊°,1
"◊î◊ú◊ô◊ú◊î,",1
◊î◊°◊ô◊ì◊®◊î,1
◊î◊¢◊ô◊ß◊®◊ô,1
◊î◊®◊ê◊©,1
"◊î◊©◊ë◊ô◊¢◊ô◊™,",1
◊ï◊î◊¢◊ï◊†◊î,1
◊ô◊©,1
◊ô◊™◊õ◊ü,1
◊õ◊û◊î,2
◊õ◊™◊ë◊™◊ô,1
◊ú◊ì◊®◊ö,2
◊ú◊î◊ù,1
◊û◊ï◊¢◊®◊õ◊ô◊ù,1
◊û◊õ◊ô◊ï◊ï◊†◊ï,1
◊û◊ß◊ï◊ï◊î,1
◊û◊©◊ó◊ß◊ô,1
◊†◊ï◊ë◊ô◊¶◊ß◊ô,1
◊¢◊ï◊§◊®,1
"◊ß◊®◊ô,",1
◊©◊î◊ô◊ê,1
◊©◊õ◊ó◊î,1
◊©◊§◊ú◊ô◊ô◊ê◊ï◊£,1
ÿßŸÑÿ™ÿßŸÑŸä,1
ÿßŸÑÿ∫Ÿäÿ±,1
ÿßŸÑŸÅÿ±ŸäŸÇ,1
ÿßŸÑŸàÿ∂ÿπ,1
ÿßŸÖÿ≥,1
ÿßŸà,1
ÿ®ÿ≥,2
ÿ®ÿπÿ∂,1
ÿ®ŸÑÿßŸä,1
ÿ®ŸäÿπŸàÿ∂ŸÉ,1
ÿ™ŸÇÿ±Ÿäÿ®ÿßŸã,1
ÿØŸàÿ±ÿßŸÜÿ™,1
ÿØŸàŸÉ,1
ÿ¥ŸÅÿ™,1
ÿ¥Ÿä,1
ÿµŸÅÿ≠ÿ™Ÿä,1
ŸÉÿßŸÜ,1
ŸÉŸÑ,1
ŸÉŸàÿßŸä,1
ŸÑÿßÿ±Ÿä,1
ŸÑŸÑÿ¥ÿ®ÿßÿ®,1
ŸÑŸÑŸÖŸàÿØÿß,1
ŸÖ,1
ŸÖÿ®ÿßÿ±Ÿäÿßÿ™,1
ŸÖÿ™ÿßÿ®ÿπÿ™Ÿä,1
ŸÖÿ´ŸëŸÑ..,1
ŸÖŸàÿØÿß,1
ŸÜŸáÿßÿ¶Ÿäÿßÿ™,1
ŸáŸÜÿß,1
Ÿàÿ±ÿß,1
ŸàŸÑÿß,1
Ÿäÿµÿ®ÿ≠,1
ŸäŸÜŸáÿ≤ŸÖ,1
‚Äì¬†deadspin,1
‚Äî,34
‚Äîdj,1
‚Äî¬†right,1
‚Äò4/14/2019,1
‚Äò87,2
‚Äòem,1
‚Äòextrem,3
‚Äògonna,3
‚Äòinject,1
‚Äòi‚Äôv,1
‚Äòsacrif,1
‚Äòshit‚ÄôüòÇ,1
‚Äòunacceptable‚Äô,1
‚Äô71,1
‚Ä¢,56
‚Å†‚Å†playoff,1
‚Å¶fiservforum‚Å©!,1
‚á©,1
‚åö,1
‚îª‚î≥|,8
‚ñ™Ô∏èblu,1
‚ñ∂Ô∏èful,1
‚òéup,1
‚òòÔ∏è‚òòÔ∏è‚òòÔ∏è,3
‚òùüèªüïê.,1
‚òùüèº,1
‚ò∫Ô∏è‚ò∫Ô∏è,2
‚ô•Ô∏è,1
‚öîÔ∏è,1
‚ö°,1
‚ö°Ô∏èüèÄ,3
‚öΩÔ∏èolimpija/aluminij,1
‚öΩÔ∏ètfc‚Äô,1
‚öæÔ∏è,14
‚õ≥,1
‚õ≥Ô∏ènow,1
‚úÖ‚úÖ‚úÖ,1
‚úä:,1
‚úäüèºdwhite921,1
‚úäüèæ,2
‚úåüèΩ,1
‚úåüèæ‚ù§Ô∏èüèÄüèÅüèÅüèÅüèÅüèÅüèÅüèÅüèÅüèÅüëë,1
‚úåü§†üèÄ,1
‚úî,7
‚ùÑÔ∏è,3
‚ûú,4
‚û°Ô∏èwick,1
‚§µÔ∏è,1
„ÄênbaÂ≠£ÂæåË≥Ω„ÄëÂãáÂ£´ËºïÂèñÂø´ËâáÊãîÈ†≠Á±å„ÄÄÂè≤Â†§Ëä¨Â±ÖÈáåÂ≠£ÂæåË≥Ω3ÂàÜÁêÉÊï∏ÁôªÂè≤‰∏äÁ¨¨‰∏Ä,1
„Åì„Çå„Åß„Éï„É¨„Ç∞„É©„É≥„Éà„Å™„Çânba„ÅØ„ÇΩ„Éï„Éà,1
„Åø„Çì„Å™„Ç¢„É°„É™„Ç´‰∫∫Âπ≥ÂùáÁî∑ÊÄß„ÅÆ50„Çª„É≥„ÉÅ„Åè„Çâ„ÅÑ„Éá„Ç´„ÅÑ„Çì„Åß„Åô„Åë„Å©„ÄÅ„ÄÅ„ÄÅ‰ΩïÈ£ü„Åπ„Åü„Çâ„Åù„Çì„Å™„Å´Â§ß„Åç„Åè„Å™„Çå„Çã„Çì„Åß„Åó„Çá„ÅÜ„Åãü§£,1
„Çà„ÅóÔºÅËøΩ„ÅÑ„Å§„ÅÑ„ÅüÔºÅÔºÅ,1
„Ç¢„Ç∑„Çπ„Éà„ÅØ„ÇØ„É¨„Ç§„Éà„É≥„Éó„ÇΩ„É≥„ÄÇ,1
„Éô„Éê„É™„Éº„Å®kd2‰∫∫„Å®„ÇÇÈÄÄÂ†¥„ÄÇÁ¨ëÁ¨ë,1
„Éª„Éª„Éª,4
‰∏ú‰∫¨,1
‰∫àÊÉ≥...rajon,1
‰ø∫„ÅåÁ¨¨4Êà¶Ë¶ã„Å´Ë°å„ÅèÊôÇ„ÇÇ„Éô„Éê„É™„Éº„Å®„ÅÆ„ÇÑ„Çä„Å®„ÇäË¶ã„Çå„Çã„Åã„ÇÇ„Åó„Çå„Çì„ÄÇÊ•Ω„Åó„Åø„ÄÇ,1
ÂÅöÁà±,1
Âíådwhite921,1
Â¢®Â∞îÊú¨,1
Â≠£ÂêéËµõÁ¨¨‰∏ÄÂ§©Ôºå,1
Ê≥ïÂõΩ,1
Áèænba„Çí‰ª£Ë°®„Åô„Çã„É™„Éê„Ç¶„É≥„Éâ„É¢„É≥„Çπ„Çø„Éº„ÄÇ,1
Á∫¶ÁÇÆ,1
ËãèÂ∑û,1
ÏóÜÎäî,2
ÏΩîÏπòÎ•º,1
üÜö,2
üçÄüçÄüçÄ,3
üçÄüèÄ,1
üç™üèÄ,1
üé•,8
üèÄ1:00pm,1
üèÄ3:30pm,1
"üèÄkyrie,",1
üèÄnba¬†,2
üèÄthund,1
üèÄüé±,2
üèÄüíØüëÄnba,1
üèÄü¶å,1
üèÜ,11
üèÜüèÜüèÜüèÜgame1,4
üèÜüí∞üí∞üí∞,1
üèàüèÄüèàüèÄüèà.,1
üèåüèΩ,1
üêÖ.,1
üêê),1
üêêüèÄü§´,1
üê∞‚ùóÔ∏è,1
üê¥,1
üëÄ,59
üëÄüò≥,1
üëÇ.,1
üëá,12
üëâpor:,1
üëåüèºüëåüèºüëåüèº,1
üëåüèæüèÄ,1
üëçüèΩ,2
üëçüèΩüí™üèΩüî•üî•,1
üëé,1
üëèüèº,2
üëèüèΩüëèüèΩüëèüèΩ,1
üíÄüíÄüíÄüíÄüíÄ,1
üíÖüèº,1
üíîüíîüíî,1
üíô,1
üíôüíõüèÄüí™,1
üíôüíõüíôüíõ,1
üíõüèÄüíôüèÜ,1
üí§üíô,1
üí™üèª,2
üí™üèºüèÄüî•,1
üíØ!!!!!!!!!!,1
üí∞üíØ,1
üí∞üí∞üí∞gamblingtwitt,4
üíµ,6
üíº,1
üìà,1
üìç:,1
üìì|,2
üìù,2
üì≤,7
üî•!,1
üî•1/2,1
üî•nba,1
üî•üçö,1
üî•üî•üò±üò±,1
üî•üö®üò§,1
üî®,9
üî®https://t.co/oiqgjiwyim,1
üîΩ,1
üïê,1
üïó,2
üññ‚òòüçª,1
üóë,3
üòÄ,2
üòÇ.,6
üòÇ‚ù§Ô∏è,1
üòÇüíØ,1
üòÇüòÇüíÄü§¶‚Äç‚ôÇÔ∏èlmfao,1
üòÇüòÇüòÇüòÇüòÇüòÇüòÇüòÇüòÇüòÇüòÇüòÇüòÇüòÇüòÇüòÇüòÇüòÇüòÇ,1
üòÇüòÇüòÇüòÇü§∑üèΩ‚Äç‚ôÇÔ∏è,1
üòÇüòÇüòÇüö´üß¢,1
üòÇüòÇü§¶üèΩ‚Äç‚ôÇÔ∏èüëéüèΩ,1
üòÇü§£,5
üòÖüòÖüòÖ,1
üòá,2
üòâüèÄ,1
üòåü§ôüèæ,1
üòçüòç,1
üòé,17
üòéüî•:,1
üòê.,1
üòîüòî,1
üòï,3
üòòüí™üèÄüôå,1
üòú,2
üò¢üò¢,1
üò©where‚Äô,1
üò©üò©,1
üò™,4
üò´üò´üò´,1
üò≠üò≠üòÇüòÇüòÇüòÇ,1
üò≠üò≠üò≠üò≠üò≠üò≠,2
üò±,10
üò∑üò∑,1
üòø,1
üôÑ,14
üôÑüòÇ,1
üôÑüò¥üò¥üò¥üí§üí§üí§,1
üôÖüèº‚Äç‚ôÇÔ∏è,1
üôàüôàüóëgotta,1
üôåüèº,4
üôåüèΩüî•3Ô∏è‚É£,1
üôåüèæüòå,1
üôåüôåüôå,2
üôèüèΩüî•üêê,1
üôèüèæ,4
üôèüèæüôèüèæ,1
üôèüôèüî•üî•,1
üö®nba,1
üö´,3
üö´üß¢,2
ü§î,40
ü§îI,1
ü§îüòê,1
ü§òüèΩüöÄüèÜ,1
ü§òüèæ,1
ü§¢,2
ü§¢ü§¢ü§¢ü§¢ü§Æü§Æü§Æü§Æ,1
ü§£üòÇü§£,1
ü§£üòÇü§£üòÇü§£üòÇ,1
ü§£ü§£ü§£ü§£ü§£ü§£ü§£ü§£ü§£ü§£ü§£ü§£ü§£ü§£ü§£,1
ü§£ü§£ü§£ü§£ü§£ü§£ü§£ü§£ü§£ü§£ü§£ü§£ü§£ü§£ü§£ü§£ü§£ü§£ü§£ü§£ü§£ü§£ü§£ü§£ü§£ü§£ü§£ü§£ü§£ü§£ü§£ü§£ü§£ü§£ü§£ü§£ü§£ü§£ü§£,1
ü§£ü§£ü§™üòÇ,1
ü§¶üèΩ‚Äç‚ôÇÔ∏è...,1
ü§¶üèæ‚Äç‚ôÇÔ∏è.,1
ü§¶üèæ‚Äç‚ôÇÔ∏èüòÇ.,1
ü§¶üèæ‚Äç‚ôÇÔ∏èü§¶üèæ‚Äç‚ôÇÔ∏èüôÑ,1
ü§¶üèø‚Äç‚ôÇÔ∏èü§¶üèø‚Äç‚ôÇÔ∏è‚ÄºÔ∏è,1
ü§ßpeep,1
ü§©,3
ü§©üçø,1
ü§©üí∞,1
ü§Øü§£ü§£ü§£,1
ü§∑üèº‚Äç‚ôÇÔ∏è,4
ü§∑üèæ‚Äç‚ôÇÔ∏è.,2
ü§∑üèæ‚Äç‚ôÇÔ∏èü§¶üèΩ‚Äç‚ôÇÔ∏è,1
ü•É,1
ü•¥,4
ü•¥üòÇ,1
ü•∫ü•∫ü•∫,1
ü¶é,1
