$!!,1
$$$$$,11
$$$),1
"$,",2
$0.00000000000000000,1
$10,12
$12.75,1
$150,1
$18m,1
$20!,1
$3,16
$3000.,1
$30mm,1
$31,1
"$312,000",1
"$5,000",1
$7.00,2
$75+,2
$800mm,1
$dazmanwin,1
%),1
&gt;&gt;&gt;&gt;&gt;&gt;,1
&gt;&gt;&gt;&gt;&gt;&gt;&gt;&gt;&gt;&gt;&gt;&gt;&gt;nba,1
&lt;&lt;&lt;&lt;&lt;,1
&lt;üëÅ&gt;,3
',1
'19-20...,1
'53,1
'93-94,1
'95,1
'busted',1
"'champions,'",1
'elit,2
'flagrant,1
'he,1
'muchas',1
'no,1
'onc,2
'private',1
'tournament,2
'veep':,1
((watch,2
(+13.37),1
(+155),2
(+17.83),2
(+3u),1
(-11),1
(-2),1
(1)gonzaga,1
(1)virginia,1
(119,1
(124),1
(13.2,1
(18-11),1
"(2,485),",1
(2007-08),1
(2007-08).,1
(2012);,1
"(2012-15),",1
(2015),1
(21),1
"(26.7%),",1
(262).,1
(28),1
(282-4.0),1
"(2nd),",1
(3),16
(3)texa,1
(3-3,1
(3/31/19),3
(35),2
"(35-2),",1
(42),4
(44.6%),1
(5,3
"(59.50m),",1
(684),1
(691),1
(7:53/1h),1
(84-64).,1
"(851),",1
(8th).,1
(9-16,1
(academ,1
(actor,1
(and,37
(apr.5,2
(arike_o),1
(auburn),1
(barrett-jones-williamson),1
(base,1
(began,1
(between,1
(blue,2
(carsten,1
(cboogie_3),1
(check,1
(continu,1
(d),1
(dog),1
(due,1
(duke,1
(e+),1
(e.g.,1
(east),1
(eligible),1
(espnnews),1
(fake,1
(freshman,1
(henri,1
(in,5
(march,5
(mi,3
(midwest).,1
(mississippi,1
(more,1
(nee,1
(nha),2
(northeastern),1
"(og,",1
(oregon),1
"(original),",1
(ot).,2
(owens),1
(press,1
(qb),1
(rick,1
(sarcasm,1
(smart,1
(sorri,1
(sourc,1
(south),1
(still),1
(t-4th,1
(the,5
(three-seed),1
(tip,1
(uk),1
(unlik,1
(uva),3
(video¬†interview),1
(w/,2
(wildcat,1
(‚¨ÜÔ∏è133)‚ùå,1
"(üò≠),",1
+$110,1
+10,2
+115,1
+1200,1
+1900,1
+2.5,5
+3,2
+4',2
+4.04,1
+4.66u,1
+500,1
+6‚ùå,1
+7.27u,2
+9.5,1
+\-,1
-$200,2
-(.75%,1
-(8-2),2
--,60
-1.48u,1
-103,1
-103üí∞,1
-110,5
-110üí∞,1
"-128,",1
-145,3
-1¬Ω,1
-3.5,1
-4,17
-4.5‚ùå,2
-40.87uüî•,1
-4‚úÖ,1
-aaronmcfarl,1
-adolph,2
-an,1
-bound,1
-doughtysport,1
-fastbal,1
-fin,1
-freshman,1
-m.,1
-maggi,1
-normwood,1
-quinnipac,1
-sb,1
-smash,1
-star,1
-texa,1
-uva,1
-with,1
-ye,1
.,167
.....that',1
...ha,1
..mayb,1
..not,1
.002%.,1
.53,1
.67,1
._patrickjmoran,1
.bgfalconhockey,3
.isaacschad,1
.iupuijagsswd,1
.kentuckymbb,1
.lamarsoftbal,1
.ncaa,21
".ncaa,",1
.ovcsport,1
.smcsoftbal,1
.texasmsd‚Äô,1
.texastechmbb,2
.uconnwbb,1
.usi_basketbal,1
.w,1
.wake,1
//wina.com/news/064460-uva-fans-celebrate-hoos-getting-punched-for-ncaas-final-four/,1
/gambl,1
/turn,1
0-2,1
000?,1
007,5
03/30,1
09,5
0:44,1
1!,1
1)in,1
1-0,14
1-1.,1
1-7,3
1-8.,1
1-point,1
1-year,1
1.3/2,1
1.5.,1
1.69,2
1.97,2
1/,4
10.,53
10.5%,1
100%.,2
100.5!,1
100daysofcod,1
100x,2
102wordsaday,1
105,2
106.1,2
107.3.,3
10mi,1
11-14,6
11-2,1
110h,1
11:28pm.,1
11:30,2
11alivesport,1
12!,2
12-1.,1
1210theman,1
126,1
127‚úîÔ∏è,1
12:10,1
12:20pm,1
12am,1
"13,",2
13-5,2
13.2,1
133,1
139.5,1
13:,1
14.7,1
140,3
148-141,1
14:12,1
"14:23.09,",1
14:43.21,1
14mo,2
14th,7
15/2,1
1500m,1
"15:34,",1
16,400
16-bound,1
1650:,1
16?,1
17-20,1
17.,2
170-115-8,1
"18,870.",1
18-19??,1
18-21,7
18.44m,1
182,1
187-202,1
1950s-style,1
"1958,",1
1961,1
1969.,1
1975,6
1975?,1
"1979,",2
1982,2
1986:,1
1987),1
1989,4
1990.,11
1992!,1
"1993,",1
1993:,1
1996,3
"1996-97,",1
1997.,4
1:45,1
"1:49,",1
1futur,1
1gingerbeauti,1
1h.,1
1hour:15-1:19,1
1mrbigshot,1
1nbjae,1
1of,1
1pm!,1
1st-time,1
1sth,4
1stsummer,1
1u,7
1yr,2
1Ô∏è‚É£0Ô∏è‚É£th,1
2):,1
"2,",10
"2-2,",2
2-pointer,19
2.9,1
2.get,1
2/n,1
20%,2
20-72,1
20.00,1
20.6%,1
"2000,",1
"2001-17,",1
2003,5
2004.,3
"2007,",1
2010,8
2011.,1
"2014,",1
2014:,1
2015),1
2017,14
2018.,8
20191:36am,2
20192:37am,1
20195:07pm,1
2019ü§∑üèø‚Äç‚ôÇÔ∏èü§∑üèø‚Äç‚ôÇÔ∏èü§∑üèø‚Äç‚ôÇÔ∏è,1
2025.,1
22-10...,1
22-6+29-20=51-26,1
22-8,1
22;,1
23,12
23oz,1
23yrs!,1
24-17¬†roll,1
24-hour,1
24.,1
25+,7
25-12-1,1
25-14,2
"25-28,",2
25.6,1
2500,2
25th.,1
26-0,1
26-15,1
26/32,1
29.5,1
2:,8
2h:,2
2hr,1
2k,3
2k11,2
2k8,1
"2nd,",1
2nd-fastest,2
2√®me,1
2‚É£,1
2Ô∏è‚É£0Ô∏è‚É£1Ô∏è‚É£9Ô∏è‚É£,1
2Ô∏è‚É£6Ô∏è‚É£,1
"3's,",1
3),7
"3-0,",3
3-3,3
3-31,2
3-6!,1
3-peat,1
3-point,24
3.),3
3.0,1
3.15,2
3.57,1
3/31:,1
3/4,4
30,64
30-26,2
30-6,1
30-win,4
30for30,1
30oz,1
"30th,",1
30‚†Ä,1
31.,1
32nd,3
33-29,1
336,1
33rd,3
33yr,1
"34,",1
34-13.,1
34-30,5
348th,1
34hr,1
35-38,1
37,10
38-0!,1
3:04.08.,1
"3:30,",1
3phibotticelli,1
3pm,9
3pt,9
3pts!,1
"3rd,",3
"3s,",1
4-1,8
4-8,1
4.5,3
4.7.2019,1
40-0,1
40-point,5
40.80.,1
40.94.,1
400m,2
40mins.,1
41%,2
"41,",1
41-34.,2
42_cliff,1
43.86,1
44,12
45.18,1
48%,1
491-0545,2
49er,3
49th,1
4e,1
4s,1
4x400m,3
4‚Äô,1
5,253
"5'11',",1
5-29-2,1
5-6,2
5-point,2
5-star,2
5.middl,1
50-1,1
5000m,1
509pm,2
51,4
53-49,1
54-50,1
54.8%,4
55%,2
55-year,1
"57-53,",1
58,7
582828,1
5:00,1
5:07,1
5:49,3
5?,2
5p,2
"5pm,",1
5seed,1
6'1,1
6'10;,1
6-12th,1
6-5.,1
6-foot-7,1
6-player,1
6.,59
6/24.,1
60+,1
62%,1
"62,",5
62-58,24
"62-58,",1
630,2
64teamtourna,1
65,1
68-44-4,1
"69,",2
69-58,1
69:,7
6:00pm,1
6:57,1
6daystilthencaawomesfinal4in2019,1
6isaperfectnumb,1
7-2,3
7-9,1
7-for-12,1
7-game,1
70-66,1
700,1
72,1
73-80.,1
73.,4
"76,",2
77-10,1
77‚Ä¶,1
"78-74,",1
786-224-7207.,1
79,7
79-61,15
"79-61,",2
79.0%,1
7:30,6
7:30p,1
7pm.,1
7x,1
7Ô∏è‚É£8Ô∏è‚É£,1
8!,8
8).,1
8-0,2
8-7,1
8...,5
8.8%,2
8/,1
80',1
80-46-5,1
80-73.,1
80‚Äôs.,1
85-67,2
85mf,1
86.07m,1
87-80.,1
88-84,13
"88-84,",1
8am,1
8am-10:15am,1
8pm!,1
8yr,1
8¬†pick,2
"9,",3
9-5,2
9-for-44,1
9.2,2
90%,4
90%+.,1
90.5/88.9,1
92-55;,1
923thefan,2
92‚Äô,1
93,3
93-68,1
"93-68,",4
94.,1
95-84,1
97%,1
"97,",1
9:,2
"9:15,",1
9:30et,1
:),14
:},1
?!,1
?!?!!!,1
????.........final,1
?ref,1
AL,1
AS,1
AZ,1
Ah,1
BB,22
BP,1
Be,27
Bs,1
C,7
CT,16
D.,2
D5,1
DC,14
DJ,2
DQ,1
Dm,1
EN,3
FR,2
G:,1
GA,3
GO,24
HE,5
HS,15
Ha,4
II,69
Il,8
Is,145
K.,6
KC,16
L2,1
MD,1
MR,2
MY,13
Mn,1
NH,1
NO,19
Nd,1
Oh,63
PB,3
Q,2
Q1,1
R.,5
RJ,39
SU,1
TR,2
Tu,3
UA,5
UH,16
UO,2
Uk,1
VS,11
Va,10
We,205
Ws,1
X,1
XM,2
[671],1
[at,1
[doubl,1
[hungrili,1
[north,1
_______________________________________________________,1
_____chach_____,1
_c_67,1
_cainer,1
_darth_beta,1
_ellejohnson,1
_g10n_,1
_leibel_,1
a&amp;m,38
a&amp;m-cc,4
a&amp;t,4
a16-se,1
a_town817,1
aafexpress,2
abe,1
abelamon,1
abilen,3
abl,76
abolish,2
abolishthencaa,1
about.,16
about/watch,1
above-fin,1
abund,1
ac,1
ac_oben,1
"academics,",1
acb3ck,1
acc.,7
accept,18
accmb,1
accolad,1
accommod,1
account?,2
"accumulate,",1
achiev,8
acknowledg,9
aclu,2
"act,",1
act...notic,1
"action,",2
actionnetwork,1
actionnetworkhq,11
activ,9
activecontentmanag,1
actor,5
"actually,",4
actually..i,1
ad.,3
adaimiel,1
adam!,1
adapt/b,1
addit,14
"additionally,",1
adidashoop,1
administr,7
administrations/coach,1
admitir,1
advances!!,1
advancing!,1
advantag,25
"advertisers,",1
advis,4
affected.,2
afn,1
afoolio,1
afterward,1
again!,13
again!win,1
again...epicfail,1
again...zagmbb,1
againüòÇ,1
age.,5
agendas.,1
agent,17
"agent,",3
aggies',1
aggies.,1
"ago,",14
ago:,13
ago:florida,1
aha,1
ahead,44
ahh,1
"ahl,",1
"aiba,",1
aidan,1
ajames_galler12,1
ajbcsurvey,1
akoyagau,1
alabamambb,1
alban,1
albany,2
albany.,8
albanycapcent,1
albert_t32,1
alec,1
alert,19
alert!!üö®with,1
alert:,3
alertüö®,2
alex,5
alex_kust,1
alexi,5
alfaromeo,1
alicia,4
all-defens,1
"all-knowing,",1
"all-powerful,",1
all-tim,55
all...gah.),1
allah,1
allen.,1
allentownpa,1
allhairteam,1
allinwithchri,2
allowing,1
all‚ÄºÔ∏è,1
almost-upset,1
alone:,1
alphabet,1
alphadeucegrho,1
already!,3
already...best,1
"alright,",2
alternatives?,1
"alumni,",1
alumni:,1
alvaronbamartin,1
always?,1
am!,2
amalshah1,1
amateur!!,1
amateurism!!!$$$$,1
amateurism.,2
amazing!,7
ambassador,4
amelindacasey,1
american_mbb,2
amicsta,1
amomof3boys1girl,1
and,358
and/or,8
and1,1
and?,1
andi,3
andy_adams_,1
andybittervt,1
andyturner219,1
andy‚Ä¶,1
angelica,1
angle.,1
angu,1
angusmcpusspuss,1
annnddddd,1
announcing?,1
ans.,1
anthem,1
anthony,1
anthony_landahl,1
anticip,7
anunci√≥,1
any?,1
anybodybutduk,1
"anybodybutduke,",1
anymore!,3
anyone.,2
"anytime,",1
anyway...u,1
anywhere!!,1
ape,2
aplica,1
apology!,1
apon,1
"app,",1
appar,23
"apparently,",2
appeal,3
appearance?,1
"appearances,",8
appearances:,1
appet,1
applepodcast,2
applied...,1
appreciate.,2
appropri,3
approved?,1
approxim,3
aprilfoolsday,1
apr√®,2
apsubeachvolleybal,1
ap‚Äô,1
aqui.,1
aren‚Äôt,34
argonautliquor,1
argument.,3
"arizona,",4
arm,12
armani_marsh,1
armi,1
armstand,1
arnt,1
around!,1
arrival.,1
arrow,2
art,7
arthuralbiero,1
article:,1
artwork!,1
arz/lad,1
asap.,4
asgr,6
ash88ric,1
"ashley,",1
"aside,",3
asinin,2
aspir,1
assault??!!??,1
assess,1
assistant.,1
assists),1
asswipe.,1
astat,1
astounding.,1
astrolog,1
astros_dud,2
"asu,",2
asu:,2
asu‚Äô,2
at!,1
at&amp;t,12
at&amp;t‚Äô,1
at...,1
atencion,1
atg,3
athlete/stud,1
athletics?,2
atlanta.,2
atlif,1
atmosphere.,3
ato.,1
atrocious.,3
att...who,1
attcar,1
"attention,",4
attention:,1
atxg8r,1
auburn,1120
auburn',62
auburn-kentucki,9
"auburn-unc,",1
auburn.,42
auburn...i,1
auburnbasketbal,4
auburnmbb,109
auburnpix,1
auburnsid,1
auburnslp,1
auburntiger!!!,1
audiencesport,1
audreyksdk,2
aurait,1
aushaud1,1
"austin,",12
author,5
automata,1
available?,1
avalanch,1
avanzan,2
aveng,1
averag,49
avoid...th,1
award,19
"award,",1
award:,1
award‚Üíhttps://t.co/oowov1fe2v,1
"away,",2
awe,1
awesome.,6
awesome.?,1
ax,1
axi,1
ayyoant,1
a√∫n,1
b-ball,21
"b-ball,",1
b...the,1
b12,3
"b1g,",1
b1gwbball,2
ba.,1
babbbaaaayyy!,1
back,344
back...,2
back?,2
backagain,1
backboard?,1
"backbone,",1
"backcourt,",1
backetbal,1
backfir,3
badalicetweet,1
baddeal,1
badger,8
badmedicin,1
badocchi!!!!!,1
baggage.,1
baird,2
baker,7
"baker,",1
balas_wolverin,1
ball,138
ball..,1
ball...,2
ball....legit,1
ball?,4
baller!,1
ballgames.,1
balon,1
baltimorepolic,1
bam,2
bamabo17,1
bamagymnast,1
bamaspe,1
bams!,1
ban.,3
bandicoot,3
bankroll,1
baptist45,1
barkley‚Äô,4
"barley,",1
"barret,",2
barstoolbigcat,7
barstoolpack,1
barta,1
"barta,",1
base,59
"basically,",4
baskebtal,1
basket!,2
"basketball,and",1
basketball....,1
basketball....until,1
basketball_show,1
basketballtown,1
basketball¬†schedul,1
basketballüèÄ,1
bat,4
bathroom,3
batista..,1
batter‚Äô,1
battlefront.,1
battr,1
baymad,1
bb!!‚ù§Ô∏è‚ù§Ô∏è,1
bball_paul,1
bbc,2
"bbn,",3
bbnation15,1
bbnforev,1
bbq,11
bbq!!!,1
bcwlax,1
bday,2
bdebiasi9,1
bdriley,1
beachhaven,1
beanpot,6
bearcats!!!,1
bearcatsport,4
beardown,1
beast!,2
"beat,",1
beat:,1
beat_saturday,1
beatauburn,1
beatduk,7
beaters.,2
beatmak,1
beaver,5
beaverathlet,1
beaverwbb,1
beb1g,1
bedfordfal,1
beeak,1
been!,1
beer,67
beer?,2
beerbythepool,1
before.,6
began,4
"began,",1
behold,1
behold.,1
belcher,1
belichick.,1
belief,8
beliv,1
bell',1
"belmonts,",1
benaskren,3
bench,24
"bench,",1
benherrold,1
benjamin.,1
bennett!,1
bennett....,1
benson,1
berea,1
berkeley,1
berlinmd,1
berni,1
bert_cleary6,1
bertieatwork,1
bespok,1
best-bet,1
best.i,1
best/worst,1
bestactor,1
bestcoachev,1
bet),1
beth,1
beto,2
"bets,",3
bets:,1
better...on,1
bettor,2
bettor',1
beverag,2
"beyond,",1
beyondelit,1
bgleck97,1
bgsu,28
bgsuhockeysit,2
"bias,",2
"biased,",2
bibl,2
bid--,1
bid.,1
"big,",3
big10,8
big10basketbal,1
big12confer,4
bigbillshat,1
bigdog,1
bigeast,1
bigman/tiny-nippl,1
bigticketszn,1
bigwestsport,1
bijancbayn,3
bilas',1
bilas...,1
bilingu,1
billboard,1
billions$,1
billklich,1
billriga,1
billyhutchinson,1
bioshock,4
bipartisan,2
bird_gunt,1
birthday.,1
bitter,8
bitterredsfan,1
bizav,1
biznasty2point0,4
black/white.,1
blahhhhhhhh,1
blake!!,1
blast...com,1
blast???,1
blatant.,1
bleak,1
bled...,1
"blessed,",1
blevins‚Äô,1
bley,1
blondi,2
"blooded,",1
blow,33
blowout,6
blue,144
bluedevils4lif,1
bluezoomwifi,2
"bluff,",1
blush!,1
bmay2043,1
bmmmmm,1
bnick81,1
bob!,1
bobano350gmail.com,1
bobble,1
bobblehead,1
bobby_ve3,1
"bobcatnation,",1
bobjoyce27,4
boboldistowel,1
"boilerball,",2
boilermakers?,1
boilers!!!,1
boi‚Ä¶,1
"bolden,",1
bom,1
bomb,2
bonds',1
bonkers,1
bonuses;,1
book.,2
books!,3
boooooo,1
booster,3
bootlegbob8,1
bopinion,1
bora,1
boricua_bear,2
borowski,2
boss,3
"bosses,",1
boston...i'l,1
bot,2
both!!!,1
bother,8
bottom,7
bottom.,2
boudreau,1
bounced.,1
bounces!!,1
bounds!,2
bourney_08,1
bout,18
"box,",1
box:,1
boyer,1
"boys,",1
brace,4
"bracket,",24
bracket...,7
bracket/brain,1
bracket:,6
bracket],1
bracketologist3,1
brackets!,4
brackets?!?!ü§®,1
brad,4
brad_khasradio,1
bradcarver25,1
bradgal,1
bradi,1
bradkelly17,1
bradley,6
bradlogancot,5
bradthor,1
brand.,2
brandbracket,1
brandon,12
bravo.,1
breakdown,9
breakthrough,2
"breaonb,",2
breez,2
brenna,1
brennagreene_,1
brent,1
"brexit,",27
brian_haenchen,1
brianna,1
brichards345,1
bridg,6
briggs1jeff,7
brilliant,2
"bringing,",1
brionmurray__,1
britain),1
bro!!,1
broad,3
broccolirob14,1
brochure?,1
brockness16,1
brook,5
bros.,4
brotatop,1
brothers.,1
brownmedicin,1
brownmp,1
"bruceamarshall,",1
bruh.,1
bruins-panth,1
brunch,2
"brutal,",1
brycejallday,1
"btw,",8
bu,3
bubblehockey,1
buccigross,4
bucket,21
bucket.,1
bucks',1
bucks.,2
bucky?,1
budweis,1
buen,1
buffalo.,1
bullet,3
bumped...,1
burden,1
"burg,",1
"burger,",1
burgerk,1
business...,1
businesses,1
"businesses,",1
busleaguehockey,1
busted.,11
busted....it,1
buster,1
"busy,",1
"but,",25
but.......,2
but...but...aren‚Äôt,1
but:,1
butcher,1
butfreebook,1
butterfli,1
buzzerbot,1
bv',1
bv's!,1
bvilleboar,1
"by,",1
by:,2
bytimreynold,1
b√°squet,1
caden,1
cagers....,1
caio,1
cal',3
cal.,4
cal...,1
calapari,1
caldo,1
"calendar,",1
calipari),1
caller,3
"callie,",1
callmemissmolli,1
callmeshaggy_57,1
"calls,",6
calm,5
calmister2000!,1
calvin,2
calvinklein:,1
cambridg,1
camera,12
cammorrison6,1
"camps,",1
campus,1
can!,1
canadiens?,1
canbbal,1
cancha,1
canglem,1
cantbuybucket,1
cantwait,1
canyadel,1
capial,1
capit,24
capitalon,2
capitalonearena,2
captain,10
captiv,1
caputo,2
car,11
cardin,25
"cardinals,",1
"cardnation,",1
career!!,1
cargo,1
carleton,1
carlosrossi,1
carmendefalco,1
carolina).,1
"carolina,",33
caroline.,1
carsaleman,1
carsten,2
carter',1
carter.,1
caseybartleyhr,1
cassiecampbel,1
cassius,1
cassius.,2
cast,6
casual,5
cat_samson,1
catcaptain16,2
catherine,1
"caught,",1
cause.,1
cawlidgehawkey,7
cba,5
cbs!!,3
"cbs,",12
cbs/ncaa,1
cbs:,3
cbsdenver,1
cbssport,90
cbssportsnetwork,1
cbssunday,2
cbs¬†sport,4
cccreationsusa,1
cdotharrison,1
ceiling.,2
celebr,53
celebra,1
"celery,",1
cell,5
cent,2
center?,1
centric,1
certain,29
certified!,6
cfbnerd,1
cfelitesport,2
chalky-,1
champ!,6
champion!,4
champions!,9
champions!!,1
championships....,1
champs!,7
champs....,1
chance.,8
chances.,2
chang,167
change...nah,1
"changed),",1
changed.,3
changer.,2
changes,2
channel,40
"channels,",3
chaparrals',1
charact,3
character,1
chariti,1
charles',1
charli,5
charliesmyth,1
charlottesvil,1
charm.,2
chart.,2
charter,2
chasew_91,1
cheat....,1
cheated?,1
cheatriot,1
cheats.,2
check,125
"check,",1
cheers!,1
chees,4
chemistri,2
chennedycart,2
cherri,4
cherryblossom,1
chess,2
"chess,",1
chicago?,1
child,7
chilliam32,1
chippi,1
choki,1
chosen,2
chri,82
chris_broussard,1
chris_hawkey,1
chrisdilk,1
chrisfickett,1
chrisfisher247,2
chrishabs360,1
chrismasterjohn,1
chrissolari,1
christensen,1
chronicl,2
chsmpionship,1
chuck.,1
chuckle....th,1
chute,1
cia,1
cinco,1
"citizens,",2
city!,3
cityscenekc,3
civ,2
cj_johnson15,1
cj_upshot,1
claimthepr,1
"clarify,",1
clarionledg,1
clarkkelloggcb,3
"clarkson,",1
clarksvil,34
clarkwomenrock,1
clasificado,1
class...that,1
classic,48
classic!,2
classic.‚Äô,1
claudiajordan,1
clean,17
clearwaterbeach,1
cleateliteanfro,5
clemsonthrows!!,1
climatechang,1
clinch,10
clobber,1
clong03,1
closet/mainten,1
closeup,1
cloud,52
cloud:,1
clubtrillion,1
clusiau204,1
clutch,22
cnn,8
cntr!ü§¨,1
"cny,",1
co$t.,1
coach?,3
coach_berub,1
coach_devaney,1
coach_olliek,1
coachadragna,1
coachcarvelum,2
coachchrismack,1
coachcyprien,2
coaching......,1
coachmil,1
coachousley,1
coachpaint,4
coachreveno,1
coachsaturnio,1
coast,21
cobbschool,1
cocacolaco,1
cod,20
cod...head,1
codycoil,1
coincid,1
coke!,1
colegiales.,1
colin,4
colinmcdonough,1
collectiv,1
college....,1
collegebal,4
collegebasketbal,59
collegegolf,1
collegian!,1
collinbrist,1
collus,3
coloss,2
"columbia,",1
columbu,2
column.,3
comcastemp,1
comedy.,1
comeonyour,1
cometsnebraska,1
comfort,3
comicon,1
coming?,1
command,1
commenc,1
comment!,1
commentait,1
commentators:,1
comments.,1
communist,1
"community,",1
community‚ÄºÔ∏è,1
comparison,3
comparison.,1
competition-,1
"competitive,",2
competitor.,1
complac,1
completely.,1
compromis,1
compt√©,1
concept.....,1
concuss,14
concussions.,1
concussionsafeti,1
condom,1
confeder,1
confer,129
conference,1
"conference,",12
conference....and,1
conference....they,1
conference:,3
conferences-,1
"confidence,",3
"confirmation,",1
confus,4
congi,1
congrat,126
congrats!!!!,1
conleylauren,2
connecticut,14
conni,1
connormillay,1
cons...,1
consistent???,1
conspiracy.,2
constantement,1
constantli,7
constitution.,1
contact.,2
content,13
contest.,4
continuation.,1
continues.,7
contract.,4
contribut,9
contributor,1
contrived.,1
control,41
conversation.,2
cook,7
cooki,3
cool.,9
coor,2
coordinator;,1
"cops,",1
coral,1
corbanwbb,1
cori,3
cornell.,6
corp,1
correl,1
corrobor,1
corrupt,55
corrupt?,1
"corruption,",1
cost,27
cost?,1
costli,3
coug,2
counselor,1
count.,4
countdown:,1
counter,3
countit,1
"country,",4
country:,1
country‚Äô,1
courtesywav,4
coverag,65
"coverage,",3
coverage:,1
covering,1
covet,1
coy,1
cpa,1
cparro,1
craft,11
crashnburn_14,1
cratering.,1
crazi,58
cream,2
creat,28
credit.,3
crescendo.,1
crgazettesports,1
cri,30
crib,1
crickets...üò¨,1
crimsontider74,1
criteria...,1
critic,17
"critique,",1
cronin,3
crooked.,1
crowd,34
"crowd,",1
crowd:,1
croyai,1
crucial,4
cruel...42,1
crushed.,1
crying?,2
crypto,2
cryptogodfatha,1
crysti,1
cst,4
ctbite,2
cu_portland,1
cubigredhockey,11
cuidt,1
cull/johnson,1
"cullen,",1
cultivo,1
culv,2
cuni,1
cunyac,1
"curiosity,",1
"curious,",2
"current,",1
current-day,1
curri,25
curtlethaturtl,1
cush,1
cusp.,1
cute,3
cwdarney,2
cyarbrough1,1
cyprien,1
czech,1
czechitout,1
c‚Äômon,6
"c‚Äômon,",2
d1',1
d1scours,1
d2!!!,1
d2footbal,1
da,8
daaaamn,1
dagger,1
dahughesguy83,1
dailybasketballthought,1
daily¬†cal,1
dalla,6
dallasmav,1
dallasstar,1
dame',1
dame.,5
dame‚Äô,4
"dammit,",1
damn!,2
dan_williamson,1
dana,3
dancin,1
danegles8,1
danfet,1
danger,3
danielfheck,1
danjel,4
danny_brezik,1
danwetzel,1
danwolfekbjr,1
danyberub,3
darinsvenson,1
dark.,1
darrellbird,2
datasci,1
date.,1
dave,5
davemawdsley1,1
davepasch,5
david,16
davidc78514,1
davide25moretti!,1
davidmtodd,1
davidpjablonski,1
davidson‚Äô,1
davidteelatdp.,2
davidtheadmir,1
davis),1
dawgpound,1
dawgs.,1
dawkin,1
day!!!!,2
day(lost,1
day-in-the-lif,1
"dayton,",2
dazn_it,1
dc_mma,1
dcordell_fa,1
dead,38
deadbrew1,1
deal.,7
dealt,1
deanazdean06,1
dear,15
debate:,1
debated,1
"decades),",1
decenc,1
decid,59
decision...whi,1
"decorated,",1
deem,4
defeat.,1
defend!,1
deflections.,1
dejon,3
delaney,1
delant,1
delici,3
demarcokidd,1
demovski,1
demsocialist,1
denni,3
deonthomas25,1
deplaning.,1
dept...,1
depth,7
"depth,",2
depts.,1
derbi,6
descriptionth,1
deserve.,1
design.,1
despis,1
detent,1
determin,26
determined.,1
detlionsguru,2
detsportsn,1
"devils,",3
devils:,2
devri,2
"dewey,",1
dexjet,1
dezbryant,1
"dfs,",2
"diakite,",1
diakite:,1
diakt,1
diamond,1
diana.,1
dice.,1
dick,14
dicki,1
dickinson,1
did.),1
didn't...,1
diestelkamp,1
differ.,1
difficult!,1
dilemma,1
"dili,",1
dillon,1
dillon_rathman3,1
dim,1
dimanche.,1
dime!,1
dinner...,1
dinner....am,1
dipianta,1
diplomat,1
directly.,1
diritti,1
dirt_mcgirt,2
disagree:,1
disappointments.,1
"disappoints,",1
disappoints...,1
discipl,1
disciplin,2
discoveralbani,1
discretion.,1
discus!,2
disfrutar,1
disfrutarlo,1
disgraceful.,1
disgusted....,1
dislik,11
dismantl,3
disparag,1
disrespect,12
distraught,1
dit,1
div2,3
diversity.,1
divis,177
division2hoop,1
divisions!,1
diwn,1
djwumb0,1
dlcouliss,2
dmadzia03,1
dmbgorgecrew,1
dmv,2
do,23
do':,1
do?,6
dobrienatl,2
dodgersvida22,1
does...,1
doesn‚Äôt.,1
dog),1
doggedli,1
dogshit,1
dollar,34
dollars....billion,1
domingo,1
dominicana.,1
"dominion,",1
domun,1
"done,",8
"dongallardoband,",1
donny_junior16,15
donofrio,2
dont!!,1
doozi,1
"double-double,",1
double-overtim,1
doublehead,9
doubles.,1
doubletre,1
doubt,28
"doubt,",4
dougrobersonajc,1
dove,1
down!!,1
down!!üó£,1
downgoesduk,2
downstair,1
downtown.,1
downtrodden,1
dparrish83,1
draft.,8
drain,7
drakkar,1
drama!,2
drdisrespect,1
dream',1
dream.,4
dreambig,6
dreamer,1
dreams!!,1
dreavilleneuv,1
drewnation2,1
drewolsonmk,1
drew‚Äô,1
drgreggoin,1
dribble.,1
drink,56
"drink,",2
drinkallcoach,1
drinking.,1
drive.,3
"driveway,",1
dropped!,1
drose,3
drridpath,3
drsammorri,1
dse41678,1
dstepenoski,1
dswarmer,1
dthmath,1
dthomp15,1
dtullar34,1
du_hockey,7
duckswomensbasketbal,1
dude,47
due,39
duke,1696
duke&amp;amp;apos;,1
duke-michigan,10
duke-msu,3
duke..,1
duke...that,1
duke?,16
dukeathlet,2
dukebearsn,1
"dukembb,",1
dukembbstat,1
dukesuck,1
dukeunivers,2
dukevsmichiganst,1
dukewin,4
duke‚Ä¶,1
duluth!,1
"duluth,)",1
dumb!,1
dummi,1
duncan,1
dunk.,4
dunkin'‚Ä¶,1
dunkindonutsctr,6
dunking.,1
dunks!,1
dure,12
dustinfox37,1
duvalgiant77,2
dwarf,1
dwindl,1
dwolfsonkstp,1
dynasti,12
e.g.,1
e_rich2on,1
eagle...rol,1
eancaafootbal,2
ear],1
earl.,1
earlier.,1
earliest.,1
early...and,1
east),1
eastern,10
eaton,1
ebay,12
ebayfind,1
ebook,1
ecacsport,4
economist,2
edbenkin,1
edited:,1
edmillervp,1
ednieshacurri,2
edsb,2
educ,24
edward,279
edwards',17
edwards.,20
edwards...wow...h,1
effectively.,1
"effort,",2
effort:,1
eight,736
"eight,",26
eight:,54
eight„Å´Â§´„ÅÆÊØçÊ†°purdue„ÅåÈÄ≤Âá∫„ÄÇ„ÇÅ„Å°„ÇÉ„ÅÑ„ÅÑË©¶Âêà„Åó„Å¶ot„Åæ„ÅßË°å„Å£„Åü„Çì„ÇÑ„Åë„Å©Ë≤†„Åë„Åü„ÄÇ„Éï„É™„Éº„Çπ„É≠„Éº„ÅåÂÖ•„Å£„Å¶„Çå„Å∞„Å™„ÅÅ„Å®ÊÄù„Çè„Åñ„Çã„ÇíÂæó„Å™„ÅÑ„Åë„Å©„ÄÅ„Åæ„ÄÅ„Çπ„Éù„Éº„ÉÑ„ÅØ„Åù„Çì„Å™„ÇÇ„Çì„ÇÑ„Å≠„ÄÇclin,1
eke,2
el,36
elbow.,1
elc.,1
elc...,1
eleg,1
elementari,1
elevateyourgam,1
eli,1
eligibility?,3
eliminated!,2
elite-8‚Äô,2
elite...,3
elite8!,5
eliteeight!,2
elsewhere.,1
email,3
email:,1
embarrassed?,1
emblem,2
emilio,1
emin√∂n√º‚Äônden,1
emmakelly93,1
emmert,11
emmert‚Äôs.,1
emoji,2
emotion!,1
emotional.,1
empanolog,1
emphas,1
employ,4
empty-nett,1
emptyseatsp,1
emuadmiss,1
end-of-gam,1
end.,13
endings.,1
"endorsements,",4
enforc,12
enforced?,1
england,8
english,2
enhanc,1
enjoy!,4
enough!!!!,1
ensur,6
entic,1
entiti,2
entrenador,3
environment.,2
eog,1
ep_texican,2
equipo?,1
ericrodawig,3
erik,1
erikmwitt,1
erikthibault,1
erinlee27,1
errand,1
error.,1
erskin,1
es,21
esbears34,3
escolha,1
esp,1
especi,53
espn3).,1
espn]?,1
espndari,1
espnmcge,1
espnmx,2
espnnew,1
espnüòÇüòÇüòÇbbncatsvsworld,1
esports.,1
est!!,1
estar,1
estimate...,1
et.,5
etc!!,1
"etc,",3
etc....th,1
eueagles...,1
evandennison1,1
evanston.,1
evansville!,1
ever!,10
ever...,1
ever..but,1
every.,1
"everything,",3
everythingnon,1
everywher,5
eveytime?,1
evidenc,1
"ex-bulls,",1
ex-play,1
exact,6
exactly...,2
"example,",1
exavierpop,1
excess,1
exciting,1
exciting.,3
exit,16
exorc,1
exp.,1
expens,4
explain?,3
exposur,7
eye,26
f,2
f-king,1
f4!,2
"face,",1
face],1
facial,1
factor,12
facts.,4
fact‚Ä¶,1
fade,1
fadeduk,1
faible.,1
fail.,1
fails...mi,1
fair,44
fair?,2
fairli,10
"fairly,",1
fake,13
fakewayne33,1
fall!,2
fallout,5
fam.,2
fame;,1
family!,2
familytim,1
famin,1
fanci,2
fanduel,2
fans!!!,1
far..,1
farce.,1
fare,1
farleigh,1
farris',1
farris.,1
"fast,",2
fasttalkinrob,1
"fave),",1
favored.,1
favorisi,1
favorit,99
faz,3
fb,10
fbi,32
fearthetriangl,2
feat,6
feature?,1
february.,3
"fed,",1
feds.,1
"fees,",1
felicia,1
fellas.,3
"female,",1
ferguson,1
ferri,5
fervent,1
festiv,1
fetch,2
ffarias40,1
ffs.,1
fgcueagl,2
fgm),1
"fgs,",1
fiasco,1
fight.,3
"fighter,",1
fights.,1
filthi,1
final8,2
final?,4
finalfour2019,1
finalist,9
finals),1
financ,2
financially.,1
"fine,",2
finessin,1
finger,6
finish!,2
finn‚Äô,1
firewalk,1
"firing,",1
first-half,2
first-tim,2
first...cal,1
first?,3
firstborn,1
first¬†round,1
"fit,",1
fitnessgo,1
five,53
five-0',1
fixthisshit,1
fl!,1
fla.,5
flag.,2
flagrant,20
flakes',1
flashback,2
flat,10
flatgroundapp,1
flight,6
floor),1
florianeder,1
florida,62
floridast,1
flotrack...,1
flowrestl,4
flu,1
fluxmasterhenk,1
"fly,",2
fly:,1
"flyers,",2
flyers-ch.16,1
flyersoftbal,1
flyertom23,1
flynn,2
fmr,1
focus,4
foe,10
"following,",1
"food,",6
food:,1
fools.,1
fools‚Äô,2
foot...it.i,1
football-mad,1
foote:,1
footprint,1
footwork,1
for-,1
"for/against,",2
forbid!,1
force!!,1
"fordham,",1
fordhamnyc,1
forget!,1
forget...,1
form.,1
formal,2
forthec,9
fought,7
foul!!!,3
foul?!,1
fouling.,1
found,39
found:,1
founded.,1
four.,202
fourth-winningest,1
fourüéâ,1
fox46new,1
fpna,1
franchise!,1
franchiseok,1
francoi,1
frankencat1,1
frankli,3
franz,1
fraud!,1
frazier,1
fred_kies,1
freddiepickl,2
fredhoiberg,3
freejukebox,1
freestyle...,1
frend,1
"freshman,",1
freshmen).,1
fresnobe,1
"friday,",5
friend...,2
friends;,2
friendscentr,2
frisco,1
frk.,1
frontcourt,1
frozenfour!,1
fruition,1
frustrating?,1
fs1/fs2,1
fskpart3,1
fsr:,1
fsu,12
"ft),",1
"ft,",1
fuccccck,1
fuck.,1
fudg,1
fuehr,1
fuke!!,1
full-on,1
full_nefl19,1
fun...for,1
"funds,",1
funnel,1
funnymain,1
further.,1
futbol,1
future?,1
futures.,1
fw,1
fyi:ncaa,1
f√≠sico.,1
g-damn,1
g.,1
g/f,1
gabe,5
gabl,1
gaghen_,1
gagnonfrancoi,1
gail,4
game!!,6
game),2
game.....th,1
game...again...thi,1
game...everybodi,1
game?),1
game?...,1
gamedaybabi,1
gameday‚ùóÔ∏è,1
games!!,1
games!!!!!,1
"games,but",1
games.,145
games...ne,1
gametim,2
gametime‚ÄºÔ∏èth,1
ganar,2
gantshawn,1
gape,1
garant,1
garbage!,1
garden!,1
gartner,1
gasket.,1
gavindegraw,1
"gavindegraw,",1
gbbcountri,2
gchockeyshow,1
gcpepperguy,1
"gear,",1
gear:,1
geena,2
gel,3
generally.,1
genericthroaway,1
gentlemen,1
geometr,1
georgestoia,1
get.,8
gforcepaul,1
ghengi,1
ghosts,2
giant,10
giantathlet,1
giddi,1
gift.,3
gifts!,1
gig,3
gillispi,2
gimmicks,2
gin,1
giveaway!,1
givefanstherespect,1
gives??,1
gjames2010,1
gkerr29sports.,1
glaring.,1
glass.,1
gloat,1
global_montr,1
gm,3
go!!!,1
go-ahead,2
"goal,",4
goal:,2
goalgett,1
"goalie,",3
goaltender.,1
goalü§Øü§Øü§Øü§Ø,1
gobl,1
gobluedevil,1
goboil,1
gobuck,7
god.,4
godawg,1
goddddddd.,1
godley,1
gohawk,1
going.,3
"goin‚Äô,",1
gojackswbbnot,1
gokuchar,1
gol_1upcomin,1
gold.,2
golden,28
goldeneye,3
goldglover9,2
goldschmidt,1
golf!,2
goliath!,1
golilreina,2
gone.,5
gones!,1
"gonzaga,",21
"gonzaga,texastech,ncaa",1
gonzaga:,7
"gonzagabulldogs,texastech,ncaa",1
gonzagabulletin,1
gonzagaswimd,1
good!,12
good...,3
goodday,1
goodluck2ya,2
googl,15
googlecloud,3
gooo,1
gooooooood,1
gopherpuckl,1
gophers-husk,1
gopherswimdive‚Äô,1
goquak,1
gorac,1
gorose,1
goswim,2
gotfocu,1
gothos,1
gotigersgo,1
gotolouisvil,2
gourmet,1
governorva,1
govholcomb,1
gpa.,2
grab,28
grading.,1
"granted,",3
grave,1
gravit,1
greatdisturb,1
greatest.,1
greatgam,1
greatness!,1
green!go,1
green-light,1
green/go,1
"greensboro,",4
greensboro:,3
greet,5
"greetings,",1
gregg,2
gregghenson,1
greggnigl,1
grey,1
gridironhelmet,1
grill,5
grimy.!,1
grindciti,1
grinder,2
grit,4
grizz,2
grizzlies-sun,1
groovi,1
grove,1
grow,10
grr1022,1
gruff,1
grumpi,1
gtime_1,1
guarantano,1
guarantee.,1
guaranteed.,2
guardian,1
guersmith,1
gustafson,13
gustafson(27,1
"gustafson,",8
gustafson:,1
gustavo,1
gut,3
gut-wrench,1
guy),1
"guys,",10
gwg,1
gwsmh,1
gwu,1
gymcast,2
gymfan217,1
gymnastics.,1
h2p,4
hablar.,1
"hachimura,",4
had!,2
hagan,7
hah,1
hahahha,1
hailey,1
hailstatemom1,1
haircut,1
halfcourt.,1
hall.,1
halo:,1
hampton,1
hamptonandhudson,1
hand-to-hand,1
handl,28
"hands,",1
happen!,2
happen..,1
happen....,1
happened.,9
"happening,",2
happier.,1
happy.,7
"hard,",1
hard-fought,1
hard:,1
hardwar,3
harlem,1
haroldrkuntz3,1
harper‚Äô,1
harrison_tenz,1
harsh,1
harsh..,1
harshitha94,1
hartford.,1
hasard,1
has‚Äîmor,1
hater,7
hath,1
hatitansfb,1
haven,1
haven't,7
hawaii.,1
hawk),1
hawkeyen,1
hawksinmo,1
hb481,1
hd.,1
head!,1
headquarters!,1
headset,1
heard.,1
heart!,1
heart-break,5
heartbreak,28
heartbreaking!they,1
heartofawolf4,1
heartwarm,1
heav,2
heavi,8
heavili,5
heavily.,1
heavyweights...th,1
heha,1
hehestream,1
held.,1
helper,1
henri,11
henrik,1
her.,2
her...,1
here&gt;&gt;,2
here&gt;&gt;&gt;,2
here==&gt;https://t.co/gnpqogntjj,2
hermitprid,1
herro,51
"herro,",3
herro:,1
hersey,1
hesitation.,1
hey.,3
hey........both,1
heyhoki,1
hf_fulvia,1
hide,11
hideou,1
hideous,1
high-fli,4
highschool,1
hijab,1
hilarious.,2
"hillsboro,",1
him',4
him.,43
him...,3
"himself,",3
hire,39
hispan,2
hispaniccaucu,1
historia,3
historia.,1
historic!,1
history,12
history!!!!,1
history!üëèüèº,1
history?,9
hit.,4
hmhse,1
hmmm.,1
hmmmm,1
"hmmmm,",1
hoa,1
hoboken,5
hockey!,3
hockey--a,1
hodg,4
hofinator10,1
hofstra,1
hoibergtonebraska,1
hold,88
"home,",2
home-pool,1
home:,2
homegrownhawk,1
homeless,2
homer,4
honor.,1
hoo,14
"hoodie,",4
hookahloung,1
hoop,135
hoop?,1
hoopseen,1
hoopsreadi,1
hoos!,2
hoos!!!!!!,1
horn,1
horrible!!!,1
horserac,3
horseshit,1
hottytoddi,1
houghton_94,2
"hours,",1
hous,21
housefromdc,1
how',1
how.,1
how...,1
howaboutafresca,2
howdy_doughti,1
howel,1
hoy!,1
hracoop,1
https://t.co/00d4n53bjn,1
https://t.co/01ac7wtimk,1
https://t.co/06hod0r1xx,1
https://t.co/07iom9uxr6,1
https://t.co/0amuh28dmr,1
https://t.co/0cbxkqylqw,1
https://t.co/0cewvec06d,1
https://t.co/0ctfyvrzqi,1
https://t.co/0eawhga1pv,1
https://t.co/0elioet70,1
https://t.co/0fczbi5ag4,1
https://t.co/0fwuzhorrt,1
https://t.co/0jg28awk4a,1
https://t.co/0joafotgg5,1
https://t.co/0kzdr2uhkv,4
https://t.co/0loyctrwxu,1
https://t.co/0mevaez0ir,1
https://t.co/0ouqkik0hf,1
https://t.co/0pphfhlbou,1
https://t.co/0sgbzm2mjb,1
https://t.co/0utengihjt,1
https://t.co/0vad4tjhhk,1
https://t.co/0wtfmccrck,1
https://t.co/0yeg2eluxj,1
https://t.co/10c1uwgigl,1
https://t.co/12tpd9hj2r,1
https://t.co/13r3veubbp,1
https://t.co/1bu1mqqij2,1
https://t.co/1cqrrwfihc,1
https://t.co/1dghopddw9,1
https://t.co/1dhv4083mf,1
https://t.co/1eamvt72a6,1
https://t.co/1ekgisrbfn,1
https://t.co/1eupkrqkua,1
https://t.co/1gmily4z18,1
https://t.co/1ih11hzc6m,2
https://t.co/1jymjbvjrg,1
https://t.co/1k8qsqidtp,1
https://t.co/1nfcddf86j,1
https://t.co/1taiw0atf7,1
https://t.co/1wbvq06wv,1
https://t.co/1wuxkpnpsx,1
https://t.co/1ze07rggzq,1
https://t.co/20iu7zd94,1
https://t.co/24ytcw9lxt,1
https://t.co/25r6dghgti,1
https://t.co/26omp8723k,1
https://t.co/29acqrszwo,1
https://t.co/2aajosx73i,1
https://t.co/2bwejaqesg,1
https://t.co/2darq5g5av,1
https://t.co/2dwxrpplqb,1
https://t.co/2gcyd9vu7m,1
https://t.co/2ieovzhbmp,1
https://t.co/2ifatdsvwj,1
https://t.co/2junolythz,1
https://t.co/2mtmv2n0n,1
https://t.co/2nmyoqyjf6,1
https://t.co/2nnkytk2j,1
https://t.co/2ooqfqnawh,1
https://t.co/2owwgvh8ar,1
https://t.co/2p0td3jdqr,1
https://t.co/2pqizvpzjc,1
https://t.co/2pxhnpnnjq,1
https://t.co/2q8vfptu1v,1
https://t.co/2qeznvqumx,1
https://t.co/2rcnk3b3hd,1
https://t.co/2unqmburqi,1
https://t.co/2vcvhd9t6p,1
https://t.co/2xanwbeuyp,1
https://t.co/31wprc6bwb,1
https://t.co/3byppvdbra,1
https://t.co/3c5erv9fok,1
https://t.co/3d0obbtykm,1
https://t.co/3hibqjqvvl,1
https://t.co/3hmj6mr9wk,1
https://t.co/3iiwtnsopd,1
https://t.co/3ir5fwema7,1
https://t.co/3kneqjsvw6,1
https://t.co/3lwhf30fdz,1
https://t.co/3mipfz0dct,1
https://t.co/3olqz9kyt5,1
https://t.co/3pwlpza7ai,1
https://t.co/3riyhvsg,1
https://t.co/3vm45lgalk,1
https://t.co/3vnyo05wlz,1
https://t.co/3xbyondcfn,1
https://t.co/3zleq3cj6t,1
https://t.co/41ubksj8d1,1
https://t.co/41ywswt3nb,1
https://t.co/42nhbhurkj,1
https://t.co/4faqksyo2i,1
https://t.co/4gn6ouin1b,1
https://t.co/4iabjl7xtr,1
https://t.co/4jem3ijdta,1
https://t.co/4jiph3hbt2,1
https://t.co/4liia8jkha,1
https://t.co/4m9ozawhwo,1
https://t.co/4pt5xdonzw,1
https://t.co/4pvsedzuep,1
https://t.co/4q1dcxirwr,1
https://t.co/4qcbnobhkr,1
https://t.co/4qnivskenm,1
https://t.co/4t98bipi3a,1
https://t.co/4tdaae3yhv,1
https://t.co/4txcx4cw25,1
https://t.co/4vftx95a3h,1
https://t.co/4yinku6fro,1
https://t.co/4zdglhevx3,1
https://t.co/55u1nzfaud,1
https://t.co/55vhhsagsu,1
https://t.co/55zmi74z8,1
https://t.co/57rn27eap,1
https://t.co/5ceg0jsl5d,1
https://t.co/5cqf1oskfn,1
https://t.co/5dlpncgbqq,1
https://t.co/5dwvvawjpr,1
https://t.co/5g80fy9kdv,1
https://t.co/5gcq9oaqyv,1
https://t.co/5gjvv8agwp,1
https://t.co/5hbswxxip1,1
https://t.co/5lacar19j2,1
https://t.co/5lbojtdd6v,1
https://t.co/5lsq1fcwbf,1
https://t.co/5mbwndkk5z,1
https://t.co/5un095muev,1
https://t.co/5xm5nyphfz,1
https://t.co/5zeoyh0p2p,1
https://t.co/60xf4p6rnm,1
https://t.co/64a2ptkkgx,1
https://t.co/64qih81jxb,1
https://t.co/685mlqn5mi,1
https://t.co/68oqsbqfh,1
https://t.co/6bqx7kpakx,1
https://t.co/6hnckwjtj5,1
https://t.co/6k0cpldfr9,1
https://t.co/6knmwkrwsl,1
https://t.co/6mdmemj8ja,1
https://t.co/6mhbpzanek,1
https://t.co/6myru9ndd6,1
https://t.co/6nz6tydnvu,1
https://t.co/6usaxq66yc,1
https://t.co/6w2reodcdr,1
https://t.co/70sx5zwbmv,1
https://t.co/726fmjuafo,1
https://t.co/7ag9lg3w0,1
https://t.co/7agwjju1tl,1
https://t.co/7aujc0epf,1
https://t.co/7cgpjaqljh,1
https://t.co/7djkz56rmd,1
https://t.co/7ezemgcjmo,1
https://t.co/7fybpufil7,1
https://t.co/7h6gwcd4wp,1
https://t.co/7hlxphzhz,2
https://t.co/7jzzvpoeaa,1
https://t.co/7kpeltoca,1
https://t.co/7nbrgc7fdh,1
https://t.co/7p2n6jviib,1
https://t.co/7qpzjgwnti,2
https://t.co/7sbfj0ktlx,1
https://t.co/7sbpzelbfi,1
https://t.co/7sstnohwk0,1
https://t.co/7ta9nmdttj,1
https://t.co/7tfqfuv6cm,1
https://t.co/7tj8gx1h2j,1
https://t.co/7ufebbl5y2,1
https://t.co/7v0ibtkvif,1
https://t.co/7vsaoqqdvq,1
https://t.co/7ysezbhprr,1
https://t.co/849nnxmilv,1
https://t.co/85jhhfycti,1
https://t.co/8abfkeqxsr,1
https://t.co/8ank0o4bhz,1
https://t.co/8auydseadl,1
https://t.co/8bzm4hewat,1
https://t.co/8ddpjamdym,1
https://t.co/8dvelvejqx,1
https://t.co/8egydc4tsj,1
https://t.co/8etfisokbk,1
https://t.co/8giqm7mshq,1
https://t.co/8hkntw2ilq,1
https://t.co/8j5wcotitl,1
https://t.co/8konnoljfv,1
https://t.co/8myrvdrn3o,1
https://t.co/8pmg9cd3fu,1
https://t.co/8u1mourup,1
https://t.co/8udfuokfyl,1
https://t.co/8v4v9nxurv,1
https://t.co/8vsxtga0zt,1
https://t.co/8x9pet8q1t,1
https://t.co/8xtnejupsn,1
https://t.co/8yxx6unnq,1
https://t.co/8yydapomsn,1
https://t.co/8zlcjtjz6c,1
https://t.co/94ozp15vfw,1
https://t.co/98tguaswhh,1
https://t.co/99fckpxqgk,1
https://t.co/9bu9dxdmaw,1
https://t.co/9by5jdw8di),1
https://t.co/9civihmipr,1
https://t.co/9dgexsrgoy,1
https://t.co/9gacibnqfz,1
https://t.co/9hpmxyrvox,1
https://t.co/9iiip6zuc,1
https://t.co/9iimritbfx,1
https://t.co/9ja66y0prs,1
https://t.co/9jjzuqffrj,1
https://t.co/9jonwsirwv,1
https://t.co/9kmuwxho5g,2
https://t.co/9lfov1xtgj,1
https://t.co/9lnofhi8bi,1
https://t.co/9ndnkbgzgn,1
https://t.co/9neubjw6s1,1
https://t.co/9orqxyoejt,1
https://t.co/9p00cwhsu3,1
https://t.co/9udnjrqufo,1
https://t.co/9ueseluql9,1
https://t.co/9upmjlwqqk,1
https://t.co/9utsficn9g,1
https://t.co/9ymgemfs8,1
https://t.co/a05rep83lp,1
https://t.co/a12zr2yevx,1
https://t.co/a3tykvrfeo,1
https://t.co/a6e8ngr55n,1
https://t.co/a6g8tyxhb,1
https://t.co/a8ywtvqvni,1
https://t.co/a9tdq5xg1z,1
https://t.co/aablbi5dmo,1
https://t.co/aawilvkgl5,1
https://t.co/ab6upezxlg,1
https://t.co/abq22lfusi,1
https://t.co/adjy4dipqh,1
https://t.co/adrf1dchzp,1
https://t.co/aemgbp3fgj,1
https://t.co/affejnb36t,1
https://t.co/ahcdxireb,1
https://t.co/aiosusofvo,1
https://t.co/aixw4wgi2j,1
https://t.co/aktdzdr5gh,1
https://t.co/al2oyfgz8h,1
https://t.co/aldnf0ecrk,1
https://t.co/aliu3wxstx,1
https://t.co/alwoau5tjd,1
https://t.co/amtdwvjlgx,1
https://t.co/anuuq6pmmb,1
https://t.co/aotqopxfxv,1
https://t.co/ap6pvn8yvb,1
https://t.co/aqwbwenuwl,1
https://t.co/ar1vbryyjf,1
https://t.co/ark7hqy3jh,1
https://t.co/arqppgw4,1
https://t.co/arzfdha8pf,1
https://t.co/asxadbclha,1
https://t.co/atmckykaxu,1
https://t.co/atoqrsugz8,1
https://t.co/au1nzlg8a,1
https://t.co/aun4phggcp,1
https://t.co/auuqdsb20n,1
https://t.co/auvolbouxo,1
https://t.co/av0t0m6rrl,1
https://t.co/avmhkysmhz,1
https://t.co/awellhvw3q,1
https://t.co/awh4efdith,2
https://t.co/awwl4o1izf,1
https://t.co/axaygut4r8,1
https://t.co/axbm4cufp6,1
https://t.co/ay8gpcora6,1
https://t.co/ayr8ccis2u,1
https://t.co/ayrn7osifo,1
https://t.co/azdf8prtuo,1
https://t.co/b0nayaultn,1
https://t.co/b1myjvwcpr,1
https://t.co/b4bkg3m6sk,1
https://t.co/b69rscucfh,1
https://t.co/b7j1mu0haa,1
https://t.co/ba5smwijsf,1
https://t.co/bai8rlphko,1
https://t.co/bbdk84qmg,1
https://t.co/bbxqjiki2i,1
https://t.co/bcvcvejuxb,1
https://t.co/bdjhalcpzw,1
https://t.co/bfmds7skx9,1
https://t.co/bfzf4ggp2l,1
https://t.co/bg2nsjzlyl,1
https://t.co/bg3fjfloaq,1
https://t.co/bgrksrmrw9,1
https://t.co/bh8jwntn5o,1
https://t.co/bhcwtaz6y6,1
https://t.co/bhvvfmguaa,1
https://t.co/bimwizu,1
https://t.co/biti1ij2di,1
https://t.co/bj8dzxnsbi,1
https://t.co/bmeeaioig2,1
https://t.co/bmoifmk8gi,1
https://t.co/bmq1auizlz,1
https://t.co/bopnmikyrl,1
https://t.co/borrhdv7vh,1
https://t.co/bqqvikucuh,1
https://t.co/brzred37xb,1
https://t.co/bs8dc93ni1,2
https://t.co/bshx4sbw7r,1
https://t.co/buvxpd1a8a,1
https://t.co/bvr8d0glzx,1
https://t.co/bwsyg7dkhz,1
https://t.co/bxp3qbfkfc.,1
https://t.co/bxvzclfqoz,1
https://t.co/byajzbhjoa,1
https://t.co/bz4pbgkeo5,1
https://t.co/c044ys5xd9,1
https://t.co/c080azfuat,1
https://t.co/c0y9ugyi6l,1
https://t.co/c1zixq6l7p,1
https://t.co/c2r4sypgeg,1
https://t.co/c2tfwxqkjl,1
https://t.co/c48kutkrjn,1
https://t.co/c4w0micgvn,1
https://t.co/c57v1sj0sj,1
https://t.co/c5r5ayc1jm,1
https://t.co/c6ydznynra,1
https://t.co/c8lxyikllz,1
https://t.co/c8opr65vgi,1
https://t.co/cbjsv6ib5z,1
https://t.co/cdd6rnmar4,1
https://t.co/cdf9cc3alx,1
https://t.co/cdgcr9ug7b,1
https://t.co/ce4cvjexen,1
https://t.co/cea0hd8vrd,1
https://t.co/cfqw9otihq,1
https://t.co/cg42bq0ys6,1
https://t.co/cgovqs9n,1
https://t.co/chqfwiuab,1
https://t.co/chu7cuempc,1
https://t.co/chzz3terfq,1
https://t.co/ciottvv1kf,2
https://t.co/cizq0v2lqc,1
https://t.co/ckoo5ipez1,1
https://t.co/clpjoqjzr,1
https://t.co/cm3tigkdzw,2
https://t.co/cmjqavjfmb,1
https://t.co/cnv8tctjxx,1
https://t.co/co3jku1bb1,1
https://t.co/cprbus7wqe,1
https://t.co/cr9ljzfls9,1
https://t.co/ctxn4vvfd8,1
https://t.co/cug6eilyir,1
https://t.co/cupmlqxbcr,1
https://t.co/cv6iwxxzuo,1
https://t.co/cvtprx6ctj,1
https://t.co/cwjuzih4jt,1
https://t.co/cx1tzcdpmc,1
https://t.co/cxyg4jrkct,1
https://t.co/cyscjqmdi6,1
https://t.co/czztpvotqr,1
https://t.co/d0pumss3sx,1
https://t.co/d2tobywd6n,1
https://t.co/d3znrhzgkd,1
https://t.co/d4pw8qczcu,1
https://t.co/d6shumab83,1
https://t.co/d73cgpuogb,1
https://t.co/d7bf5h3v7o,1
https://t.co/d7lym5dbcb,1
https://t.co/d995cunw0q,1
https://t.co/d9hnvwqenw,1
https://t.co/d9iplbathc,1
https://t.co/daaxppio4a,1
https://t.co/dcjmxovtpq,1
https://t.co/ddwuu88vpd,1
https://t.co/dfv4punpbw,1
https://t.co/dg5bbohzw,1
https://t.co/dgi2dpposi,1
https://t.co/dgugluqo00,1
https://t.co/diut0n7jqo,1
https://t.co/djiincjdwb,1
https://t.co/dju9kdmai,1
https://t.co/dkc1keg22f,1
https://t.co/dkvfiat7vh,1
https://t.co/dlzpxpqzt,1
https://t.co/dmx55cfzof,1
https://t.co/dmy77ykcur,1
https://t.co/dnr2t5sxvj,1
https://t.co/dnszlxwrhl,1
https://t.co/dog6v9eptj,1
https://t.co/donlecqvd4,1
https://t.co/dosgqzadfb,1
https://t.co/dptu45skgw,1
https://t.co/dpuq6beouw,1
https://t.co/dpyae67lv2,1
https://t.co/dqkc5t0i6i,1
https://t.co/dres7gpmnl,1
https://t.co/dtubj5zriz,1
https://t.co/dtutqt2u6m,1
https://t.co/dv7jkfgzah,1
https://t.co/dvoxfufm4r,1
https://t.co/dvyoy7bugx,1
https://t.co/dx23vgti91,1
https://t.co/dxd2elxppv,1
https://t.co/dxrdpjddq,1
https://t.co/dxzpq8bkhx,1
https://t.co/dy1y0hplp3,1
https://t.co/dy4vuhxfdb,1
https://t.co/dzgvpdawo,1
https://t.co/e08t7wushg,1
https://t.co/e1kea0oq82,1
https://t.co/e1nl9okf2k,1
https://t.co/e5anzlmkrn,1
https://t.co/e6pm2ple3a,1
https://t.co/e6rtok8kmo,2
https://t.co/e7e9oisa,1
https://t.co/e7yrfieyjp,1
https://t.co/eafohsm9nx,1
https://t.co/ealoqh1ert,1
https://t.co/eayrlaqs2z,1
https://t.co/ebbnnsh2rm,1
https://t.co/ebxrg6tczv,1
https://t.co/ecsj4youov,1
https://t.co/eedchlwgtl,1
https://t.co/efewv4o9jt,1
https://t.co/egbjqxmyzt,1
https://t.co/egihxtrklk,1
https://t.co/eidlgz53xr,1
https://t.co/ekf0lzdffo,1
https://t.co/eljzozat3l,1
https://t.co/em25zhvdzj,1
https://t.co/emguqeqm3i,1
https://t.co/emk8yn0c8i,1
https://t.co/emxdfy1mhb,1
https://t.co/emzcobetot,1
https://t.co/enegadzfbd,1
https://t.co/enwm7v39mg,1
https://t.co/eo6ijlvb4f,1
https://t.co/eoemfwkkm4,1
https://t.co/eql5ptpmzi,1
https://t.co/espzllr19d,1
https://t.co/etjv5agpgr,1
https://t.co/etyai95zlw,1
https://t.co/ew0wiyzaii,1
https://t.co/ewt1f8kcol,1
https://t.co/ex09eftos9,1
https://t.co/exx50waok5,1
https://t.co/ey3y6ut1lc,1
https://t.co/ezbp7bh69x,1
https://t.co/f2ewakcumc,1
https://t.co/f36wduhic8,1
https://t.co/f3j1mdvo7x,1
https://t.co/f3vhaf1um9,1
https://t.co/f43mli444f,1
https://t.co/f4hprhgawi,1
https://t.co/f4skdyf4ji,1
https://t.co/f4vvjrnyqf,1
https://t.co/f6g4wxc6nk,1
https://t.co/f6pjv9xs99,1
https://t.co/f7hoy1044n,1
https://t.co/fa3q45wb8x,1
https://t.co/farad3i6mb,1
https://t.co/fb2um74hu1,1
https://t.co/fbfjlfoizr,1
https://t.co/fbriy0l96i,2
https://t.co/fbyavafsh3,1
https://t.co/feuh1vwee4,1
https://t.co/ffnqk2yfti,1
https://t.co/fg1cw0puvt,1
https://t.co/fgvriepnci,1
https://t.co/fibrhubsvu,1
https://t.co/firtlwl6p0,1
https://t.co/fiudoyiru1,1
https://t.co/fizpfdaygh,1
https://t.co/fjwc5iekjw,1
https://t.co/fkkqsny16v,1
https://t.co/fkyxgetwcm,1
https://t.co/flpdwr8ctd,1
https://t.co/fmcgrcyem,1
https://t.co/fmuuzix0hp,3
https://t.co/fnkmbwldbd,1
https://t.co/fnxmnkqra7,1
https://t.co/fokakslqo3,1
https://t.co/fokvd47kow,1
https://t.co/fpas3yllpq,1
https://t.co/fpn5moj9q,1
https://t.co/fpullptgs7,1
https://t.co/fqsnswhswm,1
https://t.co/frvoysrvr2,2
https://t.co/fsttqertmd,1
https://t.co/ftiwqapng1,1
https://t.co/ftqfexhdez,1
https://t.co/fu8yvxyrlr,1
https://t.co/fuufk0xccu,1
https://t.co/fuuzfqypfu,1
https://t.co/fvohlnlnv3,1
https://t.co/fw5a0b8pw4,1
https://t.co/fxglf4g5kf,1
https://t.co/fxzuqp0ja7,1
https://t.co/fygcitnftr,1
https://t.co/fywtoyqrjn,1
https://t.co/fzxwlyvlja,1
https://t.co/g0c98thd8n,1
https://t.co/g3v2tm69c1,1
https://t.co/g7329k0nmc,1
https://t.co/g9czlc9aqk,1
https://t.co/g9jvayusk3,1
https://t.co/ga7k0saiy,1
https://t.co/ga9lmqpjqx,1
https://t.co/gamqldybwq,1
https://t.co/gaydabkibq,1
https://t.co/gb9zqopyec,1
https://t.co/gbtdj8lbad,1
https://t.co/gcgbrix6p,2
https://t.co/gctkrdbwyw,2
https://t.co/gcxainvnla,1
https://t.co/gcyjn2r1ta,1
https://t.co/gfroletsla,1
https://t.co/gfyj0f35ao,1
https://t.co/gfz0uefycj,1
https://t.co/ggl38tterw,1
https://t.co/ggy3l49pgu,1
https://t.co/giclxu4rkh,1
https://t.co/gj7oeexx2,1
https://t.co/gk5m2zj1fb,1
https://t.co/gkbfy4j7g0,1
https://t.co/gnd0qulgqj,1
https://t.co/gnn3hc87oq,1
https://t.co/goveazoj8f,1
https://t.co/gpiktznaz4,1
https://t.co/gr3aqcybei,1
https://t.co/grjkp2ou7j,1
https://t.co/grvuozrzrp,1
https://t.co/grzxm6hkk0,1
https://t.co/gurs6mpgfn,1
https://t.co/guupxenuy6,1
https://t.co/gvma9bh6ct,1
https://t.co/gwrlqi4w7a,1
https://t.co/gwrxemtszj,1
https://t.co/gxeqpcmucn,1
https://t.co/gycnaamn72,1
https://t.co/gyojb9likq,1
https://t.co/gyrupse4uf,1
https://t.co/h0mwquwxba,1
https://t.co/h1qjazm4ri,1
https://t.co/h5ikij4tu4,1
https://t.co/h61lmobqav,1
https://t.co/h6cnlnzre3,1
https://t.co/h6rnekzzkm,1
https://t.co/h6xgcvrvcu,1
https://t.co/h7jbg7lubo,1
https://t.co/h7osgx8scc,1
https://t.co/h8qg8fdljw,1
https://t.co/hacrmqk1w4,1
https://t.co/hbptnyvshf,1
https://t.co/hdk4f4jkji,1
https://t.co/hdltgowyt1,1
https://t.co/hdpfna1qqn,1
https://t.co/hdrzfipj9a,1
https://t.co/hdyqdx0lkl,1
https://t.co/hf6coqxvnh,1
https://t.co/hgp76nzbx,1
https://t.co/hhd30fhk2n,1
https://t.co/hhsq8ih8n2,1
https://t.co/hhyd9cqp7t,1
https://t.co/himzoepkfp,1
https://t.co/hiqw5gevpb,1
https://t.co/hj7vnwcsr8,1
https://t.co/hjfaj2ylzr,1
https://t.co/hji9hbgp2q,3
https://t.co/hjqs2xrgpi,1
https://t.co/hlka9xzbjf,1
https://t.co/hlqjfszanj,1
https://t.co/hmepn1bhtl,1
https://t.co/hoqpd93l8i,1
https://t.co/hott7qvkuq,1
https://t.co/hoxcxzskun,1
https://t.co/hp7fckt88r,1
https://t.co/hptn1vzhhw,1
https://t.co/hr22vxzywq,1
https://t.co/htwirwf58j,1
https://t.co/hul1xqpoup,1
https://t.co/hvaepsfr52,1
https://t.co/hvlzoq7dkp,1
https://t.co/hvzkdziuzc,1
https://t.co/hxaoaznfcu,1
https://t.co/hxgs3dhahn,1
https://t.co/hztb0yvnp,1
https://t.co/i0jao8al,1
https://t.co/i3coowqv05,1
https://t.co/i3rvnvxbcp,1
https://t.co/i4aj9twblq,1
https://t.co/i4fjibfftm,1
https://t.co/i7ckb4ztq6,1
https://t.co/i8qwr7rprz,1
https://t.co/i8vcmwamrt,1
https://t.co/i9q1do1bod,1
https://t.co/iaowburnni,3
https://t.co/icelz7ya1,1
https://t.co/ico152ue7b,1
https://t.co/id4w0edrhw,1
https://t.co/ieibov8vvb,1
https://t.co/iero4gox2n,1
https://t.co/if9jiyfsxj,1
https://t.co/igyklnjihl,2
https://t.co/igyv7djzjh,1
https://t.co/ihxenk3zkh,1
https://t.co/iiiqu5pmlq,1
https://t.co/iiqjisjqxi,1
https://t.co/ijnamc78qr,1
https://t.co/ijntaxpag0,1
https://t.co/ijqjje7rt0,1
https://t.co/ikbscgmkjb,1
https://t.co/ilhfj3b1kd,4
https://t.co/imeboa0xrt,1
https://t.co/imwlljx9tb,1
https://t.co/iostczpo9c,1
https://t.co/iqujbhcvhd,1
https://t.co/iqvntiojem,1
https://t.co/isartus1uc,1
https://t.co/isieku7sah,2
https://t.co/ituruj9iew,1
https://t.co/iunwvqow9q,1
https://t.co/iwjbkkko4z,1
https://t.co/iwudq9vfnm,1
https://t.co/iwvv9zt1pv,1
https://t.co/iwwvovpotx,1
https://t.co/iy0a6cdn0t,1
https://t.co/iybb7lzmrz,1
https://t.co/iyexcgk9in,1
https://t.co/iyypgkyakc,1
https://t.co/iz0pqni6x1,1
https://t.co/izjevpugd,1
https://t.co/izpe7xjlkp,1
https://t.co/j2sncf0usz,1
https://t.co/j3qijdjs4j,1
https://t.co/j6mdl0sveo,1
https://t.co/j7d3m9ve8u,1
https://t.co/j7hjvfd9np,1
https://t.co/j7jsnqs5id,1
https://t.co/j8fpr0ki65,1
https://t.co/j9c5ifxy4x,1
https://t.co/jb2qlcq6d3,1
https://t.co/jbihdt1pkf,1
https://t.co/jbtk4msrin,1
https://t.co/jbxnrylaut,2
https://t.co/jd7v8tz7b7,1
https://t.co/jfczvaxgno,1
https://t.co/jgl7qgqsoj,1
https://t.co/jh0va7uvtc,1
https://t.co/jhrzk9esto,1
https://t.co/jhzobexmrr,1
https://t.co/jijyzroerj,1
https://t.co/jjaaykqfs2,1
https://t.co/jjbiaf8gjf,1
https://t.co/jl6rjokudg,1
https://t.co/jlme8iaeay,1
https://t.co/jmpajkf4kv,1
https://t.co/jmuvanrszm,1
https://t.co/joma5x6phr,1
https://t.co/jqr5am0hox,1
https://t.co/jrgmurv9rm,1
https://t.co/jufod6ejqc,1
https://t.co/jul60obhgv,1
https://t.co/jvsepahhg0,1
https://t.co/jwyez7soc,1
https://t.co/jxybifroyf,1
https://t.co/jxzxnapdwd,1
https://t.co/jyfhytf2ca,1
https://t.co/jzb6inyhet,1
https://t.co/jzcgd9aktg,1
https://t.co/jzqwv4wnb0,1
https://t.co/jzv6xf8djp,1
https://t.co/k0snqpbodf,1
https://t.co/k3ulftuh9r,1
https://t.co/k5cytigg6i,1
https://t.co/k6imgashan,1
https://t.co/k92o9rsbmb,1
https://t.co/kazrs0ghip,1
https://t.co/kbldjgqx4h,1
https://t.co/kbqh9qb8gk,1
https://t.co/kbzp4n5xqr,1
https://t.co/kch6kb2ekr,1
https://t.co/kclqds4zpw,1
https://t.co/kdortyqku7,1
https://t.co/kei50r2lli,1
https://t.co/kexdgnnmvn,1
https://t.co/kfav2bctfo,1
https://t.co/kfn4dqtcm6,1
https://t.co/khywie1vuh,1
https://t.co/kitoaertki,1
https://t.co/kkbjgmsllk,1
https://t.co/kkdmci12z,1
https://t.co/kkfbibwe89,1
https://t.co/kli9ypd5oc,1
https://t.co/klqpap5ji4,1
https://t.co/klxc0rabrh,1
https://t.co/kly9bwz3ta,1
https://t.co/kmb22otoco,1
https://t.co/kmpsvjfsb3,1
https://t.co/kmzeskvmrm,2
https://t.co/koaf5idmhj,1
https://t.co/kqal21l0um,1
https://t.co/kr339nsc4h,1
https://t.co/krc38gsny1,1
https://t.co/kshv6x7yh1,1
https://t.co/ksi76xww2u,1
https://t.co/kuatpt5ft,1
https://t.co/kudgibn8kc,1
https://t.co/kwkwh1pbwn,1
https://t.co/kwoxkh1zft,1
https://t.co/kx77ylfi0g,1
https://t.co/kx8fnhq5or,1
https://t.co/kxb423kfkh,1
https://t.co/kxlmnk98ot,1
https://t.co/kxmxqrlctj,1
https://t.co/kylxrocxg,1
https://t.co/kymeeupqyi,1
https://t.co/kzjmxdpt6t,1
https://t.co/kzo10mzmcd,1
https://t.co/l00wmf01pf,1
https://t.co/l0nosei83n,1
https://t.co/l0tb9kvnbm,1
https://t.co/l1yk2doega,1
https://t.co/l2hl4uktw3,1
https://t.co/l3b0uuhjzg,1
https://t.co/lacznu2pcw,1
https://t.co/lb0oey0py1,1
https://t.co/lb3zqhvrrw,1
https://t.co/lbbukdbty2,1
https://t.co/lc5ksy7vxr,1
https://t.co/lcr08epnwi,1
https://t.co/ldytbtazjo,1
https://t.co/lefmotbt1v,1
https://t.co/lejhcwri8c,1
https://t.co/lf9blrf8fj,1
https://t.co/lfgm5onmdj,1
https://t.co/lgl1ulyanh,1
https://t.co/lhqwv4tjbh,1
https://t.co/li7xpmjefl,1
https://t.co/libkql84sp,1
https://t.co/ljdstzieqq,1
https://t.co/ljj1bce7dq,1
https://t.co/ljj4xoknko,1
https://t.co/ljnc5l7uom,1
https://t.co/ljoxhz9ipk,1
https://t.co/lk8tckq9n5,3
https://t.co/ll9xex4czr,2
https://t.co/lnozggquqa,1
https://t.co/lrhsilv3hd,1
https://t.co/lsfsswkzzc,1
https://t.co/lsqmf4zayp,1
https://t.co/lttuvnkdyc,1
https://t.co/ltyf1v2m8d,1
https://t.co/lutbyvmqnk,1
https://t.co/lvgxzm6s8q,1
https://t.co/lweckwtw3r,1
https://t.co/lwejcss1di,1
https://t.co/lyg09uoy01,1
https://t.co/lyghm349kp,1
https://t.co/m6xemgwr5w,2
https://t.co/m8gvw67oo5,1
https://t.co/maqiowdrm0,1
https://t.co/maqjgrgep4,1
https://t.co/mb63xc9fqt,1
https://t.co/mbpgw01h2g,1
https://t.co/mc0wi4yizf,1
https://t.co/mcibxqmc4a,1
https://t.co/mckuscfeol,1
https://t.co/mesumuveai,3
https://t.co/mey9ep9al,1
https://t.co/mfrcghjsmi,1
https://t.co/mg9mxqtbwu,1
https://t.co/mhdipyxkgo,1
https://t.co/mhlptui5wr,1
https://t.co/mia2khcit1,1
https://t.co/miegwccpkn,1
https://t.co/miini3clug,2
https://t.co/mkd7pbadhj,1
https://t.co/ml8xm03jgk,1
https://t.co/mlt3jbh9ot,1
https://t.co/mm6cgzetjt,1
https://t.co/mmupddne3t,1
https://t.co/mnbef6a9l1,1
https://t.co/mnnptigtqx,1
https://t.co/mnql7ssdkl,1
https://t.co/mntekdb3a6,1
https://t.co/mo72qqz0xo,1
https://t.co/moduny6ndd,1
https://t.co/moz8d0i1f,1
https://t.co/mppogv6rvc,1
https://t.co/mqztut7fuo,1
https://t.co/mrlg0b8c07,1
https://t.co/mt066xpvrc,1
https://t.co/mtaeweugfj,1
https://t.co/mtrdox2ilj,1
https://t.co/mtrljtllji,1
https://t.co/mvmkrig8mn,1
https://t.co/mypgvztcf,1
https://t.co/mzquw6ly9j,1
https://t.co/n1v3wiwee5,1
https://t.co/n49kzyveoh,1
https://t.co/n4ropvxsv9,1
https://t.co/n7ijuzuux,1
https://t.co/n7mutugnsz,1
https://t.co/n8pma3pn0g,1
https://t.co/n97qzawirl,1
https://t.co/n9jznh7d0q,1
https://t.co/nc3tvfaw0,2
https://t.co/ncmmudoxkl,1
https://t.co/nd1kcxj5du,1
https://t.co/ndoil7lylj,1
https://t.co/ndoyh4xtcl,1
https://t.co/ndxidd042q,1
https://t.co/neas7490fd,1
https://t.co/ned3de8fia,1
https://t.co/nem4fupfgd,1
https://t.co/nffppdtkwx,1
https://t.co/nhrlyp5uuk,1
https://t.co/ni85rtf4vj,1
https://t.co/nibjnoq2zu,1
https://t.co/nibkc7jweu,1
https://t.co/njjmmajbj,1
https://t.co/nklbssfde,1
https://t.co/nlp11lul4o,1
https://t.co/nltpvev5it,1
https://t.co/no55nfnsoz,1
https://t.co/nqciz4bngm,1
https://t.co/nqf4ys0bek,1
https://t.co/nqsugfzyml,1
https://t.co/nrevwjmc,1
https://t.co/nrk1yxjbcb,1
https://t.co/nspju9rbah,1
https://t.co/nswetioznx,1
https://t.co/ntpttknwar,1
https://t.co/nz9rztzzmq,1
https://t.co/nzalys39a4,1
https://t.co/nzensnvuxi,1
https://t.co/nzoyheexxm,1
https://t.co/o2xcvy2rdj,1
https://t.co/o3sgg9cgm6,1
https://t.co/o5lbowzjoa,1
https://t.co/o904vsivjl,1
https://t.co/o9wh87jxgp,1
https://t.co/oa9dzcxiwf,1
https://t.co/oaaa4ievti,1
https://t.co/ocgmfovcpc,1
https://t.co/ocqkkdzelh,1
https://t.co/od0nmcl6ak,1
https://t.co/odwnsgidsw,1
https://t.co/ogb6cqxro,1
https://t.co/ogdrefy2br,1
https://t.co/ohmceknjnt,1
https://t.co/oixkbcvsej,1
https://t.co/ojdrgrvmnr,1
https://t.co/oknd8khpi,1
https://t.co/okxtp33aq9,1
https://t.co/okziacgtm7,1
https://t.co/oltna5mgrj,1
https://t.co/on8wgpybp5,1
https://t.co/onxws4wdli,1
https://t.co/oohaczyxwd,1
https://t.co/oopymqfybz,1
https://t.co/or2t24akiw,1
https://t.co/orjbd5yws,1
https://t.co/ornzot9mf0,1
https://t.co/orxozy8se9,1
https://t.co/ospr5kix55,1
https://t.co/otgveujqtv,1
https://t.co/otpbj8jkav,1
https://t.co/oueox574cd,1
https://t.co/ouwtbnd6mj,1
https://t.co/ovr9hy5e3v,1
https://t.co/owhwxlo6fv,1
https://t.co/owiaiwkopi,1
https://t.co/oy5oh2mdcc,1
https://t.co/oyguws8spr,1
https://t.co/oykp9ayb5i,1
https://t.co/ozbbina84i,1
https://t.co/p0xnwd1gv,1
https://t.co/p2wzyc4ygn,1
https://t.co/p6eq7qbmmu,2
https://t.co/p81svny1n1,1
https://t.co/p87km0l5sx,1
https://t.co/p89zilduwu,1
https://t.co/paanohvrkt,1
https://t.co/pbpz3pusrg,1
https://t.co/pdeysi3q5,1
https://t.co/pdhlldlzo,2
https://t.co/pdql9bl8qr,1
https://t.co/pes6vyrxnf,1
https://t.co/pf0bbgx3oh,1
https://t.co/pf5oyrr7ko,1
https://t.co/pflc7a5muj,1
https://t.co/pfqpyg1huz,1
https://t.co/pg9kwqbaoj,1
https://t.co/pgef14x86c,1
https://t.co/pgur3qmmaj,1
https://t.co/phuoukevor,1
https://t.co/pifhtiyvud,1
https://t.co/piwqz7lavj,1
https://t.co/pjetx5pbfv,2
https://t.co/pkcauxl92c,1
https://t.co/pl6lovau86,1
https://t.co/pm0xaug0wd,1
https://t.co/pmmpkrsmr7,1
https://t.co/pmoclgriv4,1
https://t.co/pnhn0p7pyl,1
https://t.co/pnljjopdtu,1
https://t.co/pnpcaxmdsp,1
https://t.co/pojvdppkur,1
https://t.co/poljxurhrl,1
https://t.co/pot1bxlw00,1
https://t.co/powzx8bhkw,1
https://t.co/pqqc5jzx2,1
https://t.co/prn1s6niuq,1
https://t.co/ps2whbhvgi,1
https://t.co/psdydzwpg4,1
https://t.co/ptbetom8u8,1
https://t.co/ptngb54sr9,1
https://t.co/ptsh3pun0w,1
https://t.co/pv2jo13swd,1
https://t.co/pva8dfrdnw,1
https://t.co/pvrv90boyu,1
https://t.co/pwsw4uxh1x,1
https://t.co/px0idujnc1,1
https://t.co/pyo4emoqs0,1
https://t.co/pysmtdadhd,1
https://t.co/pyxkdysxwd,1
https://t.co/q45hh7quuj,1
https://t.co/q5genduyym,1
https://t.co/q5kov5askl,1
https://t.co/q6aqzovksx,1
https://t.co/qa9zvdddnz,1
https://t.co/qbgihwrmbk,1
https://t.co/qc7mtum0wm,1
https://t.co/qcswcxnm1z,1
https://t.co/qdxjnzlkt,1
https://t.co/qepyontin9,1
https://t.co/qfaakjuzi8,1
https://t.co/qfk7ql4n5c,1
https://t.co/qgdtn4jtpj,1
https://t.co/qjswhmepeb,1
https://t.co/ql44qffloo,1
https://t.co/qljxpbv2sh,1
https://t.co/qlkjrv9y9l,1
https://t.co/qmlymu1ewa,1
https://t.co/qnqge9cduu,1
https://t.co/qnufaxcfat,1
https://t.co/qodwasuxev,1
https://t.co/qq9qllpij,1
https://t.co/qqbnvxegsp,1
https://t.co/qqewzvc1a,1
https://t.co/qreqv40jrl,1
https://t.co/qrt0cdyqix,1
https://t.co/qsnntuwnsv,1
https://t.co/qtr7x8w3tf,1
https://t.co/qubqb69b52,1
https://t.co/qva0fat1wt,2
https://t.co/qvi0jo9viy,1
https://t.co/qwllyyv48i,1
https://t.co/qwrybhb0p4,1
https://t.co/qwt9ooo9oh,1
https://t.co/qwxnz9agay,1
https://t.co/qxxsrj8pny,1
https://t.co/r0fsjnvqwr,1
https://t.co/r1z5yfsref,1
https://t.co/r3sqaocqyc,1
https://t.co/r45xckedqq,1
https://t.co/r5qxphfw1o,1
https://t.co/r6a4lrjxpz,1
https://t.co/r7bvgqtunl,1
https://t.co/r8q9t6rftn,1
https://t.co/raj8vzyd51,1
https://t.co/rbhvlmorbi,1
https://t.co/rbmxfn98gf,1
https://t.co/rdl3cofyfr,1
https://t.co/rdxnvopetj,1
https://t.co/reepnx63ei,1
https://t.co/rfk0iblzxl,1
https://t.co/rh3fizyi8q,1
https://t.co/rh66osesgn,1
https://t.co/riaytcolhv,1
https://t.co/rjbxwol4if,1
https://t.co/rjo9t4ybab,1
https://t.co/rk1q9p6zxn,1
https://t.co/rl0mfc5wzy,1
https://t.co/rl9lwvpauk,2
https://t.co/roodiuwmxq,1
https://t.co/rra0g4r5yr,1
https://t.co/rrcrsk30qi,1
https://t.co/rrisnk4kx2,1
https://t.co/rrkb9funt,1
https://t.co/rsmgz8ry1m,1
https://t.co/rtmbgukdd6,1
https://t.co/rtxzlg3n6b,1
https://t.co/rvmyzzb3r0,1
https://t.co/rvsmme3yqt,1
https://t.co/rwzhllixsc,1
https://t.co/rxmze235fi,1
https://t.co/rybievqeik,1
https://t.co/rym0fxmbru,1
https://t.co/rym5vh7mjh,2
https://t.co/rzt8wylzha,1
https://t.co/s0t8ejjynf,1
https://t.co/s2btmf4wmk,1
https://t.co/s3egxbzsbg,1
https://t.co/s3qmtwztd8,1
https://t.co/s54vrilwmh,1
https://t.co/s6hi4warga,1
https://t.co/s6tgmyyopt,1
https://t.co/sa6fxups3z,1
https://t.co/satlvbqf2r,1
https://t.co/sbsooy8h0i,1
https://t.co/sbwrlmpaop,1
https://t.co/se6ob2q2iz,1
https://t.co/sfzyanqjcw,1
https://t.co/sjgeofkjk4,1
https://t.co/sjps2zjbz6,1
https://t.co/ska47ycdtp,1
https://t.co/skuxq1vksi,1
https://t.co/skwzgdlw8g,1
https://t.co/skzuc2lamu,1
https://t.co/sllvqmrw9u,1
https://t.co/smnvpq8ihz,1
https://t.co/smwo0zchvr,1
https://t.co/smxdum7f0g,1
https://t.co/smyelp9di1,1
https://t.co/sn2le5kdzi,1
https://t.co/sn7w01n9iv,1
https://t.co/so73bo68pq,1
https://t.co/sooklaugu7,1
https://t.co/sory22o8so,1
https://t.co/spyaxvfhxf,1
https://t.co/srdy3inte6,1
https://t.co/ssaggh3cs6,1
https://t.co/ssckzwjmrk,1
https://t.co/ssxuhwymq,1
https://t.co/su0b5fb7wj,1
https://t.co/su1ke8fxsb,1
https://t.co/susaykptgb,1
https://t.co/svgiworobi,1
https://t.co/svxwvu23ct,1
https://t.co/swiukofvwk,1
https://t.co/swmzndkouu,1
https://t.co/sybxjin4tz,1
https://t.co/syxqwtg6gj,1
https://t.co/syycgb2nqf,1
https://t.co/szdctsou1,1
https://t.co/szfrqhctix,1
https://t.co/t0sfdivsi0,2
https://t.co/t27fvhmnd,1
https://t.co/t6nfjxb3nk,1
https://t.co/t6qdp8kl0p,1
https://t.co/t6z33x7y4c,1
https://t.co/t7kht0ugbh,1
https://t.co/t9hg14pc0o,1
https://t.co/tbfmu4qp3u,1
https://t.co/tbq5gcd3cm,1
https://t.co/tbstpa2iup,1
https://t.co/tbyvm5k2fi,1
https://t.co/tc2xi0lew5,1
https://t.co/tdfnmgcmeh,1
https://t.co/tdittiwsyh,1
https://t.co/te5ewr0akq,1
https://t.co/ted2odp72t,1
https://t.co/terl1lmimb,1
https://t.co/tfcqsdgslw,1
https://t.co/tffroqm6b4,1
https://t.co/tgqjoihudz,1
https://t.co/th01iubvjg,1
https://t.co/thi0npvecw,1
https://t.co/thouttnvgr,1
https://t.co/thpecsrh2o,1
https://t.co/ti8uhlqqpw,1
https://t.co/tkezd7whlp,1
https://t.co/tl6eiccu8n,1
https://t.co/tmdqyyvb4k,1
https://t.co/tmfvapubmx,1
https://t.co/tml04wt7no,8
https://t.co/tmpe6dglz1,1
https://t.co/tmzrcstnxf,1
https://t.co/to6j2puzxf,1
https://t.co/toc9zqhcqc,1
https://t.co/tovpshhq6,1
https://t.co/tp9cxdz2qh,1
https://t.co/tqmv7wpslu?,1
https://t.co/tvd91rg3dc,1
https://t.co/tverfhg1ci,1
https://t.co/tvq6dquyzq,1
https://t.co/tvwbyv9nn3,1
https://t.co/tw3oxcj0nv,1
https://t.co/twuzczq1x7,1
https://t.co/twv70nb9e6,1
https://t.co/txlrjw1f4a,1
https://t.co/tyqlqxwtu1,1
https://t.co/tz8z1jhmzh,1
https://t.co/tzkfirvbau,1
https://t.co/tzpudjisvh,1
https://t.co/tzuc3ohi1n,1
https://t.co/u1mdfwupe6,1
https://t.co/u1n6fos0h,1
https://t.co/u2jjr4ukx,1
https://t.co/u4h3bnzfts,1
https://t.co/u5az4ttou5,1
https://t.co/u6a2tr6a4x,1
https://t.co/u88aoylztn,1
https://t.co/u8yvo48v9t,1
https://t.co/u8z9c3to2q,1
https://t.co/ua1xosxmpg,1
https://t.co/uasozsozkm,1
https://t.co/uatweyhlbi,1
https://t.co/ubwjlm1dvh,1
https://t.co/ucbecib52t,1
https://t.co/ucr7fr8tl3,1
https://t.co/udwvvkiffz,1
https://t.co/uelvonsggi,1
https://t.co/uez2xy5knx,1
https://t.co/uf2footrcj,1
https://t.co/ufrsciaquz,1
https://t.co/ug31mzxw7i,1
https://t.co/ugb6gx75an,1
https://t.co/ugoodmx88u,1
https://t.co/uio0yhilqd,1
https://t.co/uj0tmf0g4r,1
https://t.co/ukmqh3ujop,2
https://t.co/ulbvr5ll1q,1
https://t.co/ulwqw8hqrp,1
https://t.co/umtprifs3q,1
https://t.co/uncdqzgu4g,1
https://t.co/uoaowkenss,1
https://t.co/uop4k1ejrz,1
https://t.co/uorpj1qhqi,1
https://t.co/upczv7wzo8,1
https://t.co/upuo15dogz,1
https://t.co/uqjv9gyzpm,1
https://t.co/uqxsm5reap,1
https://t.co/urx532q3gk,1
https://t.co/usaoejwajm,1
https://t.co/uueoylgrw7,1
https://t.co/uuerl33boc,1
https://t.co/uuzmhj8qpm,1
https://t.co/uv9h2fjghn,1
https://t.co/uvzbddivdv,1
https://t.co/uwhvmgfkqz,1
https://t.co/uwmajfkarj,1
https://t.co/uxmwyevrg8,1
https://t.co/uykxylqqav,1
https://t.co/uyty6uotrw,4
https://t.co/uzg5ljt7t1,1
https://t.co/v21rahpvgk,1
https://t.co/v5emhjiiz5,1
https://t.co/v6rid7s7to,1
https://t.co/v7aypk0ook,1
https://t.co/v7ficcez7,1
https://t.co/v8i5bchjx1,1
https://t.co/v8x9aq0a,1
https://t.co/vamq4618km,1
https://t.co/vbnl4pql6,1
https://t.co/vcs1opr7ea,1
https://t.co/vdbajopke9,1
https://t.co/vdh8atye9g,1
https://t.co/vevzfvbmm1,1
https://t.co/vgszgjwar9,1
https://t.co/vh6eatau4p,1
https://t.co/vhuafduw1p,1
https://t.co/vhvf8qmddu,1
https://t.co/vjuwre75rn,1
https://t.co/vktu5hhglg,1
https://t.co/vkxuypebjt,1
https://t.co/vlrni9fbri,1
https://t.co/vmn3wh3j7u,1
"https://t.co/vmy89aby2t,",1
https://t.co/vn1mbly4r,1
https://t.co/vptugeuj1i,1
https://t.co/vpvdchg7nm,1
https://t.co/vut0uijsfu,1
https://t.co/vv0xdmngd0,1
https://t.co/vvjs1w9zjf,1
https://t.co/vvyfc3vw71,1
https://t.co/vx5sfzqmrf,1
https://t.co/vxas00kfpl,1
https://t.co/vxnyn5v2ey,1
https://t.co/vy3skviq42,1
https://t.co/w2lzbfb1m9,1
https://t.co/w2pjcw8bph,1
https://t.co/w5wz5cp23m,1
https://t.co/w7lcfw6ql,1
https://t.co/w7xnblgyq1,1
https://t.co/w9zwfkvtnd,1
https://t.co/wadceg0rwo,1
https://t.co/warlrx60dp,1
https://t.co/wbqhqdhmek,1
https://t.co/wbrv36bjhk,1
https://t.co/wc7yn8xy3c,1
https://t.co/wca6lwsqkg,1
https://t.co/wcdp2nobda,1
https://t.co/wfmumrbf19,1
https://t.co/wh2qujmduv,1
https://t.co/wi9jcna2s7,1
https://t.co/wjx4st7cr5,1
https://t.co/wlawu6vpv4,2
https://t.co/wmavhm5i1v,1
https://t.co/wmfmlgkjo5,1
https://t.co/wmhkyh8pt9,1
https://t.co/wmtzcbqdmr,1
https://t.co/wmyiyhhzph,1
https://t.co/wn18wkhfgi,1
https://t.co/wnfqlj6isw,1
https://t.co/wnpviu0mx0,1
https://t.co/wopqopxyk9,1
https://t.co/worcpvsznf,1
https://t.co/wraspzuwgm,1
https://t.co/wrkc6uxrci,1
https://t.co/wsm7hfgrd7,1
https://t.co/wsmlx54z4z,1
https://t.co/wswigmoft4,1
https://t.co/wvebh5qpqi,1
https://t.co/ww1sccdq1k,1
https://t.co/wwcazeoxlk,1
https://t.co/wwcpijwdsp,1
https://t.co/wwcyi2hnp7,1
https://t.co/wwlnktffp2,1
"https://t.co/wwxf4uywxr,",1
https://t.co/wyjnfhzxa6,1
https://t.co/wym6ufrzy2,1
https://t.co/wzjaxb4x6d,1
https://t.co/x0h0e9zx5k,1
https://t.co/x1itohxiyv,1
https://t.co/x2umxriqe8,1
https://t.co/x4hfh6nmq8,1
https://t.co/x6tpltrtgz,1
https://t.co/x7lb1qfi4,2
https://t.co/x8cnvjyunr,1
https://t.co/x8frvvokmh,1
https://t.co/xa6uncnkit,1
https://t.co/xa7nfmef0,1
https://t.co/xatd9topki,1
https://t.co/xcocsybtsa,1
https://t.co/xds50iq1on,1
https://t.co/xe2b2nudjm,1
https://t.co/xe8zjqrvtq,1
https://t.co/xen8ghowah,1
https://t.co/xetikjp7s,1
https://t.co/xfc2ms3rhi,1
https://t.co/xfm7havrgi,1
https://t.co/xfus1tqjjp,1
https://t.co/xizxe2vuc7,1
https://t.co/xjbpmro3q,1
https://t.co/xk51jeiv9x,1
https://t.co/xlbdxy2glu,1
https://t.co/xnf8cilkhp,1
https://t.co/xo004tp5s4,1
https://t.co/xochqijte7,1
https://t.co/xozpwitxyl,1
https://t.co/xozrswth7c,1
https://t.co/xpiz6ekubl),1
https://t.co/xqeakj78jk,1
https://t.co/xqxgekavqm,1
https://t.co/xqyero1i3u,1
https://t.co/xr2iyf0svn,1
https://t.co/xsktvdfvcj,1
https://t.co/xslde3p1ji,1
https://t.co/xu8fvwwkrr,1
https://t.co/xugyfrlegv,1
https://t.co/xwaoulq9qi,1
https://t.co/xxgjuiz3nl,1
https://t.co/xxoxqysvnu,1
https://t.co/xyfcg5lztt,1
https://t.co/xzdmgtmyxf,1
https://t.co/y08opv48sz,1
https://t.co/y2frtd70w,1
https://t.co/y3l9jubvbr,1
https://t.co/y4ete6wycn,1
https://t.co/y5xcakvsb9,1
https://t.co/y5z7lgg7ft,1
https://t.co/y8st4xcbzf,1
https://t.co/y9iaftmyi7,1
https://t.co/y9pptckpqn,1
https://t.co/yaszu6nthh,1
https://t.co/yawj1x6s3a,1
https://t.co/yb4nw56fx,1
https://t.co/yf7psct8zc,1
https://t.co/yfltpq76xk,1
https://t.co/yfvq8clego,1
https://t.co/ygh7hxijrl,1
https://t.co/yhmsqd8qgi,1
https://t.co/yjet88lsvu,1
https://t.co/yjhsuragp4,1
https://t.co/yjsglmysvi,1
https://t.co/ykkxoadgp4,1
https://t.co/ykpa4nyuaq,1
https://t.co/ym1vsma1wo,1
https://t.co/yngkj6bpoc,1
https://t.co/yoym28wo,1
https://t.co/yoypzooq8m,1
https://t.co/yoz3vhzb,1
https://t.co/ypsi3d6eyo,1
https://t.co/ypvkty52sr,1
https://t.co/yqrsph83bd,1
https://t.co/yrzzgwyhct,1
https://t.co/ys5sqbhgw3,1
https://t.co/ysmlznjjq8,1
https://t.co/ysuofnibdh,1
https://t.co/ytqhjcxsvr,1
https://t.co/yv48k9ajih,1
https://t.co/ywqpq3jpth,1
https://t.co/yxsvim8rdp,1
https://t.co/yyv4xifp3q,1
https://t.co/z3oqxiiha7,1
https://t.co/z4e9wh37sp,1
https://t.co/z6yxuxpwwd,1
https://t.co/z8tu7lxma7,1
https://t.co/z8zlytxosu,1
https://t.co/z99o2b0oqq,1
https://t.co/zdwkj8b54,1
https://t.co/zgc9jgxnr4,1
https://t.co/zgkoximnsh,1
https://t.co/zhjcwjzxjb,1
https://t.co/zilckqidh,1
https://t.co/zj7sk1n6wb,1
https://t.co/zjlynfmy13,1
https://t.co/zjtbcfupe1,1
https://t.co/zk2tphu8id,1
https://t.co/zmdejlzqom,1
https://t.co/zmh0kfcobd,1
https://t.co/zmp143gpe,1
https://t.co/znejxhpgz,1
https://t.co/znmptipzxk,1
https://t.co/zozkchqfl,1
https://t.co/zpgduka8m,1
https://t.co/zprxwwfskn,1
https://t.co/zqallt3lpr,1
https://t.co/zrmovoeikp,1
https://t.co/zsfwov0vdx,1
https://t.co/ztfjbfe106,1
https://t.co/ztm6kwtsbk,1
https://t.co/zu7vfsdmfb,1
https://t.co/zvnxq1tlmc,1
https://t.co/zwfbmasld,1
https://t.co/zwzivbebcb,1
https://t.co/zxvmmxgqhb,1
https://t.co/zxvz6d3jtz,1
https://t.co/zzt6zvsqoh,1
huffpost,1
huffpostpol,1
hugoswelcomein,1
humbl,1
humbled.,1
hummu,1
hundr,7
hung,2
hungrier,1
hungry??,1
hunter,6
hunteryurachek,4
huntnewsnu,2
hurley_taylor2,1
"hurt,",3
hurt:,1
huskies!!!,1
"huskies,",3
hyland27,1
i'l,1
iam1cent,1
iamericwal,1
iamthelummox,1
iamwingsnth,1
ianapow,1
ibx,1
iceinmyvein,1
icon.,2
id:,2
idgaf,1
idiot.,5
idk,11
ifitwalkslikeaduck,1
ifreakinlovemarchmad,1
ifs,1
iftonytweet,1
ifyouhityoudontsit,1
ig?,1
ignit,1
iheart,3
ihss,1
iii;,1
"iirc,",1
il),1
illinihq,1
illinoi,12
ilor23,1
imag,7
imo!,1
impression.,1
improvement.,1
in,29
in1981,1
in?,4
inbounder‚Äô,1
inc.,2
incentives/lik,1
incompetence!,1
incredible,1
"independent,",1
indiana',4
indiana.,2
indianambb,2
indianat,1
individu,29
indoor,9
industry,1
indystar,2
infect,2
infinit,3
"info,",3
info:,8
infraction.,2
initiative.,1
injury?,1
injustice.,1
inner,2
innerzon,1
inquarters14,1
insane!,4
insider',1
insight,9
instances.,1
instead.,5
insuffer,1
interaction.,1
intercept,1
interested,1
interst,1
interviews.,1
intl.,2
"into,",1
intrust,1
investigations,1
"investigations,",2
"investigators,",1
invitado,2
invite,1
invite;,1
involved:..,1
in¬†hd,2
ionesco,1
iont,1
iowa',1
iowa-georgetown,1
iowa.,4
iowawbb',1
iowawbb.,1
iphone.,1
iref,1
irish.,1
irishfootball19,1
irk,1
irony.,2
ir√°n,1
is--despit,1
ish,1
island.,2
isn't,6
isn‚Äôt?,1
iso,1
issues.,1
is‚Ä¶,1
it'll,4
it-,3
it..,5
it....,1
it......th,1
itch,1
"itp,",1
itsjustwaterman,1
itsmiri,1
it‚Äô,529
it‚Äôd,7
iu,3
iu?,1
iubb,6
"izzo,",5
izzo:,1
izzotiewatch,1
izzo‚Äô,1
i‚ù§Ô∏è,1
j.r.,1
jabbar),1
jackpot,4
jackson,10
jagsroar,3
jahmiu,1
"jail,",1
jak,1
jalbis113,1
jamievarnel,2
janetjenkins52,2
january.,1
jar,1
jaren,1
jarrettculv,1
jason.,1
jay,16
jaylen!,1
jb_rick,1
jba,2
jbdoes180,1
jbenz808613,2
jbkeepsitr,1
jclarson02,1
jcrew,1
jd,1
jdeml,2
jdubz66,1
jdustinhil,1
jeez,1
jeff_rosen88,2
jeffborzello,4
jeffrey,1
jelli,1
jeremyblackley,1
jeremykahn1,1
jerky.,1
jeromeasf,1
jerryeaves5,1
jess,2
jet,8
jfc,2
jfergusonau,1
jgals22,1
jhawkfan25,1
jimcanto,1
jimmuck15,1
jimmyvalvano,1
jjones_74,5
"jkgs,",1
jmjone,1
jnovascon,2
"jobs,",1
jockey!,3
joecoates17,1
joedymccreari,1
joegigliosport,1
joelsherman1,1
joemariocampo,1
joeo670,1
joeymurr,1
john's.,1
johndombroski8,1
johnfrick,2
johngwaltney,1
johnjbava,1
johnlynch49,1
johnnyredsho,2
joke!,4
jolt,3
jon_read,1
jones',1
jones.,2
jonrothstein,20
jordan/lebron,1
jordanprather18,1
josh_mb_taz94,1
joshabbottband,1
joshchafetz,1
josheberley,1
joshgolden2,1
joshtarter2,1
joshua_hurt,1
joshway,1
joy,19
"jr.,",1
jr/sr,1
jrwestl,2
jsb86104754,1
jsccat8,1
jucoadvoc,2
jugador,3
juicier,3
"jump,",1
jumpman23,1
jusair,1
"justice,",1
justinallen4,1
justinmstrawn,1
justkingn,1
justok,1
"k-state,",1
k.o.d,1
"kaleoaloha,",1
kansasc,2
kansas‚Äô,1
kapchuck,1
karaok,1
"kat),",1
kate.,1
kato_kaelin,1
kattimpf,1
kaycesmith,1
kbeid,1
kclocal,1
kctv5,1
keadi,5
keemjack11,1
keith,3
keithfarmer18,1
kelley,1
kellikuma,1
kellyz713,1
kelsey,3
kelvin,18
kenni,21
kennydennard,1
kentucky),1
"kentucky-auburn,",3
kentucky/auburn,3
kentuckysport,1
ken‚Ä¶,1
kevin_mccullar,1
kevinbrockwayg1,1
kevinlive5,1
kevinoconnornba,1
kevinscarbinski,1
key,55
kfc_yumcenter.,1
kflaherty247,1
kheup,1
kiaaak,1
kick,49
kickoffs-,1
kidd-gilchrist,1
"kids,",5
kilkenny:,1
kill,41
killmenow,1
killthislov,1
kim,3
kimberlyarchi,2
kimdoss71,1
kimmies_kitti,1
kinda,17
kingdom,2
kinggdyl,1
kingjosiah54,1
kiss,3
kitchen,1
kladag,1
klay,1
"knake/800,",1
knew,24
knight',2
know...a,1
knowing.,1
knowingli,1
knoxlawy,2
konner,1
kool-aid,1
"kowen,",1
kprc2,1
krgolightli,1
kruger.,1
krugs84,1
ksdksport,1
ksfy',1
ksr,9
ktts947fm,1
kuch,1
kwagner625,1
kwch12,1
"kyd,",1
kyla,9
kyler,3
l'√©quip,1
l1c4,5
la-cross,1
labels!,1
labor?,1
lacrosse?,1
lacrossemag‚Ä¶,1
lafayett,1
laid.,1
lajahna,1
lame,4
landlordoj_,1
landscap,1
lanelewis12,1
larri,11
larrybirdwastheman,1
larry‚Äô,1
larsen,1
larsson?!,1
lash,1
lasso.,1
lasted.,2
late,91
late?,1
latepost,1
later-,1
lateshiabeachum,1
latter?,1
laugh,12
lautier-ogunley,1
laxrank,1
laxrecord,1
lazey,1
lazonadeportiva,1
lbs.,2
lb‚Äôs,1
lcpantherproud,1
lcuchap,3
le,32
leader,31
leader.....women',1
"leads,",1
league.....,1
leah!,1
least.,4
leftjab,1
legal?,1
legal?!,1
legger13,1
legit,11
legitim,5
lego,3
length,3
letdownteam,1
letsgo,1
letsgodu,1
letsgoduck,1
letsmevubet,1
letspounc,1
lets‚Ä¶,1
let‚Äô,98
level-too,1
level?,1
lew,4
lewi,6
"lexington,",2
lgbtfdn,1
lhu,1
liar,3
liber,4
libertyflam,1
lie.,3
lies;,1
lifeisgood,1
"lifetime,",2
liga/uccl/ncaa,1
ligament?,1
light,51
"light,",1
lighter,2
lik,2
like!,2
"likely,",1
"likeness,",4
lillianabra,1
limitations?,1
limited-resourc,1
lincoln.,2
linda_m_russel,1
line),1
"line),",1
linear,1
link:,5
linkmania,1
lion!,1
lips],1
list,54
list?,1
listen.,2
listening???,1
lite?!,1
literally,1
live&gt;&gt;&gt;,5
live.,4
livemus,1
lives!,3
livestats:,1
livestream?,1
live¬†stream,7
liz.,1
lizwalcott,1
lkl,1
llev√°ndos,1
lmaooooooo,1
lo...,1
locat,10
located.,4
log,1
logansimio,2
lol),1
loma!,1
loma¬†nazaren,1
lonescu,1
longhorn,4
looks.,1
loom,3
loop!,1
lord,8
lore.,1
los_gringo_alto,1
"lose,",9
lose????,1
loser,31
"loss,",13
lost),2
lotteri,6
lou,15
loudmouth..ncaa,1
loui,6
louidimarco,2
louisville,2
love...,1
lovefest!,1
loveit,2
"loves,",1
loyola,11
loyola!,1
lp:,1
lsufootbal,1
lsutrackfield,2
lubbock,14
"lubbock,",1
lube,1
"lucas,",1
luckier?,1
luckiest,22
lucky),1
luckycharm,1
ludicrous.,1
lugar,1
lundog,1
lupenunezsa,1
luxuri,4
"lying,",1
lynchburg_m_lacross,1
m,1
m_mclaughlin18,1
machine.,2
mackay!!,1
mackenziesalmon,1
macklemor,2
maddest,1
maddow,1
made,275
made/mak,1
made2follow,1
madhous,1
madness!!,4
madness;,1
magazin,4
mahom,1
maineventswerv,1
majay_va,1
make,846
makeityour,1
makes?,1
maliik,1
malzahn',1
mambament,1
mammastrick,1
mammoths!,1
managers,1
manchester.,3
manchots.,1
manianca,6
manood,1
many.,1
"map,",1
maps.,1
march,687
march!!,3
"march,",4
march:,2
marchismad,1
marchmadnes,1
marchmadness,45
"marchmadness,",17
marchmadness:,3
marchmadnessbracket,1
marchmadnessisr,1
marchmadnesstv,5
marchmat,1
margarita,1
margin,11
"mari,",1
mariachong,1
mariah....,1
mariokart,1
marisakaba,1
markanderson65,1
markers‚Ä¶.whoa!,1
markets),1
markhanrahan20,1
"marks,",2
mark‚Ä¶,1
marli,1
marlon,1
maroney',1
marquett,2
martinkilcoyne2,1
maryfrahm,3
marymount',2
marymount.,1
"maryville,",1
masonhash,1
mass!,1
massachusett,2
masterpiec,2
masters.,2
mat.,1
match.,1
matchups.,2
mater!,1
matt,32
mattglenesk,1
mattj_o,1
mattspence81,1
mattstephen,1
maverick,14
mavericks',1
mavhockey:,1
mayhem!,1
ma¬≠jor,1
mbb,17
mbf24,1
mbf24islif,1
mccormick',1
mccullough,1
mcdaag,1
mcknn019,2
mcten,2
me!,7
me).,1
me...,2
"meals,",1
meant,9
"meantime,",1
meat,3
medcalfbyespn,1
medcalfbyespn:,1
media,69
"media,",1
meds.,1
meets.,2
meh.,1
mejvt,1
melo,1
melo‚Äô,1
meme,4
memgrizz,1
memories!,2
men,87
men!!!,1
mensbasketbal,1
men‚Äôs.,3
"mercato,",1
mercer,2
merri,1
mess...,1
"metallica,",1
mete,1
"metric,",1
metrics.,1
metros96,1
mi,21
mic.,3
mic:8pm.,1
michel,3
michelleym,1
michhshockey,1
michigan_st,2
michiganstate,4
michiganstate!,1
michiganstateu,12
michiganupd8t,1
microsoft,2
mid-round,1
midfield,1
midgets)...32,1
midwest,144
midwest.,1
mieg,1
mikebellatl,1
mikejanssen44,1
mikeson,1
miles.,1
milesmcquiggan,1
milesplit,1
militari,5
mill...differ,1
mill/yr,1
millionair,2
"millions,",1
mimosa,7
mind!,1
"mine,",1
miner,1
minesota,1
minim,2
"minnesota,",1
minnesota...,1
"mins,",1
"minute,",1
minutes‚ÄºÔ∏è,1
miracl,8
miss):,1
missed/blown,1
missouriproud,1
mistaken,1
mix.,3
mizzwerkelitect,1
mj_rajlich,1
mlb_agent,1
mlbpick,3
mlbtheshow,13
mlbtheshow19,13
mll/pll,1
mmschalleng,7
mo_div,1
"mobility,",2
mobility:,2
mode,6
model?,1
moderatespic,1
modern-day,1
moham,3
moist,1
"molestation,",1
moli,1
mom',1
mom.,2
mom?!,1
moment',1
"moment,felt",1
moment.,12
moments.,5
mondial,1
monitor.,2
monster!,1
montey_,2
montgomeri,6
"mood,",1
mood...marchmad,1
moodini31,1
moon,3
more,95
more?,3
morethananathlet,1
moretti,2
"morgan,",1
"morning,",4
morons.,1
mort2885,1
mortal,6
"most,",2
"movement,",1
moves.,1
movingup,1
mr_niepomnik_p,2
mrselleri,3
msg,1
mshsl,1
msn,3
msu,150
msu?,1
msu_basketbal,74
msu_basketball.,2
msumaverick,1
msurac,1
msuspartan,3
mtl.,1
mucha,1
mucho,5
muellerreport,1
mullafabz,2
multi-tim,1
multitask.,1
munchredd,1
murphy',1
muscl,1
"mvp,",3
mvp:,1
mwbb,1
mwc/pac12/wac/wcc/bigwest/big,1
mwcwire,2
mwotf,1
my!!!,1
mybizmail,1
myself.,2
m√≠,1
n.c.,9
nacholeb,1
nacion,1
nahh,1
nail,21
naismath,1
names.,3
narcot,1
narratives.,3
nas1781,1
"nascar,",1
nascar_xfin,1
nat'l,3
nate_pl,1
nathanchubbard,1
"nation,",1
nation:,1
nationals.,3
nazaren,5
nba.,35
nba...,1
nbahistori,2
nbalit,1
nbaüèÄ-8u,1
nbc12,1
nbcschicago,1
"nc,",3
ncaa!?,1
ncaa&gt;nba,1
ncaa's?,3
ncaa).,1
"ncaa,",139
ncaa-approv,1
ncaa-brand,1
ncaa...,20
ncaa.....,2
"ncaa.....but,",1
ncaa...becaus,1
ncaa/ref,1
ncaa/university.,1
ncaa:,41
ncaa??????,2
ncaa_hockey.,1
ncaaaswimd,1
ncaad2mbb,1
ncaad3,1
ncaadiii,2
ncaadivision3,1
ncaaeastregion,1
ncaahokcey,1
ncaalacross,1
"ncaambb,",4
ncaambb:,1
ncaapick,1
ncaaref,3
ncaatournament:,1
ncaawomensbasketbal,2
ncaa„Åß„Éô„Çπ„Éà8„ÄÅ„Åã„Å§„ÉÅ„Éº„É†„ÇíÁâΩÂºï„Åô„Çã„Å£„Å¶Êó•Êú¨‰∫∫„Å®„Åó„Å¶ÈÅéÂéª„Å´„Å™„ÅÑ„Å®ÊÄù„ÅÜ„Åó,1
ncaa„ÅÆelit,1
ncaaüíô,1
"ncha,",1
nchchockey,1
nchc‚Ä¶,1
ncisla,2
ncsapowerrank,1
ncstate,1
nearyd,1
"nebraska,",3
nebraska:,1
nebrasketbal,9
necwrestl,1
needstoupd,1
nellfortn,1
nephew.,1
net.,1
"netflix,",1
network?,1
new:,9
news-leader:,4
news.,1
newslett,1
newyork,1
nextlevelram,1
nez,1
nf,1
nfl-let',1
nhlonnbcsport,1
nhlpick,2
nhltohouston,1
nhregist,3
nichol,4
"nick,",1
nick_kries,1
nickcarboniwcnc,1
nickveronica,1
nielsontsn1260,1
nigga,21
night....end,1
nightmar,11
"nightmare,",2
nightzerez,2
nike.,1
niketrain,1
nikevapor,3
nine-point,1
nit-,1
nit..,1
niu,2
nll,1
nmsu,3
no-brainer!,1
no-calls.,1
noah,4
noahbasketbal,1
nobucket,1
nofear,1
noire,1
nois,2
noise?,1
nolanfinleydn,1
"non,",1
non-colleg,1
non-duk,1
none.,3
nonsense.,3
nooo,2
nooooooo.,1
nope,1
norbert,1
norens,1
norm,2
"normwood,",1
nort,2
northjersey,1
northstarhoop,1
northwood,1
norvel,2
not!,1
notebook,2
noteworthi,1
notfocus,2
"nothing,",1
notic,18
notice.,2
noticia,1
notifychicago:,2
notkennyrog,2
novainsider1985,1
novo,1
now..,2
now;,1
"nowhere,",1
np4h,1
nrarmour,10
nsawin,1
ntaquat,1
nthart,1
ntve,1
nu',1
nu.,1
nuestra,1
nuestro,1
nut,6
nwbearcatmbb!,1
nwmostat,5
nwot,1
nygiant,1
nytim,10
n‚Äôa,1
o'brien,1
o1.5,1
o8.5,1
oaklandmsocüêª,2
oaks‚Äô,1
oath,2
obligatori,1
obms85,1
obobstar,1
obtain,2
ocarina,6
ocmd,2
oct....okay,1
"odds,",32
odds:,41
odu.,1
of!,1
of...,1
offenc,1
offense.,3
"offers,",1
offers:,1
officialnbaref,2
officialtaz,9
officiating???thi,1
offs,4
ohiostatewten,1
oil,3
ojal√°,1
ok.,7
okay.,5
"okeke,",2
oklucasgo,1
olatheeasthawk,1
old.,2
olho,1
olma.,1
olymp,12
olympics.,1
omg,6
omg!!!,1
on!!,2
"on,",12
one',4
"one-and-done,",1
one-off,1
one-three,1
one.,37
one...,1
onehiveonefamili,1
onlin,39
onlytimeislost,1
onlyyi,1
onward!,1
ooo,1
oop.,1
openbet,1
opener...,1
opinion.,10
opportunities.,3
"opportunity,",1
ops,4
or.,2
order,28
"order,",2
order...,1
order:,7
oregon',9
oregon.,16
oregon/mississippi,1
oriented.,1
orlean,2
orleans.,1
ot!,2
other!,1
"otherwise,",2
ought,1
our,51
oust,11
oustand,1
out...nev,1
outclass,1
outcoached,1
outliers.,1
outlin,1
ova,1
over,51
over-and-back,1
over?,2
overag,1
overdue.,1
overkne,1
overli,1
overload?,1
overnight,1
overreact,2
overrul,1
overseed,1
"oversight,",1
overtime!,2
overtoncoach,1
owe,1
owens',1
owls!,1
"oxford,",1
oyuncular,1
p'zone,1
p.m.,59
p5bia,1
p5‚Äô,1
p6,1
p90micken,1
pa.,11
pace.,1
pack,22
packag,8
"package,",2
packing.,1
packswimd,3
packswimdive',2
packwomensbball,1
pagado,1
pagliuca,1
"paid,",7
paig,1
pain,22
paint.,2
pale,1
palmer.,1
pam,3
pan.,1
panel,2
panti,1
papasmurp17,1
papercitymag,1
para,20
parallel,1
parlayking5,1
"parqueo,",1
part),1
particip,9
participate?,1
partidos!!,1
"partner,",1
pasan,1
pase,1
pass,69
pass/diakit,1
passag,1
passing.,1
"passion,",1
past.,3
pastner',1
pastner.,1
pastorjustinr,3
pat,15
pathetic...,1
patrick_reuss,1
paulmiles840,2
payment.,1
payoff,2
"payoffs,",1
paypal,3
paypal:,1
paypal:stilldiggityaol.com,1
paystudentathlet,2
paywal,2
peed,4
peek,3
peeps.,1
peeps...plnubasketbal,1
peer,1
penalti,18
penalties.,1
pennamon,1
pennant,2
pennfb,1
pennstatenittanylion,1
pennsylvania!,1
pens,1
peop,1
people?,1
pep's?,1
pep.,1
peppers.,1
percent,11
performers:,1
periods.,1
permit,1
persever,1
persist,1
person?,1
personified.,1
perspect,8
pervert,1
pervertedsport,1
peski,1
peta,1
peter,1
peterrobinson86,1
peterschloss,3
peteybucket,1
petit,2
petition!,4
pettis',1
peut-√™tr,1
peytonaufil,1
pg,4
"pgf355,",1
phatzradiosports,6
phelp,3
phenomenon.,1
"phew,",1
phillies-140,1
phillip,2
phish,1
photographi,1
physic,12
pic,6
picoftheday,1
picture.,1
piec,26
pigeons.,1
pigskinspenalti,1
"pin,",1
pink,4
pinki,1
pinnacl,3
pipe,3
pissed!,2
pistol43w,1
pistols],1
pitino.thi,1
pitino;,1
pitt_wsoc,1
pittsburgh,4
pivonka,1
pizzatugo,1
place!,2
planet,1
"planet,",1
platforms!,1
platter,1
play--,1
play...,1
played!,1
player!,2
player.‚≠êÔ∏è‚≠êÔ∏è‚≠êÔ∏ècan‚Äôt,1
player/badass.,1
players?,7
playfair,1
playin,2
playingüòÇ,1
playinschool,1
playlist,1
"playoffs,",8
playoffs:,1
plead,2
please.,8
pled,2
plow,1
plu_mbbal,1
plucki,1
plus,1
pm!!!!!!!!!!!,1
pm)!,1
po',1
poession,2
poin,1
point.,16
pointless...lik,1
points!,2
points-assist,1
"poker,",1
pole,6
poll,3
pompou,1
pool...,2
poor.,1
poppin‚Äô,1
population...,1
porzingi,1
posh_diva7,1
posiblement,1
poss,1
possession.,7
post.,1
postmat,5
pot,3
potato,3
"potential,&amp;",1
potential...a,1
potentiel,1
pourrait,1
pplcenter,3
prairi,2
pray,12
pre/post,1
precedent.,1
predictions,1
preform,1
prelim,16
"prelims,",1
prelims:,1
premi√®r,1
prepares,1
prephoop,1
preseason,5
preseason?,1
presentar,1
press,211
"press,",1
"prevails,",1
pricelessüèÖ,1
prices,1
primaries.,1
primeira,4
princeton,3
priorit,3
privaci,1
"pro,",3
pro-acc,1
pro:,1
probability:,1
produc,16
profesional.,1
profession,28
"profitability,",1
profits.,1
"program,",10
programs.,6
projector...,1
promin,4
propaganda,1
proprietari,1
pros.,4
prospects.,3
proud.,8
proudtob,1
prov/mnst,1
prova.,1
proverb,4
providence',1
providence-cornell.,1
providence.,6
providence‚Äô,1
proxim,2
ps1.,1
psa,1
pub,4
publicspeak,1
puck:¬†new!,1
pudur,1
puleo,1
pump-up.,1
pumputu,1
punchabl,1
punchattdopeyguy,1
punished?,1
"punishment,",1
punto,4
puntos),1
puppi,1
purdue',36
purdue.,36
purduelgbtq,3
purduesport,5
purdueunivers,1
purduevsuva,2
purduevsvirginia,3
puremichigan,1
purifoy,3
purifoy‚Äô,1
purloin,1
purpl,2
push.,1
pushed.,1
pussyboymik,1
pustul,1
"put,",2
putonthebrak,1
putrid,1
puttin,1
pv_gia,1
pwpalum,1
"qbs,",1
qpiac,1
quadrillion!,1
qualifications,1
qualifier,1
quasi.,1
queue,1
quickley,2
quit!,1
quora:,1
quot,12
r.i.,1
r.i.p,1
rachel,2
"racing,",1
"racist,",1
radford,1
radio?,1
radiodotcom,3
rafiki1738,1
rafteri,2
raleigh!,1
randall',1
randolph,1
"range,",1
ranger,11
ransom,1
rap,2
rapsca...,1
raptors,1
raspyvoicekid,2
rate.,1
"rather,",1
ratings!,1
rats.,1
rave,1
raw,7
rbwillm,1
re:,3
reaction|,2
reactive.,1
read,81
readi,111
real.,6
realignment.,1
"realkurtangle,",1
really...can,1
really???,1
realmikecarlyl,1
realmikenapa,1
realpaulreid,1
realshaunk,1
"realtwotimes,",1
rear,2
reason!,1
"rebound,",1
rebounds=no,1
recap/reaction:,1
received.,1
recenc,2
recklessly?,1
reconociendo,1
record...,1
records,1
records.,3
recovered.,1
recruitingappasgr,6
red,101
red-hot,9
reddusfoximu,1
redemption,3
redraiders,2
redundancyytom,1
redw,2
redwingdiehard,1
"reese,",1
reevalu,1
reformat,1
refreshing.,1
regardless.,2
"regents,",1
reggi,7
region:(1),1
regional',1
regional.,23
regionals!,1
regisjesuiths.,1
regram,1
regresa,1
rejection,1
rejuven,1
relax,6
"relax,",2
"released,",1
relentlesspursuit,1
remarkable.,1
rememb,92
remixresid,1
remov,8
renam,1
rented,1
renu,1
repeat,12
reportedli,7
repralphnorman,1
reprecuss,1
representbeaverterritori,1
request,6
request.,2
rescheduled.,1
research...or,1
reseed,26
resel,1
respect,47
respect.,3
respect.‚úäüèæ,1
respectüôèüèª,1
responsibility?,1
rest,82
rest.https://t.co/z01j1bdcrx,1
results.,2
resum,9
resurrect,1
reuter,72
reveal,6
reveiw,1
revenue.,3
"review,",3
reviewable?,3
reviewed!,1
reviv,2
rewatch,1
rewritten,1
rexchapman,5
rexchapman?,1
rey,3
rhode,3
rhonda,1
rhp,1
ri.,1
rice',4
"richer,",1
richie!,1
richmondssportsbar,3
rick,19
rick009,4
rick_cleveland,1
ricki,1
rickyprep,4
"ride,",4
rider,2
right.....ncaa,1
right?,29
"rights,",3
righttttt,1
rim,57
rim?,1
rings!!!,1
"rinse,",1
ripto‚Äô,1
rise,12
riskybusiness31,1
rivalry.,1
rivera,2
rivera.,1
rk70684587,1
rkeithhatfield,2
roadtominneapolis2019,3
roadtothefinalfour,7
rob,10
robert,7
robertoneill31,2
robertpwoolford,1
robnelsonabc7,1
rocket,13
rocketlav,1
rocking.,1
rocks.,2
rocküòâbox.,1
roger,2
rogue:,1
rollalong,3
rollcoug,1
rolls.,1
rolltiderol,1
ronfromlasvega,3
ronit,1
room.,2
roster,13
roster.,3
rotation?,1
rottentomato,2
round!,3
round)-(review)-(2019),1
round...üòï,1
route.,1
row,38
row?,2
rowdygain,1
rowing),1
rrainwater1037,1
rrfosho72,1
rubio,1
rude,1
rui‚Äô,1
rule!,1
"runner-up,",1
russellgrant23,2
rustindodd,1
rutgersfootbal,1
ryan_cline13,3
ryandoherty47,1
ryecomp720,1
ryley,1
s.p.n.d.,1
"sad,",1
safe,13
sahara.,1
sahaya,1
said.,13
salamanca,2
salaries),1
salesman,1
sals_ki,1
saltrivereng,2
sam_veceni,1
samanthapeszek,1
same,24
same?,1
samir,2
sampson',5
sampson.,4
samsmash,1
samsnip,1
samtsnel,1
samuel,2
san,23
sanction,24
sanjeethecat,1
sarapalczewski,1
satan,2
satir,3
satou,1
saturday,133
saturday....,1
saturdayüèÄ,1
saulomon13,1
savannah,1
"saves,",1
"savior,",1
say!!,1
"say,",6
saying.,4
says.,2
"sa‚Äôs,",1
sb_straitvibin,1
sbnation,3
sbnation:,1
sbrsportspick,2
sca_nest,1
scandal!,1
scarc,1
scares.,1
scarlet,1
scarlettknight,1
scenario,4
"schedule,",76
schedule:,13
scheinfeld,1
scheisti,1
schofield,2
"scholarship,",1
"school,",16
school-record,3
school:,1
schoolinsess,1
schools.,17
schools/ncaa,2
schuldt',1
schuldt.,1
schult,1
schultz_report:,2
sciandrasport,1
scmurray76,1
scootermagrud,3
"scoreboard,",1
scored?,1
scores.,1
scoring.,1
scott_conway9,2
scottatmirag,2
scottguzman,1
scrambl,3
scranton,1
screwed!,1
scrub,3
scsu‚Äô,1
sdcoyotes,1
sdcoyotesxctf,1
sdlovesbasketbal,1
se,16
seafood,10
seal,5
seanatch41,1
seancnix,2
seaon,1
season,366
season',4
season-long,1
season.,96
seasons!,2
season‚Äô,3
seat.,1
seaux,1
sec.,3
secbarstool,1
secondlinemem,1
seconds,1
"seconds,",2
secret,5
secret.,1
"seed,",17
seein',1
seen,134
"selection,",1
selectionsunday,8
self-critic,1
sellar,1
semblabl,1
semis.,2
"sempre,",1
senatorsinema,1
senior-matt,1
seniors?,1
sensat,5
senschum,1
sentenc,5
"serie,",1
series-level,3
serious,18
"serious,",4
serious?!,1
ser√°n,1
"set,",2
set:,9
setsüèà,1
sew,1
sewane,2
sexual,3
"seyretmeyen,",1
sf.,1
sfm,7
shada,1
shakentaak,2
shall,8
sham,6
shaneryanher,2
share.,1
shatfield126,1
shawn,2
shawn_foss,1
shawtygot_low,1
shebang,1
shedsport,1
sheesh.,1
"shelton,",1
shepardrandal,1
shesballin,1
shirt,13
"shirt,",1
shit!,3
shitless,1
shock,50
shocking.,1
shoot?,1
shooter,20
shooter.,3
shootersrmad,2
shootersrmade.,2
shop!,1
shortfall.,1
shorthand,1
shortridg,2
shot,170
shotgun?,1
shottie04,1
shoulda,5
shoulder.,1
shouldv,1
shout,15
show!,2
show-cause.,1
showing,1
shown,4
show‚ÄºÔ∏è,1
shrug,1
shubigr,1
shuffl,2
shuttl,1
si6ht,3
si8th,1
sid,5
side!,1
sidrosenberg,1
siempr,3
sigh.,3
sight,6
sigh‚Ä¶whoev,1
sign,91
signag,1
signant,2
signaturelacross,1
silvernecklac,2
silvery/blu,1
simpl,5
since.......?,1
sing,3
single-season,3
singlehandedli,2
sir,2
siriusxmfantasi,1
situat,21
situation?,1
situations.,2
sixers,1
sixpackspeak,2
sixteen?,1
sixteenth,1
sja,1
sjpcs19,1
skate,3
skater,5
skater.,1
skiver:,1
skydiveheel,1
skyrim,4
slatt,1
sleev,4
sli,3
slightest,1
slightli,2
slip,10
slo-mo!,1
sloan,1
"slow,",1
slyros,1
smaller?,1
smart,15
"smart,",3
smart:,1
smile.,1
smite,1
smith‚Äô,1
smoothboss44,1
smu.,1
sneaker,2
sneaki,2
snicker,1
snoozer,1
snowflak,2
snowing.,1
so!,4
so!!!!,1
so...,4
so......,1
soarlike84,1
socdrmali,1
"socialism,",1
soft.,1
sog,3
solomon,3
solv,3
some,44
some?,1
somebody‚Äô,1
someday,3
someon,85
something.,22
somewhere.,1
son,41
soni,1
soon.,15
sophia,1
sophia.,1
sophomore!!!,1
sophomores?,1
sorensen_andi,1
sorri,38
sosa,1
sou,2
sourc,9
sourest,1
souvenir,2
souvenir.,1
"spa,",1
space,5
spar,1
spartan,114
spartanburg,2
spartans!,5
spartans!!,1
spartanswil,3
spcpridefinalfourmarchmadnesswreck‚Äôem,1
"speaking,",1
special,53
special!,2
specialty...it,1
specolympicsco!,1
"spectator,",1
spectrum,1
speedin‚Äô,1
speedway,1
spell,4
spent,21
splitsvilleanaheim,2
spokan,5
sport.,24
sports!.,1
sports...both,1
sports?,2
sports?!,1
sports_cj,1
sportscenter:,1
sportsnew,2
"sportsrev99,",1
sportstalkfla,2
sportstechie17,1
sportswriters.,1
sportswriters...)?,1
sports‚Ä¶,1
spotifi,6
spotter,1
"spread,",1
spri,1
sprinter,1
sprung,1
spusport,1
square1,1
ssb,2
ssdd.,1
st.,109
stadium.,2
stadiums?,2
staff!,1
stagger,4
stand,45
"stand,",1
standard-times‚Äô,1
standings!,1
stapl,2
staplescent,2
star.,5
starpow,1
starsinsideedg,1
start,266
start!!!,2
"start,",3
start:,1
started.,2
state!!!!,1
state-duk,8
state-of-art,1
state-provid,1
states&amp;,1
statist,9
"statistics,",1
statoftheday,1
statu,21
stay.,2
steak.,1
steeler,5
"step,",1
stephani,1
sterl,1
stevejohnsonnfl,1
steven_pop,1
stevenhelms20,2
stevewisemannc,1
stifl,3
still.,1
stillag,1
stillirise1963,1
stlappa,2
"stops,",1
storetodoor,5
stories.,1
storm,12
straight!,1
strap,1
straw,1
stream,275
stream&gt;&gt;,5
stream-watch,2
stream.,16
strenth,1
stretch!,2
strict,1
strict.,1
strike!,1
stripes.,1
strive,2
strong_scienc,1
stronger,7
strongly.,1
stubhub,3
stuck,6
student-athletes!,1
students!,1
studio,7
stuff.,7
stupid?,1
stupidity.,1
sturdi,1
stwnewspress,1
subdivis,1
subir,1
"subscribe,",1
subscription.,2
success,41
"success,",2
suckin,1
sued.,2
sue√±o,1
suffer,28
sugar,3
suggest!,1
sugiura,1
summer,19
summer.,1
summerslma,1
summit,3
summitt,4
"sun,",1
sunk,2
"superbowl,",1
supercross,1
superior,3
surf,1
suriano-colon,1
surprise!,1
surprised.,1
susannahdunn,1
suspect...,1
suspend,10
suspicion,1
sutton;,1
suvtv,1
sway,1
sweati,2
swedish,1
sweet162019,4
sweet16iti,1
sweetsixteen,17
swell,3
swimmingworld,1
swims.,1
swimswamnew,2
"sydwilson21,",1
sympathy.,1
sync,2
syracuse.,2
system!,1
s‚Äôi,1
t,2
t&amp;f:,2
t-shirt,7
t-storm,1
"t.,",3
t25,1
t_athompson,1
tablehockey,1
tabor,1
tach,1
taco,2
tacosyma,1
tactic,2
tada!,1
tae,1
tailing.,1
taintedmarchmad,1
take,440
takes:,1
tal,1
"talbot,",1
talbski,1
talent,65
talent?,1
tallgrassb,1
tampabay,1
tanneryrunbw,1
tap],1
tape.,1
targets.,1
tarheel_sports_,1
tarheelforlif,1
tariffs.,1
tattlecat,1
tayler,1
tayvs_sd,1
tb,42
tbi,1
tbs..tomorrow',1
tbs_sport,1
tcomer40,1
tcu.,1
tcurry31,1
tdkfinancialmichigan,1
te...,1
teague)?,1
teaira,8
team,1418
team...much,1
team/program,1
team?,9
teamer,1
teameurodisney,1
teams!!,1
"teams,",23
teams...i,1
teams/games.,1
teams:,3
teamtigg,1
tech',28
tech-gonzaga,9
tech-mich:,1
tech-purdu,1
tech.,24
technology.,2
tech‚Äô,6
techüòÇ.,1
teddi,1
teeth,1
teflonseann,1
templelacross,1
temporada,4
ten,47
teni,1
tennessee.,6
tennessee‚Äô,3
tennis‚õ≥Ô∏è‚öæÔ∏èüèÄüéæ,1
tenure.,1
termina,2
terri,2
terrif,5
terrifi,3
territori,1
texan765,2
texasmbb,1
textsdontli,1
tfouche44,1
tfsportsaddict,1
tgif,1
than,4
thankfully.,1
thankyou,1
that!diakit,1
that&gt;,1
that;,1
the,1921
the...heck....do,1
the74,1
the_coleanthoni,1
the_trump_train,1
theathlet,1
thebest,3
thebigtourna,2
thebiologistisn,1
theblackballer1,2
thecdavi,1
theclassicautoshow,1
thedlasvega,1
theemattb,1
thefan1053,1
thefrozenfour,1
theguardian,1
theiowahawkey,1
thejonasknox,1
thejonesterrr,1
thekevinmclin,1
thelapin,1
thelegend,1
them!!!,1
"them,",21
them:,3
themselves!,1
thenoahr,5
theori,6
thepittshop,1
there!,8
there...but,1
therealbqton,10
therealvinoo,1
there‚Äô,76
thescor,3
thesharpplay,1
thesithchicken,1
thesportsjd,1
thetr,1
theverno,1
they'd,4
they'r,39
theybolaybon,1
theyreadi,1
they‚Äôv,14
the¬†competit,1
thing,226
thing.,15
thing....thanks!,1
think),1
thirsty?,3
this.,65
thisismarch,2
tho!,1
thompson,6
thompsontaz,1
thou,4
though!,6
thre,2
thread==&gt;,1
threats?,1
"three,",1
threes.,6
threshold,1
threw,6
"thriller,",2
through.,3
thrown,3
thursday,7
thursday-sunday,1
tictoc.,8
tie!,1
tie-up,1
tiempo,4
tien,3
tiger,117
tigers‚Äô,3
tillman,6
"tim,",1
tim_han,1
tim_nelson37,1
timbannon,1
timbrando,10
time',1
time.,83
timeout?,2
times!),1
times??,1
time‚Äô,1
timeü§¶üèæ‚Äç‚ôÇÔ∏èüòÇ,1
timjohnsoncx,1
tip,79
tip-in,3
tip?,1
tipoff!,1
tipoffs.,1
tipper,1
tirador,1
tissues.,1
titans.,1
title?,7
"titles),",1
titles‚ö°Ô∏èüèÜ,1
tjonesonthenba,2
"tmmrw,",1
tn_sportschick,1
tntsport,6
toadlyf,1
toca,1
today!üï∑üï∏üèÉüèæ‚Äç‚ôÄÔ∏èüî¥üîµ,1
today&gt;&gt;,1
today),1
today..freshmen,1
today.mag,1
today‚öìÔ∏è,1
todayüôåüôåü§©,1
todd_hintz,1
together),1
"toilet,",1
tom',4
tomackermanwx,1
tomborelli,1
tomizgoat,1
tomlinson',1
tommi,1
tommyg,1
tomorrow?,1
tonight,133
tonight!!,3
"tonight,",23
tonight:,2
tonight‚Äô,19
tonight‚ÄºÔ∏èüíØüèÄüí™üèæ,1
tonightüî•,1
tony.,1
tonycardon,1
tonypaul1984,1
too!,10
too).,1
too????,1
toouraccbrethren,1
"top,",1
top-5,3
top-earn,2
top-rank,6
top10,1
torch,4
tore,7
torrent,1
totallytwitch,2
tottenham,3
tougher,7
tour.,1
tournament!,58
tournament!?,1
tournament&amp;amp;apos;,2
tournament).,1
tournament...oh,1
tournament..on,1
tournament.üôèüò¨,1
tournamenttown,1
tournament‚Äîabk,1
tournamentüò§,1
tourney!!!!!,1
tourney),1
tourney...if,1
tourney...laugh,1
tourney__19,2
tourn√©,3
towson,1
to‚Äô,1
tporter2,1
trait,1
transcript:,1
transfer,36
transfer.,2
transfers),1
transfer¬†port,1
transgression.,1
trap.,1
trash!üò°,1
travel.,1
traveling?,1
travi,21
trend,20
trend.,3
trevor_almond,1
treydutton17,1
treyfreeman_3,1
triddash.,1
trigger,10
"trip,",3
trip:,1
tristian,1
triumph,2
trivia!!!,1
trivia.,1
trj003,1
true.,12
truetoatlanta,1
trumaroonn,1
trust,17
try.,2
tryin',1
trying.,3
tsn,7
tsn2.,1
tsnmike,7
tsnmike),1
tt:,1
ttgould88_tom,1
tues.,1
tuesdaystori,1
tumambay,1
tune,50
tuned!,1
tunein.,1
turn,110
turner,8
turnerwalston,1
tuscarora,1
tv&gt;,3
tv.....ncaa,1
tv¬†info,1
tw,1
twaynedavi,2
tweegram‚Ä¶,1
tweepcrew,1
tweets?,1
twelv,4
twice!),1
twilight,1
twinbil,1
twitchtvgam,2
twittermo,1
two-tim,3
two...,1
tx.,3
txmotorspeedway,3
tylerbrittt,1
tylerherro,1
tyltsports.,4
type,18
types:,1
t‚Äôe,1
u.,2
u.k.!,1
uabasketbal,1
uah_basebal,4
ualr.,1
ucf_mbb,2
ucfc,1
ucfgotrmrob,1
ucibsb,1
uclagymnast,1
uclawbb,2
uconn,184
uconn',4
uconn.,4
uconnhuski,1
uga‚Äô,1
uhhh,2
ukbasebal,1
ukbasketbali,2
ukgirl79,1
uksurv,1
"ultimately,",1
ultra,6
um,12
umass!!,1
umass!!!,1
"umass,",7
umass-150,1
umbc.,1
umdmenshockey:,1
umichbasketbal,1
umkc,1
umkcathletics?,1
ump?,1
unabl,3
unawar,1
unbias,3
unc!!,1
"unc,",17
unc-auburn:,3
uncertainty:,1
uncmenslacross,1
uncommitted,1
uncontest,1
"undefeated,",2
under,33
under-4:00,1
underdog,30
"underdog,",2
underground,3
understand,43
undervalu,2
underway,19
unearth,1
unfamiliar,1
unguard,2
unhing,6
"uniform,",1
uniforms.,3
uniqu,4
uniquepath,1
units,6
universal.,1
universitario.,1
university!,1
univortho,1
unleashchao,3
unlik,13
unlvmbb,1
unnecessary.,1
"unnoticed,",1
unpaid,3
unpredict,1
unprincipl,1
unscrupul,1
unseld,1
unt,4
unti,1
"untrue,",1
unwarranted.,1
uofakron,1
uoflswim_d,1
"uoflwbb,",1
up!,11
up-end,1
up...,3
upcom,2
update),1
"updates,",34
updates:,22
upon.,1
uppereastsid,1
upset!,2
upsets¬†unc,3
upshow,1
upstat,2
uptown,2
up‚ùóÔ∏è,1
us.‚Ä¶,1
usag,9
uscapitol,1
use,169
use?,1
used/sold,1
usffootbal,1
usl,2
uslacross,3
"usndp,",1
usport?,1
"usports,",1
usually.,1
ut,2
utterli,1
uva),2
uvasd,1
uvavspur,1
uvawomenslax,1
uwgb,2
valiant,2
"valid,",1
valuabl,8
vamosdomüá©üá¥,1
vampireslayer56,1
varianc,1
veamo,1
vegaswhisp,1
veget,1
vennemei,1
verifi,2
verizon,1
verizon&gt;at&amp;t.,1
verizoncentermn,1
vert,1
vgk,1
"victories,",2
victory.,3
vie,2
view,26
viewer,7
viewers.,5
vike,2
villain,1
villanova',1
vinc,1
vinnieparise),1
violat,59
violation.,8
violation??,1
violations!,1
"violence,",1
"vip,",1
vir...,1
virginia-,1
virginia-purdue.,1
virginia..wel,1
virginia/texa,1
virginia;,1
virginiatech!,1
virginia|purdue|ncaa,1
vols.,1
volswhiteboard,1
volunt,5
vomit,1
vouch,1
voulait?,1
vroberts9,1
vt!,1
vt).,1
vthokie_n,2
vtu,1
w/,32
w/i,1
"w/speed,quickness&amp;agility/at",1
w00pigs000i,2
wack,1
wadelin,1
wafb,1
wahoo,1
wahoopwa,1
wahoowa!!,1
wait....i,1
waker,3
waldocooneyspizza,1
walk-ups.,1
walkerkelly13,1
wall,10
wallow,1
wallylik,1
walton,1
"walton,",1
walz,14
want,408
want/ne,1
want?,2
want???,1
"wanted,",3
wanted:,1
warcraft,1
warmup,6
warrant,1
was...,1
wash_si,1
washington',6
washington.,6
wat,1
watch!,3
watch....,2
"watching,",2
watchn,1
waxbeingwax,1
wayne.,1
"ways,",1
wayyyyyi,1
wbur,1
wccoradio,1
we'v,23
we_are_sca,1
weareec,1
wearesouthdakota,1
weareuk,20
wearing-,1
weatherexpert,1
web.,2
webberli,1
webcentrick,1
webeliev,1
website:,1
weed,1
week,115
"weekend,",10
weekend:,3
weekend‚Äô,3
"weeks,",4
wegotdianaandyoudont,1
"weird,",3
well.,45
weren‚Äôt,6
werner,4
wernerladderco,1
westcoastbestcoast,1
we‚Äôll,17
what!!!???,1
what...,1
"wheelchair,",1
whenesota,2
where,25
where',1
where‚Ä¶,1
whiner,2
whiners:,1
whistl,23
whistle???,1
whistles?,1
white,37
white.,1
whitlockjason,2
whoever,12
whoknowsti,2
wholesom,1
who‚Äô,14
who‚Äôd,2
wichita.,1
wiggin,2
wild.,6
wildcatnew,10
wildcats!!,1
wildli,2
williamfleitch,2
williamhil,2
williams.,1
williamson,124
willimason‚Äô,1
wilsohistor,1
win!!,4
win!!!kellyinvega,1
win%,2
"win),",1
"win,",28
win:,4
wind,16
windi,2
window,11
"window,",1
"winelover,",1
wings...,1
winnebago,1
winner!!,1
winners.,3
winnerswin,1
winnin,1
wins.,15
wins..,1
winston‚Äô,2
wipe,5
wisdominspirit,2
wishes.,1
with.,11
without...,1
withrowzon,11
witnessed.,3
wizard,4
wju,1
wjucardin,1
"wkym,",1
wnfl.,2
wni,1
wofford‚Äô,1
wojo:,1
woldenberg,1
woll,1
wolverin,3
woman‚Äô,6
women,98
women',259
women.,2
womensbasketbal,2
womenselite8,1
womp,1
won.,16
wont,10
wont?,1
wood.,1
wooden-consid,1
woodwork.,1
wooooww,1
work!,5
worketh,1
workout,2
workshop,1
world,85
world',3
world.,22
worldwidewob,1
worst!,2
worstncaabracketeverfil,1
worth,28
worthless,1
wow!,26
"wr,",1
wrap-around.,1
wrapup,1
wreck,6
wrench,1
writes.,2
wrong,60
wrong.,15
wtf.,1
wtf?!,2
wtrack:,2
wvsu_basebal,1
wxmattjon,1
x-men,1
x_3rhode,1
xavier?,1
xbonecrusherx,1
xboxon,1
xiggy89x,1
xxl,1
ya,25
ya?,1
yahoosports..,1
yams.,1
yard.,1
yard...,1
"ye,",1
"yea,",3
"yeah,",22
year,653
year!!!,2
year!!!!!,1
year...lol..,1
year...th,1
"year...well,",1
year?,23
yearbook,1
"years,",51
years:,5
years???,1
yeet,1
yelevis,1
yellowjacket,2
yells,1
yells__,2
yes.,16
yes...what,1
yesterday!,1
yesterday...and,1
yesterday‚Äô,2
yo,5
yohon,1
you'v,2
you.....,1
youdeserveit,1
youngmiddleer,2
yourself.,1
yourselves.,1
your‚Ä¶,1
youth,4
youth.,1
youtub,67
"youtube,",3
youtube:,3
you‚Äôv,18
ys_swim,1
yummi,1
zag,41
zags!,1
ziborg,1
zion!,4
zipp',1
zkmavz,1
zome,2
z√©ro,2
{29-9},1
{32-3},2
{32-3}from,1
{33-1},1
~mark,1
¬†¬†,4
√©,2
√©sto,1
√∂nem,1
ƒåR,1
Œ≠Œ≤ŒªŒµœÄŒ±,1
Œ≤œÅŒ±Œ≤ŒµŒØŒø,1
œÄŒ±ŒªŒπŒ∫Œ¨œÅŒπ,1
ÿ™ÿπÿßŸÑ,1
ÿ¥ŸÅ,1
·¥¨ ∞ ∞ ∞,1
‚Äãtitl,1
‚Äì¬†wben,2
‚Äîmarchmad,1
‚Äò01,1
"‚Äò04,",1
‚Äò08,1
‚Äò15,3
‚Äò99.,1
‚Äòamateurs‚Äô,1
‚Äòem!,1
"‚Äòhey,",2
‚Äòhow,1
‚Äòi‚Äôm,2
‚Ä¢3-0,1
‚ÄºÔ∏èbeat‚Äôem,1
‚Å†elite8,1
‚Å¶barackobama,1
‚Å¶mattnorlander‚Å©,1
‚Å¶missouristate‚Å©,1
‚Å¶msuladybears‚Å©,2
‚Å¶ncaaicehockey‚Å©,1
‚Å¶ncaaofficials‚Å©,1
‚Å¶nytimes‚Å©,2
‚Å¶springfieldnl‚Å©,2
‚è∞-,2
‚è±Ô∏èprelims:,1
‚ñ™158-159-5|49.8%|-9.99u,1
‚òéÔ∏è,1
‚òïÔ∏è,1
"‚òùÔ∏èweek,",1
‚òπÔ∏èüòñüëéüèº,1
‚ö´Ô∏è‚ö™Ô∏èbelikeben,1
‚öæÔ∏èüèí,1
‚õÖÔ∏è,1
‚úåüèª,1
‚úìgonzaga,1
‚ú®üíö‚ú®,1
‚ù§,2
‚ù§Ô∏è‚ù§Ô∏è‚ù§Ô∏è‚ù§Ô∏è‚ù§Ô∏è,1
‚ûΩ,1
‚¨ÜÔ∏èbill,1
‚¨áÔ∏è‚¨áÔ∏è‚¨áÔ∏è,1
„Åü„Åè„Åï„Çì„ÅÆÂ§¢„Çí„ÅÇ„Çä„Åå„Å®„ÅÜ„ÄÇ„Åï„ÅÅnba„Å∏ÔºÅ,1
„Ç®„É™„Éº„Éà8„ÄÅ„Ç¥„É≥„Ç∂„Ç¨ÂØæ„ÉÜ„Ç≠„Çµ„Çπ„ÉÜ„ÉÉ„ÇØ„ÄÅË©¶ÂêàÈñãÂßãÔºÅ,1
„Éû„ÉÉ„Éà„Éª„É†„Éº„Éã„ÉºÔºà„ÉÜ„Ç≠„Çµ„Çπ„ÉÜ„ÉÉ„ÇØÔºâ,1
ÂÖ´ÊùëÂ°Å,2
ÂÖ´ÊùëÂ°ÅÔºà„Ç¥„É≥„Ç∂„Ç¨Ôºâ,1
ÁúãÂà∞ÁèæÂú®ÔºåÊàëË¶∫Âæó‰ªäÂπ¥ÁöÑncaa,1
ùóîùóüùóòùó•ùóß,1
ùó®ùóΩùó±ùóÆùòÅùó≤ùó±,1
ùóØùóøùóÆùó∞ùó∏ùó≤ùòÅ,1
ùó≥ùóºùóø,1
ùòÅùó∂ùó∞ùó∏ùó≤ùòÅ,1
ùòÑùó∂ùòÅùóµ,1
üá©üá™,1
üá™üá¶,1
üáÆüáπ,1
üá∫üá∏üèÄüî•,1
üåç,2
üå∞,2
üçä,5
üç≥ü•Øbrunch,1
üçª,30
üéüÔ∏èhttps://t.co/zhijhidusc,1
üéß:,5
üèÄ!,1
üèÄbasketbal,1
üèÄbreannastewart,1
üèÄmav,1
üèÄüèÄüòû,1
üèÄüòü.,1
üèÜüèÜ,1
üèÜüèÜüèÜ,2
üèí,9
üèíüòà,1
üêù‚öæÔ∏èüá∫üá∏,1
üëÄüëÄ,2
üëáüèªlet,1
üëâüèΩ,3
üëäüèºüòâüíØüí™üèºüëçüèºüèÄüî•,1
üëãüèº,1
üëå,2
üëåüèæ‚ô¶Ô∏è,1
üëçüèª,3
üëçüèªüëå,1
üíÄüòÇüòÇ,1
üíéüí∞,1
üíóü§£,1
üíölivelikeben,1
üíúüç∑üî•üëë,1
üí•,20
üí•üí•üí•üí•,1
üí™üí™üí™,1
üí≥,2
üíµüíµ,1
üìÜ,3
üìàhttps://t.co/p5ewwrissa,1
üìàmarchmadnessüèÄ20-17-1,1
üìä:,17
üìähttps://t.co/pqiqrnis1a,1
üìç,19
üìñüòâüî•üíØüçäüçäüçäncaaleaderinassist,1
üì¢,1
üì¢mlb‚öæÔ∏è2-0,1
üì∞,12
üì∑,1
üì∫'s,1
üì∫https://t.co/3rjgfivmt4,1
üìª:,11
üîä,2
üîë,1
üîò,6
üîü,1
üî¢¬†l,1
üî•üëçüèºüëçüèºüëçüèºüëçüèºüëçüèºüëçüèºüëçüèºüëçüèºüëçüèºüëçüèºüëçüèºüëçüèºüëçüèºüëçüèºüëçüèºüëçüèºüëçüèºüëçüèºüëçüèºüëçüèºüëçüèºüëçüèºüëçüèºüëçüèºüëçüèºüëçüèºüëçüèºüëçüèºüëçüèºüëçüèºüëçüèºüëçüèºüëçüèºüëçüèºüëçüèºüëçüèºüëçüèºüëçüèºüëçüèºüëçüèºüëçüèºüëçüèºüëçüèºüëçüèºüëçüèºüëçüèºüëçüèºüëçüèºüëçüèºüëçüèºüëçüèºüëçüèºüëçüèºüëçüèºüëçüèºüëçüèºüëçüèºüëçüèºüëçüèºüëçüèºüëçüèºüëçüèºüëçüèºüëçüèºüëçüèºüëçüèºüëçüèºüëçüèºüëçüèºüëçüèºüëçüèºüëçüèºüëçüèºüëçüèºüëçüèºüëçüèºüëçüèºüëçüèºüëçüèºüëçüèºüëçüèºüëçüèºüëçüèºüëçüèºüëçüèºüëçüèºüëçüèºüëçüèºüëçüèº,1
üî•üî•üî•,10
üî•üî•üî•‚¨ÜÔ∏è,1
üî¥,7
üî∂ole,1
üî∂‚öîÔ∏èüî∑,1
üîπpurdu,1
üñïüèæüñïüèæ,1
üòÇ],1
üòÇthi,1
üòÇüòÇüòÇüëÄüëÄ,1
üòÇüòÇüòÇüòÇ,3
üòÇüòÇüòÇüòÇüòÇüòÇüòÇ,1
üòÇü§¶üèæ‚Äç‚ôÇÔ∏è,1
üòÖ,7
üòäüß°üíôüß°üíô,1
üòå,1
üò°,3
üò§ü§êü§ê,1
üò¨üôÉ,1
üò≠üòÇ,1
üò≠üò≠üò≠üò≠,1
üò±üò±,2
üôÇ,3
üôÑüòÇüòÇüòÇ,1
üôÑüôÑ,3
üôÑü§¶üèº‚Äç‚ôÄÔ∏èüèÄ,1
üôáüèæ‚Äç‚ôÄÔ∏èmoderndaysharecrop,1
üôåüèªüôåüèªüôåüèªüôåüèª,1
üôèüèΩhttps://t.co/6guuyptgi,1
üöî,1
üöõ,1
üö¢,2
"üö®,üçè",1
üö®pr,1
üö®winnerüö®,1
üö©,6
üöÆü§ù,1
ü§îüíµ,1
ü§îü§î,1
ü§îü§îü§îü§îü§îü§îü§îü§îü§îü§îü§îü§îü§îü§îü§îü§î,1
ü§òüèº,1
ü§£!,1
ü§¶‚Äç‚ôÇÔ∏èlocaltvspxprb,1
ü§¶üèª‚Äç‚ôÇÔ∏èncaa,1
ü§¶üèΩ‚Äç‚ôÇÔ∏èü§¶üèΩ‚Äç‚ôÇÔ∏è,1
ü§©ü§©ü§©ü§©uconnwbb,1
ü§Æ,3
ü§Øüî•,1
ü§∑üèº‚Äç‚ôÇÔ∏è.,1
ü§∏‚Äç‚ôÄÔ∏è,1
ü•áüêæüê∫‚ô¶Ô∏èstatement,1
ü•à,2
ü•∞ü•∞ü•∞ü•∞üî•üî•üî•üî•,1
ü¶Ö,4
üßê,1
