$1.25,1
$1.3,3
"$12,500",1
$12.9,1
$125,1
$139,1
$153,1
$160,2
"$2,750",1
$2.1,2
$2.8,2
$20,9
$20.7,1
$23.8,4
"$25,000",11
$27,1
$3.6,2
$3.76,1
$300,7
$34,1
$37.1,1
$37.8,2
$377,1
$4.4,4
$48,4
$5.2,2
"$500,000",1
$6,1
$6.7,1
$62,1
$650,1
$70.5,2
$8.3,1
$8.406,1
$90,1
''for,1
''from,1
''just,1
''last,1
"''like,",1
''miss,1
''remain,1
'06.,2
'14,1
"'16,",1
'96).,2
'I,6
'awful',2
'dad,1
'definit,1
'frustrating',1
"'hoods,",1
'oh,1
'player,1
'remain,1
'some,1
'take,1
"'um,",1
'we,2
'we'v,1
($13.7,2
(+6.7,1
(.369),1
(.429,1
(.442).,2
(.478,1
(.492,1
(.537),1
(.600),1
(.666).,1
"(.919),",1
"(0.8),",1
(1,5
(1)netrtg:,1
"(1,221),",1
"(1,944",1
(1-14),3
(1.0,1
(1.05),1
"(1.10),",1
(1.26),1
(1.7,1
(10.4,1
(10.7),1
(101.0,1
(102.24),1
"(108.5),",1
(11.2,1
(11/25).Â ,2
(12,5
(134).,1
(136,1
(14);,1
"(14,",1
(14-2),1
(15),12
(15.1,1
(15.8,2
(16.3);,1
(17).,1
(17.4,1
(171,1
"(18),",1
"(18,493).",2
(19,2
"(19.8),",1
(192,1
(1960-61),2
(1961-62,2
(1963-64),2
(1970-71,2
(1972-73),1
(1979-80,2
(1981),1
(1984-85,2
(1985).,1
(1992).,1
(1992-2003).,1
"(1993),",1
"(1999-2003,",1
(19th,1
"(2,165)",1
(2-4),1
(2.03,1
(2.1),1
(2.76),1
(20.5,2
"(2005-06,",1
(2005-07),2
(2006,1
"(2008,",1
(2009),2
"(2012-13),",3
(2013).,1
"(2013-14),",1
"(2014),",2
"(2015,",2
"(2015-16),",4
(2016),2
(22),8
(22.4),1
(26,6
(26.7,1
(26th,1
(28.3,1
(29),8
(29.8,1
"(294-230,",1
(29th)netrtg:,1
(3);,2
"(3,801).",1
(3-2),3
(3.00),2
"(31,038),",1
"(32),",4
(33,2
(33.7,1
(35.3,1
(351).,1
(37.6,1
(37.9).Â ,1
"(385,448)",1
(4),9
(4-0),3
(4.4),1
(40,5
(41.5,1
(43),1
(45.7),1
(45/17/5/5).Â Â ,1
(47.7,1
(49.2).Â ,1
(4th)netrtg:,1
(5.2),2
(500,2
"(53),",1
(55.5,1
(56.3,1
"(6-9,",1
(6-foot-8),1
(68,1
"(7),",1
"(7-0,",1
(7-foot-6),1
(7.2,1
(75,1
"(76ers),",1
(79).Â ,1
(8,28
"(8,708)",1
(8.0,1
(82,1
(9-12,1
(9.5,1
(9.8),1
(95.9).,1
(96,2
(97.8),1
(alexand,1
(also:,1
(ankl,1
(anniversary,2
(anthoni,1
(ap),110
(arizona),3
(arkansas),1
(at,7
(beal,1
(becaus,3
(better).,1
(beverley's),1
"(bird,",1
(bleeping),6
"(bookmakers,",1
(bos),12
(boston).,1
(bucknell),1
(bwb),1
"(bynum,",1
(canada)vanja,1
(canada)Â ,1
(cannabinol),1
(chicago),4
(clarkson,1
(cle),8
(csli).Â ,1
"(curry),",1
(denver),1
(derrick,3
(dominican,1
"(doncic,",1
(dwyanewade),1
(either,2
"(espn,",2
(feb.,5
(field,2
(first,8
"(first),",1
(foot),2
(forward-cent,1
(four-tim,1
(france)dzanan,1
(france)shekinah,1
(frontcourt).Â ,1
(fultz).,1
"(gasol,",1
(georgia,1
(germany)mikyl,1
(geschwinder),1
(give),1
(glute),2
(gordonhayward),2
(guard),2
(hansen,1
(he',1
(hou),10
(howard),1
(i,1
(if),2
(iron,3
(italy)adam,1
(jackson),1
(japan)form,1
(john,1
"(johnhenson31),",1
(jon,1
(jose),1
(june,1
(kansas),5
(kids!,1
(l.a.,1
(la,3
(leav,1
(lehigh),1
(like,5
(lithuania),27
(lo,3
(losing),1
(mad),1
(magnet,1
(matthews),1
(mavericks;,1
(mbah,1
(mcl),2
(mem),4
(mia),9
(miami,2
(minus-15.5),1
(narrator:,1
(nba).,1
(nbauk).,1
(never,1
(nine,4
(no.,18
"(nola,",1
(nop),8
(not,8
(now),2
(of,8
"(oh,",1
(onli,6
(oppon,1
(orl),7
(pachulia',1
"(parker),",1
"(pelicans),",2
(per,10
(personally),1
(plus-14.9),1
(porter,2
(portland),1
(porzingisâ€™,1
(power,1
(preseason),1
"(presumably,",1
(ramonashelburn,1
(rank,2
(raptors),3
"(reportedly,",1
(restrict,3
(right,3
"(roster,",1
"(schlenk,",1
(seattleâ€™,1
(second,19
(see,12
"(sergeibaka),",1
(seven),1
(shoot,1
(side,1
(sinc,6
(six),1
(so,1
(spain)Â ,4
"(spurs),",2
(stephen,1
(subject,1
(sullinger),1
"(swap,",1
(thoma,2
(though,19
(thought).,1
(three,2
(tilmanjfertitta),1
"(tnt,",2
(tor),9
(trade),1
(tristan,1
(two),1
(ut)Â ,1
(uta),10
(utah,1
(util,1
(via,23
(virginia),2
(was),11
(we'r,1
"(weibo.com),",1
(westâ€™s),1
(what,2
(whatev,1
(wichita,1
(wilt,1
(x2),1
(years).,2
(â€˜02),1
"(â€˜04),",2
"(â€˜11),",1
(â€˜16),2
(â€˜93),1
+0.5,1
+4.4,1
---,1
"--hesiod,",1
--Â an,2
--Â came,1
--Â dwell,1
--Â exactli,1
--Â for,2
--Â indiana,1
--Â kemba,1
--Â miami,1
--Â quinn,1
"--Â sometimes,",1
--Â spoke,1
--Â they,1
--Â three,1
--Â washington,1
--Â when,1
--Â wick,1
--Â Â dwight,1
-0.0,1
-3.1,1
-5.4,1
-7,1
-Â ,1
....,1
...Â and,1
".270,",1
.359,1
.366,2
.387,1
.422,1
.450,2
.478,1
.492,1
.492Â Â Â Â Â Â Â Â Â Â Â Â Â Â Â Â ,1
.500Â Â Â Â Â Â Â Â Â Â Â Â Â Â Â Â ,3
.513,1
.520,1
.555,1
.562,1
.569,1
.583,1
.632,1
.638Â Â Â Â Â Â Â Â Â Â Â Â Â Â Â Â ,1
.800,1
.821,1
.835,1
.842,1
.aa000g9â€™,1
.kporze,1
0-5,1
0-for-9,1
0.9,1
0.92,1
"06-10,",2
07/19/85,1
08/02/95,1
09/29/88,1
1,330
"1,230",1
"1,298,",1
"1,300",3
"1,853",1
"1,874",1
1-3,3
"1-5,",1
1-for-8,1
1-on-1,2
1-rank,1
1-year-old,1
1.0,8
1.30,2
1.37,1
1.44,2
1.58,1
1.7,24
1.Â ,2
1/4,1
10-0,3
10-3pace:,2
"10-footer,",2
10-for-31,1
10-year,9
10.4,17
"100),",1
100.,1
100.2,1
100.9,2
101,2
101.0,1
101.2.,1
102.5,2
103-92,2
103.3,3
104-86,1
104.1,4
105.6,1
106-102,1
106.4,6
"106.9,",1
107.2,1
107.8),1
107.9,1
108,10
108-90,1
108.0,4
108.7,2
109-104,3
10:04,4
10:11,7
10:18,2
10:25,4
10:32,3
10:39,2
10:53,2
10last,1
10th),1
"11),",1
"11-22,",1
11-24,1
11-5,1
11-for-19,1
11-inch,1
11-of-17,1
11.,10
11.2,5
11.9,4
110-97.,1
110-99,1
110.3,1
111-105.,1
111.1,1
111.8,1
113-102,2
113-88,2
116-98,2
116.5,1
117-107,3
118-110,2
118.1,1
119-115.,1
11:05,3
11:12,2
11:19,2
11:26,1
11:33,1
11:40,1
11:47,3
11:54,3
12,191
"12,000-plu",1
12-day,1
12-rebound,1
12.0,5
12.7,5
120-102,1
120-109,1
121-105,1
122,2
123-111,1
124-107,1
124-114,4
125-124,4
126-120,1
126-94,1
129-115,2
129-122,2
12:06,2
12:13,2
12:20,2
12:27,3
12:34,5
12:41,4
12th,18
12Â |,1
13-8,1
13-foot,1
13.5,4
13.Â ivan,1
132-110,1
132-117,1
132-278,1
135-131.,2
136,2
137-125,1
138-128,1
139-117,1
13th-best,1
"14,",52
14-6,1
"14-point,",1
14-time,2
14.3,9
143,1
15),3
15-4,1
15.1,8
"15.3,",1
15.8,4
150,6
157,4
16%.,1
16-game,3
16.6,5
164-108,1
16;,1
17).,1
"17,100",1
17-65,1
17-year,3
17-year-old,4
17.4,3
171,1
"18,615,",1
18.,12
18.2,1
18.9,5
185,4
185-pound,1
19,110
"19,596",1
19-3,1
19.0,2
19.7,1
190-pounder,2
192,3
"1938,",1
"1945,",1
1950,1
"1952-54,",1
"1959,",1
1964,3
"1966,",4
1971,5
1977).,1
1977.,14
1978,6
"1980,",1
1984.,4
1985,1
"1987,",1
1989.Â ,1
199,2
1991.,1
1992,3
"1994,",2
1998).,1
1998).Â ,1
1998.,10
1998Â to,1
1999,6
1999-00,2
1999-2000,1
199th,1
19th,15
1:06,1
1:13,1
1:20,1
1:27,4
1:48,2
1:55,3
1pick,1
"1st,",1
1st-round,1
1stÂ and,1
2-0.,2
2-1,12
2-11pace:,1
2-8,1
2-for-9,3
2.17,2
2.24,1
2.45,3
2.5,18
2.Â espn',1
2.Â weâ€™ll,1
20-1,1
20-for-25,1
"20-point,",1
20-second,1
20-year-old,5
"20.0,",1
20.5,3
"2001,",8
2005.,1
2006,16
"2008,",11
2008.Â ,1
"2011-2016),",1
2012).,2
2012.,15
2013,38
2014-15.),1
"2015,",28
2015-16.),1
2015.Â ,2
2016),2
"2016,Â ha",1
"2016-2017,",1
2018Â nba,2
2019.,19
2020,24
"2020),",1
"205),",1
206,2
"20th,",1
"21,",53
"21,000",1
21-15.,1
21-point,4
21.3,2
21Â Â Â Â Â Â Â ,1
22),1
"22-6,",1
22-for-22,1
22-year-oldâ€™,1
22.8,1
220,3
"225-pounds,",1
227,1
"229,906",1
23-2,1
23-point,2
23.6,1
234,1
23Â Â Â Â Â Â Â ,1
24-58,3
"24-9,",1
24.4,5
248,2
"25),",1
25-plu,2
25-point,3
25-year-old,12
25.,4
25.2,4
25.9,4
25Â Â Â Â Â Â Â ,1
26,71
26-foot,1
26.0,2
26.7,1
260-pound,1
26th,10
27-19,2
27-point,1
27.5,4
270-pound,4
"27th,",1
"28,",39
"28,000",4
29),2
29-4,1
29-win,1
29.1,3
290,3
29Â with,1
2:00,1
2:07,3
2:14,2
2:21,4
2:28,1
2:35,1
2:56,2
2K,26
2last,1
"3,",57
3-20,1
3-6,3
3-for-16,1
"3-pointers,",17
"3-pt,",2
3.3,24
3.8.Â ,1
"30,000.",1
30-some,1
30-team,4
30-year,2
30.6,4
30s,2
31-51,3
31-51pace:,2
31.4,2
32.,6
32.2,2
32.Â memphis,1
33,52
33-18,1
33.0,1
33.7,2
332,1
339,2
34-1,1
34.5,3
36),3
36.1,2
36Â Â Â Â Â Â Â ,1
37.6,2
38-23,1
38.6%,1
381,1
39-17,2
39.2,2
3:,1
3:01,2
3:08,1
3:14.,1
3:29,1
3:36,1
3:43,1
3:50,1
3:57,1
3],1
3d-bodi,1
3pm)),3
4),28
4-4,1
"4-6,",1
4-for-11,3
4.1,14
4.8,22
4.Â denni,1
40,91
40-foot,1
40.0,1
40.7,1
400).,1
402,1
40th,1
40Â point,1
41-33,1
"42,",2
42.3,1
423,1
43),2
43-win,1
43.1,1
43.3%,1
437,1
44-36,1
44.1%,2
44.6,1
44;,2
45-plus-win,2
45.4,3
45.Â brooklyn,1
"46-point,",1
47,22
47-27.,1
47.0,3
47.7,2
47th,1
48-year-old,1
48.5,1
486,1
49.Â san,1
4:02,1
4:09,1
4:16,1
4:23,1
4:30,8
4:37,2
4:44,3
4:51,2
4nba,1
4th.,1
4Â ,1
4Â and,1
"5,989:",1
5-1.,3
5-3-1,2
5-9,7
5-for-13,1
5.6,4
5.9),1
50),2
50-51.,1
50-win,13
500,18
500th,1
51.6,1
51.Â new,1
514,1
52-30,1
52.4,4
52.6%,1
53.Â oklahoma,1
54,24
54th,1
55.5,1
"56,",1
563,1
57),1
57.1,1
58.6,1
59-23,2
59.4,2
5:03,1
5:10,1
5:24,2
5:38,1
5:45,1
5:52,3
5:59,3
5;,8
5s,1
"6,000",3
6-0,5
"6-11,",5
6-30,1
6-6.,1
6-7,21
"6-9,",2
6-foot,1
6-foot-3,5
"6-foot-4,",1
6-to-10,1
6.4,9
60-38,1
60-plu,2
60.,2
61,16
61.7,1
"62,249",1
62.5,1
63-20,2
63.3,1
64),1
640,1
"657,827",1
"664,687",1
"67-game,",1
68,10
68th,2
696,1
6:18,2
6:25,3
6:46,5
6Â Â Â Â Â Â Â Â Â ,1
"6â€™8,",1
7-10,1
"7-12,",1
7-17,1
7-5,2
7-59,2
7-of-8,1
7.,25
7.2,11
7.9,9
"70,",1
"70,000",1
71),1
71.1,1
73rd,1
74.,1
745,1
75,17
75.0,3
75.Â ,1
759,2
"76ers,Â accord",1
76ersÂ on,1
"77,",1
78),1
787,2
79.8%,2
7:05,1
7:19,1
7:33,1
7:40,4
7:47,1
7:54,1
8,94
"8,083",1
"8,846",1
8-3,5
8-for-10,1
8-for-15).,2
8-k,3
8.0,14
8.7,5
8.Â ,1
80.4,1
81-80,1
81.2,1
82,20
83-75,1
"84,",1
85-77,2
87-79,2
"87-84,",1
88.4%,1
88.9,1
89,6
89-53,1
8:06,3
8:13,3
8:27,2
8:34,1
8:48,2
8:55,1
8th,6
8Â |,2
9-1,3
9-8,2
9-for-12,1
9-of-15,1
9.5,8
90-minut,2
"901,",1
905.,1
"911,''",1
93-92,1
93.1%,1
93.6,1
94-86,1
941,2
95-80,2
95-89.,1
95.4%,1
96,12
96-95,1
96.0,1
96.7,1
97.5,2
98-97,1
98.25,1
98.3,1
99-91,1
99.1,3
99.8,4
9:00,1
9:07,1
9:14,3
9:21,2
9:28,1
9:34am,1
9:35,4
9:49,1
9:56,2
9last,1
>Â nbaafricagam,1
?,3
A:,1
B),1
BS,1
CB,3
Cs,3
D?,1
E.,1
F,36
G!,1
IS,2
JB,1
M,1
ND,1
"O,",1
Or,41
S.,1
T,2
UD,1
UK,1
WE,1
Xs,4
[13]:,2
[7]:,2
[after,5
[alex],1
[and],1
[broadcaster],1
[davis],1
[green],1
[hi,2
[his],1
[it,2
[kentuckyâ€™,1
[kristaps],2
[make],1
[murray],1
[nbca].,1
[ntilikina],1
[our],1
[parker],1
[philadelphia],1
[robertsâ€™],1
[satoransky],1
[shaun],1
[team],1
[the],1
[there,1
[to,4
[warrior,1
a&m,7
a',1
aba,11
abandon,2
"abc,",2
abc:,1
abdel,1
"abdur-rahim,",1
aberdeen,1
abernathi,2
about?,2
aboutÂ ,1
abrin,3
abroad,1
absences.,2
accept?,1
"acceptable,",2
access.,3
accident,1
accompani,13
"accomplished,",1
accord,160
accordingly.,1
account,46
accountable.,1
accounts,1
accounts.,1
"accurately,",1
ace,12
"aces,",1
acl,25
acquiringÂ th,1
acquisit,20
"acrimony,",1
act!,1
acted.,1
action,67
action-pack,1
activity.,1
"actual,",1
"adaa,",2
adam,113
adams',1
adams.,4
add:,1
addedÂ fedex,1
addressing.,1
adebayo,5
adjust,55
adjustment.,3
administered.,1
administration.,1
admired.,2
admittedli,1
"adopt,",1
advanc,83
adventur,2
advise.,1
"adviser,",1
advisor,4
aegis-hold,1
"afar,",4
"affiliation,",2
affin,3
afflalo,1
afoot,2
afraid.,2
africa,53
"africa),",1
africa.Â ,1
african,19
african-american,16
after.â€™,1
afternoon,23
"afternoon,",8
afternoonâ€™,1
afterthought,2
afterward.,8
"afterwards,",1
again.Â washington,1
against.,5
age?,1
agency),4
agencyÂ wa,1
"agent),Â nick",1
agents.,17
aggressive,1
"agile,",2
agon,1
agre,122
agree.,3
agreement,49
"agreement,",5
agreement:,1
ailment.,1
ainge'sÂ slow,1
"ainge,",5
ainge:,2
"airingÂ monday,",1
airlin,4
airplanes.,1
aisl,3
ajinca,1
akron.,2
akyol,1
al.,1
"ala.,",1
"aladdin,",1
alameda,3
"alameda,",1
"alaska,",1
"alcindor,",1
aldridg,169
"alexander,",3
alight,1
aliv,5
alive.,3
all-american.Â ,1
all-missouri,2
all-rooki,40
all-starÂ chri,1
all-starÂ dwight,1
all-west,1
all.,41
allegi,1
allonzo,3
allowed.,3
"also,",35
also:,1
alsoÂ announc,1
alter,14
although,37
altman),1
altogether.,1
alumni,1
"amateur,",1
"amazingly,",2
america,10
america',3
america.,5
american.,1
americup,4
aminu,3
ammunition.,1
amongÂ th,1
amus,2
amway,1
"analyst,",2
analyt,10
"analytics,",3
analytics:,1
anchor,12
andrea,3
andÂ 42.5,1
andÂ allow,1
andÂ assist,1
andÂ hisÂ season,1
andÂ iman,1
andÂ inform,1
andÂ iâ€™v,1
andÂ klay,1
andÂ theÂ memphi,1
andÂ thre,2
"anemia,",1
anew,3
anferne,3
ang,1
angeles,1
angeles',4
angeles.,25
anger,5
angst.,1
animal.,1
"animated,",1
ankl,68
ankle.,10
ann,22
"anne,",2
annihil,1
announced.,9
announcers.,1
"annually,",1
answer.,10
"answered,",3
answering.,1
antholog,1
anthony),1
anthony.Â th,1
anti-inflammatori,4
anunobyÂ Â Â Â Â Â Â Â Â Â Â Â Â Â Â Â Â Â Â Â Â Â Â Â Â Â Â Â Â Â Â Â Â Â Â Â Â Â Â Â ,1
"anxiety,",4
anybody',2
anybody.,4
anything.,21
anything.'',1
anytim,19
"anyway,",23
anywhere.,8
anÂ 82-73,1
anÂ evalu,1
anÂ overal,2
"apg),",2
apolog,15
"apparel,",4
appli,23
"applicable,",2
"approach,",3
approach:,1
"approached,",1
approvedÂ j.b.,1
"april,",9
april:,1
aprilÂ 10Â to,1
arcan,1
area,70
areas.,5
"arena,Â that",2
arena.,40
arenâ€™t.,1
areÂ 18-0,1
arison,1
arkansas),1
"arrived,",3
arteri,1
artest,2
articul,4
"artistically,",1
aschburner:,3
aschburner:what,2
aschburner:Â Â certainli,1
asia,1
ask?,1
ass.,1
"assertive,",1
asset,55
assist-turnov,2
assistance.,1
"assists,",109
assists:,1
associationâ€™,1
assâ€”that,1
ast,1
astonish,3
astronom,1
asâ€¦,1
at,23
athletes.,2
"athletic,",11
athleticâ€™,1
"atl,",2
atlant,6
atlantaÂ part,1
atlantaÂ Â Â Â Â Â Â Â Â Â Â Â Â Â Â Â Â Â Â Â Â Â Â Â Â Â Â Â Â Â Â Â Â Â ,1
atop,7
attacks.,2
attemptedÂ a,1
attempts),6
attend.,1
"attendance,",11
attent,59
"attitude,",3
attract,18
atÂ th,1
auction.,1
aug,65
"august,",10
august:,1
austin,32
australia),1
authent,2
"auto,",1
avail,99
average;,1
averagingÂ 19.9,1
avidli,1
avuls,1
await,10
award:Â ,1
awards.,7
awards.Â ,3
awareness;,1
axe,1
"ayton,Â devin",1
aytonÂ would,1
aytonâ€™,1
azoff.,1
aÂ 44-point,1
aÂ driv,1
aÂ leonard-l,1
b,1
b-lister,1
back-,1
back-to-back,70
back;,2
backcourt,49
backlash,3
"backlash,",1
backup;,1
bacon,3
"bad,",9
badenhausen,1
baldwin,5
"ball,''",1
ball-domin,3
ball-handler),1
ball-handler...,1
ball.Â ,1
ballard,15
ballboy,2
"ballmer,",3
ballmer:Â ,2
balls.Â in,1
ballÂ |,1
ballâ€™,2
bandag,1
"bank,",4
banner17pic.twitter.com/yvlwwbi344,1
barack,3
"barbosa,",1
bark,3
barr,1
"barrett,",1
barton,8
"baseball,",5
basement.,1
bash,3
basin,1
"basis,",7
"basketball,",61
basketball-onli,1
basketÂ against,1
bassist,1
batter,1
"battle,",1
batum.,3
baunach,4
"bay,",4
bayareahq.com,1
bayern,3
"be,",23
"be-all,",1
be:,2
beal,63
beal/john,1
beantown,1
bear.,1
becki,4
beckner,13
"becomes,",3
bed,1
bedrock,1
"bedspreads,",2
beethoven.,1
befal,1
before?,1
beforeÂ fre,1
begin,113
"beginnings,",1
beginÂ glen,1
behav,2
behind.,4
beilein',1
beileinÂ reportedli,1
"being,",3
belch,2
"believe,",4
belinelli.,1
belonged.,1
below.,5
belt.,1
bembry.,1
"bench),",1
benefit.,3
bennett,6
bennettâ€™,1
bensonâ€™,2
bergmannâ€™,1
bernard,2
berth,12
berzinsÂ |,1
besid,11
"besides,",6
best-cas,1
best.,22
best?â€™,1
bethune-cookmanÂ ,1
better-known,1
better.Â i,1
betterment.,1
betterâ€™?,1
betting.,4
beverleykey,2
beyond,107
"bezos,",1
beÂ coach,3
biaga,1
bickerstaffÂ a,1
bickerstaffÂ to,1
big-market,3
bigger.,2
bighorns.,1
bill.,3
"billboard,Â blaz",1
"billion,",21
billion:,1
"billionaire,",1
billup,29
billups',2
"billy,",1
bing,2
binge.,1
biographi,1
"bird,",8
birganderÂ Â Â Â Â Â Â Â Â Â Â Â Â Â Â Â Â Â Â Â Â Â Â Â Â Â Â Â Â Â Â Â Â Â Â clavijo,1
bit,102
biyomboÂ and,1
bkn,1
black',1
black.,1
"blame,",1
blank,3
blaz,2
blazers;,3
bleed.,1
bleep,1
"blindfold,",1
blink.,1
blister,2
blitz,4
"bloat,",1
block.,10
blocker.,3
blocks.Â ,1
blocksÂ (1.6),2
blogtable:would,1
blond,1
"bloom,",1
bloomer,2
bloomington,1
blueprint.,1
blunt,1
blurriness.,1
bmo,3
bmoc,1
board.,8
boards:Â ,1
boast,8
boat,4
bob,36
"bodily,",1
bogdan,9
bogdanov,6
bogdanovic.,2
bogdanovickey,1
bojan,6
bolden,7
boldest,1
bonaventur,1
"bond,",1
"booed,",5
"booker,",10
boom,1
boost,23
border.,1
bordow.,1
borg/jedi,1
boroughs.,1
bosh,32
boston);,1
bottom-thre,1
bought.,1
boulevard,1
bounci,3
bound.,1
bourbons.,1
bow,3
bower,5
"bowl,",1
"boy,",7
bracket.Â ,1
bradâ€™,3
bravado,1
breadth,1
"break,",25
breakout-lik,1
"breaks,",3
breather.,1
brew,2
brewer.,1
"bri,",1
"bridges,",6
briefli,17
"bright,",1
brilliant.,4
brindisi,3
"broadcaster,",2
broadcasters.Â ,3
broke,38
bron,2
"bronczek,",1
brooklyn,126
brooklyn.Â ,2
brooklynÂ Â Â Â Â Â Â Â Â Â Â Â Â Â Â Â Â Â Â Â Â Â Â Â Â Â Â Â Â Â Â Â ,1
brooklynâ€™,4
brooks.,1
brotherhoodğŸ™ğŸ¾,1
brothers-likeÂ gam,2
brown).,1
bruc,1
bruckheim,1
brussino,1
brutal,13
bryant',6
bryant.,4
bryantÂ Â Â Â Â Â Â Â Â Â Â Â Â Â Â Â Â Â Â Â Â Â Â Â Â Â Â Â Â Â Â Â Â Â Â Â Â indiana,1
bryantâ€™,1
bubbl,5
buckets),1
bucksÂ ,1
buddi,15
bueller.,1
buffett,1
bulb.,1
"bull,",1
bulls?,3
bulpett,2
"bun,",1
bunch.,4
"bureau,",1
burner,2
bursitis.,1
burst,6
burtonâ€™,1
"buss,",3
"butler,",36
butler:,1
butt.,2
butÂ stephen,1
"buzz,",1
buzzcitydwighthoward!press,1
buzzword,1
byu,2
byzantin,1
caa-leak,1
cach,3
cache.,2
caesarâ€™,1
"cage,",1
cair,1
cake,1
calcul,11
"calderon,",1
calendar,12
california,23
"calipari,",1
call-up,1
"callahanâ€™s,",1
"called,",2
came.,1
cameroon.,1
campaignÂ du,5
"campus,",1
camri,1
can,40
canal+,1
cancarÂ ,1
candidate,1
"candidate,",1
candidli,1
candle.,1
canÂ let,1
canâ€™t.,2
"cap,",10
"capela,",6
caravan,1
card.,2
care,102
"career-threatening,",1
"carefully,''",1
carl,2
"carlesimo,",1
carlisleâ€™,1
carrot,4
carter,34
"carter-williams,",4
caselli:,1
cash.,5
casspi,8
"casual,",1
catacomb,1
catapult,4
"categories,",3
categoriesÂ a,1
catsÂ blanch.,1
caupain,1
caution-first,1
"cavaliers,",40
cavaliers.Â ,2
cavaliers:,1
cavaliersÂ let,1
cavaliersâ€™,29
cavaliersâ€™),1
cavanaugh,1
cavs?,3
cavsÂ get,1
ca|,1
cbd,2
cdortcharch,10
celebrating.,2
"celebration,",2
celebration:,1
"celebrities,",2
celtics'Â jaylen,1
"celtics,",47
celtics.thos,1
celtics.Â ,3
celtics:,2
celtics;11,1
celticsÂ and,1
celticsâ€™,30
centers,1
centerÂ dakari,1
centerÂ joel,1
century.Â ,1
ceremony.Â ,1
"certain,",1
certainty.,1
chair,10
chalk.,2
"challenge,",5
"challenge,'",1
challenge:,1
champagn,6
champagne.,1
championship-level,2
championship.,31
championships.,24
chan,14
chanc,236
chance,2
chance?,1
chandlerâ€™,1
change-of-pac,1
change.Â ,1
changes.,3
"characterization,",1
charge-ahead,1
"charges,",1
charity.Â ,1
charl,16
charleston,1
charlevil,3
chase-down,3
chasing.,1
chatman,2
"chattanooga,",1
chealey,1
cheat,1
chemistry.,2
"chest,",3
chew,3
"chi,",2
chicago2010,1
chicago:Â Â scor,1
"chiefs,",1
children',1
children.,4
childrenâ€™,1
"chill,",2
china,21
china-bas,1
"china.nba.com/vote,",2
china;,1
chino,2
chippy.Â ,1
chocol,2
"choice,",7
choir,2
choke,2
choose.,2
chopsâ€”second,1
chore,1
"chortkoff,",1
"chosen,",1
chriss,4
christian,14
christopher;,1
churn,3
chyna.â€™,1
cincinnati,5
"circuit,",2
circumst,21
circumstances.,2
city,6
city-houston,1
civil,24
cizmic,2
clamber,1
clamor,2
classif,1
clause.,5
cleveland,615
"cleveland,",70
cleveland.Â for,1
cleveland:,3
clevelandpart,1
clevelandÂ --,1
clickÂ here.,6
"climate,",1
clippers,1
"clippers,",56
clippers:,4
"clobbered,",1
close-up.,1
closing.,1
clot,3
clothingÂ marketplac,1
club,275
clubs',1
"clutch,",1
co-pay,1
co-rooki,4
coach,1437
coach.Â h,1
"coached,",1
coachÂ john,1
coats.),1
code,1
codifi,1
cog,1
coke,1
"cold,",1
colleagu,9
colleg,195
college),1
collegi,17
collison,4
collison.,1
coloni,1
"color,",5
colorful.,1
"coltrane,",1
column,6
"combined,",4
combo,9
combo-guard,1
come.,12
comeback,27
comeback.Â ,1
comet,2
comeupp,1
"comfortably,",1
comment,91
"commentator,",1
"commercial,",1
"commercials,",1
"committee,",10
commod,4
commonli,2
commun,106
communication.,2
community-bas,3
compactor,2
companies.Â ,1
"comparisons,",1
"compensation,",2
complacency?,2
complementari,3
complete.,6
completion.inform,1
"complex,",1
complic,6
complicated.,1
complication,1
components.,1
compos,5
composed.,1
compris,5
con,2
concept.,2
concern.,4
"concerns,",2
concerts.,1
concess,3
concours,1
concurr,2
condit,59
"conditioning,",1
conductor,1
conferen,1
conference.Â ,7
conferenceâ€™,2
confident).,1
conflat,1
conflict.,1
confront,9
congressmen,2
consid,126
consider.,1
"considerations,",2
consign,1
consist,65
"consistency,",1
constrict,1
contempl,10
"contemplate,",1
contemplates.,1
contending.,1
content.Â ,1
contests.,6
context.,2
"continue,",2
continues.Â univers,1
control;,1
"conventions,",1
conversation?,2
conversations.,2
convert,8
convicted.,1
convinc,28
coon,1
copyright,997
corbin,1
core,54
"corners,",1
"correctly,",2
corridor,1
costello,3
costs,1
"couch,",1
could,843
counti,9
counting.,1
countless,4
"course),",1
course.,14
court),2
court.Â ,1
"courts,",1
courtship,1
courtâ€™,1
cousins-bas,1
cousins?,1
coverage,1
covered.,1
cowardly,1
"cowboys,",1
cowboysâ€™,2
cowley,1
cp3,1
crack,14
crackl,1
craig,16
cramp,2
crap.),1
crater.,1
"crawford,",5
craze,1
creams),1
creative.,1
creator.,2
credit,35
creek,1
crept,1
crew.,5
cristiano,2
"criteria,",1
"critics,",2
cross,14
cross-countri,2
cross-court,2
crown,11
crucibl,1
crumbs.,1
crutch,1
cry.,3
crying;,1
csnbayarea.com,1
csu-northridg,1
cube',2
"culture-building,",1
cunningham',1
cup.,2
cupboard,2
cupcake-adorn,1
curdl,1
curiou,8
curry),5
curryÂ hasn't,1
curryÂ that,1
curtain,3
"curve,",1
curves.,2
d-fender,1
d-league.,1
d.c.,18
d.j.,6
dabbl,1
dal,1
dallas),1
damag,25
"damaged,",1
damian,63
damion,2
damn,16
damon,1
"dan,",1
dance-lik,1
"danger,",1
"daniels,",1
danielâ€™,1
dario,19
dart,1
"datboydimez,",1
"davidson,",1
"davis,",38
davis:,1
dawnâ€™,1
day',1
"day),",1
day.,59
day.Â heâ€™,1
days',2
days.,29
de'aaron,6
deadline.,11
deadline.Â cleveland,1
deal?,1
dean,1
death.,3
death.Â ,1
"debut,",7
debuts.,2
decades.,7
decemb,19
"december,",9
decent,22
decision,2
decision),1
decision.Â ,1
declin,49
"declined,",1
"deed,",1
deep,46
defeat,36
defender),1
defense',1
defense.,65
defenses).,1
defenses.,2
defensive-mind,5
defensive.,2
definit,86
definitely.,2
deflat,1
deflated.,1
defrtg,2
deft,1
degree.,1
delani,1
delay-of-gam,2
delayed.,2
deliber,5
delic,2
delight,5
delivered.,2
demand.,2
"demanding,",2
demandsÂ with,1
demar,69
demarco,1
demo-and-rebuild,1
demor,1
den,2
denver',2
denver.,17
denverÂ 15.Â washington16.,1
"department,",1
"departure,",3
departure:,1
depos,1
depress,7
depression.,1
depriv,1
derick,1
deris,1
"derozan,",15
derozan],1
"deserves,",1
design,43
design?,1
"desperation,",1
destin,34
"destination,",4
destini,2
destruct,1
detail.,1
determined.Â ,1
dethron,5
detriment.,1
detroit,187
detroit'sÂ rec,1
detroit)13.,1
detroit.Â ,2
detroitâ€™,5
devastating.,1
"develop,",4
"developing,",1
development?,1
"developments,",1
"device,",1
devon,1
deyonta,3
diagnosedÂ a,1
diagram,2
diallo,7
dictat,7
"did,",21
didÂ kyl,1
differ,279
"differences,",1
"different,",12
"different,''",1
"differential,",3
diffus,1
digitalâ€™,6
dilig,7
dilut,1
dime,1
dimes.,2
diminut,1
dingi,1
dinner.,2
dip,7
directions;,1
dirk,34
dirty,2
disadvantage,1
disast,3
disaster.,1
discard,1
discern.,1
"discipline,",1
disciplined,1
disclos,7
discord,1
discrep,5
discrimin,5
"discussions,",1
discusss,1
dish,13
dishevel,1
disjoint,1
disloc,2
dispensari,2
display,33
disqualifi,1
disrespectful,3
disrupt,8
distil,1
distributor,1
disturb,2
"divincenzo,",1
divorce.,1
dixon,1
"dmf,",1
dna,2
do-over.,1
do.'',2
do.....,1
do;,2
dobÂ Â Â Â Â Â Â Â Â Â Â Â ,1
doc?,1
doctor.,1
"doctors,",5
doctors],1
documented.,1
dodger,12
doe,21
"does,",12
"doesn't,",1
doesn't:,1
"dog,",2
"dolan,",2
"dollar,",1
dollars;,1
dolling,1
"dominant,",2
dominiqu,2
don't.,2
doncic,36
doneâ€”they,1
donna,2
"donors,",1
"donovan,",3
donovan:,1
donteâ€™,1
"donâ€™t,",5
doomsday.,2
dorm,1
doted-upon,1
"double-doubles,",3
double-head,1
double..,1
"douglas,",2
"down,",26
down.Â ,2
down:,1
downcast,1
downturn,1
downâ€™,2
dozierÂ Â Â Â Â Â Â Â Â Â Â Â Â Â Â Â Â Â Â Â Â Â Â Â Â Â Â Â Â Â Â Â Â Â Â Â Â Â Â Â Â Â Â Â Â south,1
dpes;,1
dpve.,2
draft?,3
drag-out,1
drama-fre,2
draw,28
drazen,1
drexler,1
"dribble),",1
dribbles.,2
drilledÂ hi,1
"drills,",7
drills.Â ,3
"drivers,",1
drop,96
"drop-off,",1
drops.,1
"drug,",3
drummond,27
drummondâ€™,1
dubiou,2
duck,2
duct-tap,1
duel,2
"duhon,",1
duke/australia,1
dukeÂ ,4
dull,3
dumb,1
dump,7
"duncan,",4
dunk?,1
duo,11
"duos,",1
duti,19
"duty,",2
dvpe,1
dwell,6
dysfunction:,1
dâ€™antoni.,2
"e-commerce,",1
eagl,6
earli,218
earlier?,1
earliest,1
early-season,3
early.,8
earn,146
earth.,5
easier.,10
easily.,3
"east,",26
east.Â ,1
east:,1
eastâ€™,1
"ebates,",1
ebulli,1
eckford.,2
"eden,",1
edge.,4
edition.,1
editionÂ |Â week,5
educated;,2
"education,",12
effect.,2
effective.,4
"efforts,",2
"egregiously,",2
eight).,1
eighth.,1
"elephant,",1
elevator,1
"elgin,",2
"eligible,",1
elijah,2
elimination.,1
"elite,",1
elizabeth,2
elliot,1
els,91
"else,",15
else:,2
elton,4
elud,1
elvin,3
embarrassed,1
embed,1
emerald,3
"emerged,",1
emerged:,1
emot,51
"emotions,",2
"emphasizing,",1
emporium.,1
empow,5
emraniÂ put,1
enact,2
end).,1
end-al,1
end-to-end,2
"ending,",2
"energy,",8
enforcer;,1
engag,39
engelland,1
"engelland,",1
engulf,2
enough,211
"enough,",28
enter,97
entertain,1046
entertaining.,1
enthusiastically.,1
enticeÂ lebron,1
entitl,4
entranc,4
entrancing.,1
entrepeneur,1
entrepreneur,1
"entrepreneur,",2
entries.,1
epic.,2
epoch,1
epp:,1
equal.,1
era,31
"ergo,",1
erin,1
ernst,5
erv,3
ervingâ€™,1
"espn,",15
espn.com'sÂ ian,1
espn.Â Â Â Â Â ,1
espn2),1
espn:,2
essenc,2
essenti,29
"essentially,",2
et).,12
ethic.,4
euroleague).,1
evansÂ Â Â Â Â Â Â Â Â Â Â Â Â Â Â Â Â Â Â Â Â Â Â Â Â Â Â Â Â Â Â Â Â Â Â Â Â Â Â oklahoma,1
"eve,",1
"event,",5
event.guard/forward,1
eventually.,1
ever,208
ever-analyt,1
ever-morph,1
everlast,4
"everybody,",4
everyday,2
everyon,127
everyoneâ€™,12
everyÂ bit,1
"evidence,",2
evidence:,1
evident.,1
evolv,16
exceedingli,3
exception,1
"exception,",3
excited.,8
"execution,",1
executive-level,1
exercised.,1
exhaust,6
"exhibition,",1
"expanding,",1
expansionâ€™,1
expect,277
"expectation,",1
expectations.Â h,1
expected.,7
"expense,",1
experienc,24
experiences.,4
experts.,2
"explanation,",2
exploit,12
explos,10
exposure.,1
express-news',3
express-news.,2
expressnew,1
extens,106
"extension,",15
extern,2
extrem,36
exuber,4
eyebrows.,1
eyelash,1
"eyen,",1
eze,2
"ezeli,",1
f-c,1
fa),1
fabulous.,1
facemask,4
"faces,",1
"facilities,",2
"fact,",35
factor.,4
fadeaway,1
failur,6
faith.,1
falcons',1
fall,95
falls.,1
fals,4
falter,2
famerâ€™,2
fan.,10
"fanatics,",2
fanfar,2
fanfare.),1
fans',2
fans.,24
"faq,",2
"faried,",2
"fascinating,",1
fashion,8
faster,17
"faster,",3
fastest.,1
fat?,1
fatigu,1
fatigued,1
fault,5
fault?â€™,1
"faults,",1
favor.,4
favorite.,1
faze,1
"fear,",1
fearthedeerpic.twitter.com/smnscul9,1
feb.,133
february?,1
"fee,",2
feed,16
feel-good,3
feeler,2
feelings.,1
"feels,",1
"feet,",1
felip,1
fellow,48
"felt,",1
felton,1
fergie',4
ferrel,31
ferryâ€™,1
"fertitta,",2
few.,3
fg%,1
fg%/36.6,2
"fg,",30
fg/34.6,1
fiddi,2
field,194
fifth-best,2
fifth-highest,1
fifth.,3
fight?,1
figures.,2
filathlitiko,1
"file,",1
final,738
"finale,",2
"finals,",110
finals.Â ,1
finals:Â tradit,3
finals],1
finalsâ€™,1
finch.,1
find,223
fine-tun,1
finedÂ washington,1
"fines,",1
finger.,3
finley,2
fintech,1
fire.,4
"fired,",8
fired-up,2
firm,15
first,1575
first-,5
first-round,219
first-rounders),1
first.),2
firstâ€”ani,1
fitch,1
five-,1
five-person,1
five-to,1
fizdale',8
fizdale.,6
flaccadori,2
flagrant-1.,1
flagstick,1
flame,3
flap,1
flash,11
flaw,7
fletch,1
"flipped,",1
float,2
"floor,",79
floorÂ on,1
flop,3
florenc,1
florida/dominican,1
florida;,1
flourish,3
flow,22
"flowers,",2
focal,4
fog.,1
foget,1
fold.,1
followed.,1
follows.,1
font,6
"fool,",1
football.,1
forefront,7
forese,7
forever.congrat,1
forflip.,1
forgot,8
"forgot,",1
forgotten,12
form?,1
format.Â ,1
formula,5
forseeabl,1
forti,1
fortuneÂ®,3
forum,4
"forward),",1
forwards.,5
forwardÂ carmelo,1
forÂ lebron,3
foster,5
"foster,",2
foul.,4
four-gam,10
fourth),1
"fox,",10
fr.,27
franchise-record,14
franchise.',1
franchiseÂ in,2
"francisco,",2
frankâ€™,1
frantic,3
fraser,1
"fratello,",4
fray,3
freak,12
free.,5
freedom,15
fresh.,1
fret,2
"friday),",1
"friday,Â accord",1
frisco.,1
"from,",4
fromÂ that,1
"front,",5
front-runn,3
frontline.,1
"frustrations,",3
fulcrum,1
fulli,36
functioning.,2
funeral.,1
"funny,",12
further,4
furthest,1
fÂ maarti,1
galleri,2
gallup,2
galor,2
gamble.,2
"gambled,",1
"game,",324
"game-after-game,",1
game-winn,6
game.',1
game:,2
gameday.,1
gamer,6
"gamers,",4
games?,1
gameÂ with,1
gari,30
garrett,12
"gary,",1
gas.,1
gaug,7
gayâ€™,1
"generator,",1
"genesis,",2
genius.,2
gentri,23
geograph,1
georg,266
"george),",1
"george,",39
george:,1
georgetown.,1
"germany,",1
get-togeth,1
get:fÂ julyan,1
get?,1
getaway.,1
giancarlo,1
gig;,1
"giles,",1
gilesÂ Â Â Â Â Â Â Â Â Â Â Â Â Â Â Â Â Â Â Â Â Â Â Â Â Â Â Â Â Â Â Â Â Â Â Â Â Â Â Â Â Â Â ,1
"gilgeous-alexander,",5
gilgeous-alexanderÂ |,2
gilgeous-alexanderâ€™,2
givoni,1
"glare,",1
glitziest,1
globally.,2
glut,2
gm-killer;,1
gm;,1
"go),",1
go.,27
go?Â ,1
"goals,",5
"goat,",1
godâ€™,2
goes.,7
going.',1
going?,2
golf,11
gone?,2
good,600
"good,''",1
good.Â ,3
good.Â Â ,1
goodman;,2
google-map,1
gordon,107
"gordon,",17
gordon:,1
got,755
gotta,17
gotten,54
govern,11
governors.,5
gp,1
grace.Â th,1
grade),1
"gradual,",1
"gradually,",3
grand,16
grander,2
granik,1
grant.,4
"gratifying,",1
graveston,2
gravity:,1
great-grandpar,1
greats.,2
greatÂ point,1
green).,1
"green,",33
green.Â ,1
green:,2
greenÂ (restricted),1
greenâ€™,15
greg,44
gretzki,1
griev,4
grieving.,1
grill-to-gril,1
grimiest,1
grind.,2
grip,5
gritti,2
grizz!,1
grizzlies-utah,1
grizzliesÂ hop,1
grizzliesâ€™,19
groov,2
"groove,",3
"group,",22
group.Â ,1
group:,4
groupâ€™,2
growl,1
grumbl,1
grunt,2
"grunts,",1
guard',3
guard.,21
guard/cent,1
guard/forward,12
"guards),",1
guardÂ derrick,1
guber,2
guess,43
"guesses,",1
guidanc,2
guidance.,2
gulen.,1
"gundyÂ ,",1
gupta,2
gush,1
"guy,",23
"gym,",8
gymnast,2
had,4
hader,2
haderâ€™,3
hadÂ th,2
"hair,",2
half-ful,1
half-measur,1
half.,26
hall-of-fam,2
hallway,7
hammon,1
hammon.,2
hand-wringing.,1
handbook.,1
handed.Â ,1
hansenâ€™,3
hapless,1
happ,1
happen.â€™,1
happiest,3
har,1
hard-demor,1
hard-lin,1
"hardaway,",8
"harden,",35
harden:,5
harder,20
harder.,1
hardwood.,1
harkless,8
harlan,1
harmony.,1
"harped,",2
"harper,",1
harrington.,1
harrison,11
harrison),1
harrow,1
"haslem,",2
haslem],1
hasÂ accomplish,1
hatch.,1
haunt,4
have,32
havingÂ ,1
hawaiian,1
"hawk,",1
hawks.april,1
hawks?,1
hay,4
haynes.,1
haywood.,1
"hb2,",2
hbo,1
he',421
he'dÂ neverÂ encount,1
head,357
head-on.,1
headline-grab,1
healed.,1
health,100
health.,18
"healthy),",1
heappart,1
hear,74
hearst,1
"heat,",18
heel.,1
heftier,2
height,20
heinsohn,1
hellbent,1
helm,3
hem,1
"herald,",3
herald:,1
herb,1
here),2
here);,1
here.â€™,1
hereÂ and,22
hereÂ or,7
"hernia,",1
hero.,2
heroic,3
"hesitating,",2
heÂ hurt,1
heÂ tor,1
heÂ tri,1
hibbert.,1
hiccup,1
hiccups.,2
hick,3
hidden,2
"hierarchy,",1
"high,",4
"high-flying,",1
high-leg,1
high-mind,1
high-perform,1
"high-quality,",3
high-rank,2
highli,17
highlight-level,1
hill,77
hillkey,1
hillÂ hold,1
him).,3
him.Â ,4
him?,5
"himÂ here,",155
hinki,9
hinkie,1
hinkie',1
hinkie.,2
hint,9
hip-check,1
"historical,",1
historicÂ bark,1
"history',",1
history;,1
histrion,1
hisÂ masterpiec,1
hisÂ perform,2
hiv,1
"hoary,",1
hobbs.,1
"hoisting,",1
hokey,1
"holbrook,",1
holiday,38
holling,3
hollins.,1
home!!!!,2
home-heavi,1
"homelessness,",1
"homes,",1
"honesty,",1
"honoree,",1
"honors,",3
hood',1
hood.,1
hook.,3
hoops-them,1
"hopefully,",8
hopping.,1
horfordÂ said.,1
horizon.,1
hornacek',2
hornacek.,1
horns,1
horrible.,2
horrif,3
"horses,",2
horst.,5
horstâ€™,1
hospital.,2
host',1
host.,1
"hot,",1
"hotel,",1
house,1
"housecleaning,",2
houses.,1
houston),2
houstonÂ clinch,1
howard,142
howard',12
howard-cooper:Â easi,1
howard.,8
howev,22
howâ€™,1
hs.,1
http://brotherhoodcrusade.org/,1
http://www.statefarm.com.,1
https://t.co/fwn4onqeurpic.twitter.com/uw0ipmhar,1
https://t.co/j4fb2uyjsjpic.twitter.com/vttwfyayuq,1
https://t.co/lovhhvgykbpic.twitter.com/wdlbl2qhag,1
https://t.co/ntwhq72lvj,1
https://t.co/qsp6cmdajm,1
https://t.co/rjkrssiauj,1
"hudson,",2
hug,6
"huge,",8
huggin,1
huh!?!?,1
"hullaballoo,",1
humankind),1
humiliation.,1
"humongous,",1
humor,2
humphri,2
hurrican,7
"hurry,",1
"hurtful,",2
"hurts,",4
husband,1
hustl,5
hustle.,1
hutchison,30
hutchison.,1
hutchisonâ€™,5
hyperact,1
"hyperspeed,",1
hypothetical.,1
i,3
i'll,36
i'v,113
"ibaka,",9
ichiba,1
idea.,4
idli,1
idyl,1
"ignored,",1
ii.,4
ilic|,1
ill-advis,1
ill-advised.,1
illinoisÂ ,2
illusions:,1
illustrated',2
illustrated.,1
illustri,2
ilyasova,20
ilyasovaÂ wil,1
imageri,1
imagin,31
imagined.,2
immediately.Â th,1
"imminent,",1
"impact,",3
"impairment,",2
impetu,2
impli,1
important.,12
impossible.,3
impregn,1
impresario,1
impression?,1
imprint,1
"improbably,",1
impromptu,1
improvis,1
in-person,1
in...,1
inaction.,1
inappropri,5
inappropriate.,1
inattent,1
inc.Â ,1
inch.,1
incident.,5
incidents.Â ,1
incom,12
increasingli,13
incredible.,7
incredul,1
"indeed,",13
india,14
india;,1
indianapolisâ€”along,1
"indians,",1
indict,5
indiffer,1
"indifferent,",1
indigo,1
indyâ€™,2
information;,2
infuri,1
ingramâ€™,5
"initiatives,",1
inject,8
injured.,4
injuries).,2
injury.Â ,3
injury;,1
"innate,",1
innovation.,1
input.,1
"inscription,",1
insensit,2
insides.,1
"insistently,",1
instal,5
instant-replay,1
instruct,4
instruction.,1
instructor,1
insultingÂ hi,1
insurance.,2
"intact,",4
intangible.,1
integr,38
integrityâ€™,1
intend,22
intensity.,3
interest.,7
"international,",1
internet,6
interrupt,8
intimid,6
intrigue.,1
intrigued.,1
invari,3
investor,10
inÂ friday',1
ipad,2
ipamorelin,1
iron,7
"ironically,",3
irresist,1
irving),2
"is,",108
"is,Â i",1
is:,9
is],1
isabel,1
isbi,1
iso-,1
isol,16
isolated.,1
isolations.,1
issu,151
issue.,18
issues?,1
"istanbul,",2
isÂ offici,1
it),2
it.â€™,6
"items,",1
itinerari,1
itself.,11
itâ€™ll,13
iverson.,3
ivi,1
iÂ donâ€™t,1
iâ€˜m,1
j.e.,1
jabaripark,1
jacksonÂ averag,2
jahlil,15
jake,1
jamario,1
james'Â decis,1
james),1
james).,5
james.Â ,2
jamesÂ andÂ paul,1
jamesâ€™,57
jan,89
jare,14
"jaw,",2
jaype,1
jazz),2
jeann,3
"jed,",2
jefferson,9
jenni,1
jerami,6
jerk,1
jersey,80
jersey),1
jewelri,3
jilted.,1
"jim,",1
jive,1
"job,",21
job.'',2
jog,2
"johannesburg,",2
john,306
jojo,1
joke,22
jokes.,1
"jokic,",14
jon,34
jonesâ€™,1
jordan;,1
"joseph,",4
jostl,1
ju,1
judg,10
julianna,1
jump-over-a-car,1
jump-shoot,1
jumper,42
june,81
"just,",8
justifi,3
justin',1
justli,1
k.c.,4
k.j.,1
kaepernick,4
"kaepernick,",3
kais,1
kalob,1
kamau,1
kansas.,5
karl.,1
karnowski).,1
kasten,4
katrina,3
kauna,1
kawhi?,1
kawhiâ€™,1
kd,1
kdreturnsthunderpic.twitter.com/depd0uvgx,1
kdâ€™,1
kean,3
keeneÂ Â Â Â Â Â Â Â Â Â Â Â Â Â Â Â Â Â Â Â Â Â Â Â Â Â Â Â Â Â Â Â Â Â Â Â Â Â Â centr,1
keep,355
keke,1
kemba,32
ken,3
"kennard,",4
kenpom,1
kentucki,47
"kentucky,",4
kentuckyÂ ,5
kermit,1
kerr',4
kerr.,19
kerwin,1
kevon,3
key;,1
"khanna,",1
khyri,4
kiaÂ rooki,1
"kid,",10
kidd,55
"killed,",4
"killer,",1
"kind,",1
kindest,1
klan,2
knee,154
"kneeling,",1
knees.,1
knicks?,1
knicksÂ ,1
know.,20
knowledge.,2
knox,9
kobe,54
korkmaz,3
kosta,7
kudo,1
kukoc,2
kurucsÂ ,1
kwot,1
l.a.,64
la,109
labor,13
labs.,1
lac,2
lacob,2
"ladder,",8
ladder:,2
lage,1
laker.,3
"lakers),",2
"lakers,",74
lakers.Â ,3
lakers:,3
lakersÂ 108-92Â and,1
lakersâ€™,16
"lal,",3
lament,2
land.,4
landed.,1
"landscape,",1
lane,14
languag,7
"language,",1
languages.Â ,4
"lanier,",1
"lanita,",1
lap.,1
larcen,1
larg,34
large.,6
larkin,1
lastkiaseasonpreview:,1
late-clock,1
late-wint,1
late;,1
"lately,",2
later),1
latin,3
launch,36
"lauren,",1
"lauvergne,",3
lavine).,1
lavineâ€™,1
law',1
law.,7
lawmak,1
lawrenc,14
laâ€™,1
lead),2
lead.Â ,1
league',100
league-worst,1
league.,168
league.Â ,8
leagueÂ to,1
leagueâ€™,109
leandro,2
learned.Â ,1
leav,178
leave.,3
"leaves,",3
leaving?,1
lebron.Â ,1
lebronâ€™,23
ledger,2
ledlow.,1
ledoux,1
lee,31
left.,16
leftÂ in,1
"leg,",5
legal,42
"legalized,",1
"legend,",2
legend.Â ,1
legend:,1
leiwekeâ€™,2
lemon,1
"len,",1
lend,5
lengthen,1
"leonard,Â writ",1
leonardo,2
leonrd,1
"less,",3
lesson,12
leunen,3
level,125
level;,1
"leverage,",2
"lexus?,",1
"libya,",1
"lieberman,",1
life.,35
lift,35
lifts.,1
liggin,4
lighten,1
"lighthouse,",1
lightn,5
like,1172
likewis,3
lillard,58
lilllard,1
limbo,2
"limited,",1
limitless,2
lin,14
"lindsey,",1
"line,",33
line:,4
lineag,1
"lineup,",13
linger:,1
links:,1
links:team,1
linsan,1
lit.,1
"little,",4
liu,1
live-stream,2
live?,1
lived.,2
"livelikevr,",1
lo,350
"load,",2
lob.,1
"lobo,",2
lobs.,3
locker,112
locker-room,2
lockout-worthy.,1
lodg,2
lofti,2
logoâ€™,2
lone,20
"long,",17
long-bemoan,1
long-term.,2
longest,34
longtim,102
"lonzo,",2
"look,",9
"looking,",1
loop,1
loosen,2
"loses,",1
losing.,4
"lost,",11
lost:,1
loud.,1
"louisiana,",2
louisiana-monroeÂ ,1
louisvil,7
"louisville,",3
love),1
loveâ€™,7
low-post,6
low.,3
lower-wattag,1
lowest-output,1
lowlight,1
lowri,36
lowry',1
lowry.,3
"loyal,",1
loyalist,1
loyalti,8
"ltd.,",1
"lubec,",1
lucille.,1
luck.,4
luckier,1
"lucky,",1
lue',4
lue.,1
lunch,5
lung,1
luxembourg.,1
lyle,4
lyles.,1
m.c.?â€™,1
machin,7
mack,35
madeÂ 353,1
"madisonville,",1
madness,1
"madrid,",2
"madsen,",1
magic',4
magic.,18
mailbag:,3
mailbag:could,1
main,33
make-a-wish,1
"making,",3
male,11
males.,2
malibu,1
mall,2
mallet,1
mammoth,3
man',5
man-up,1
man.,49
manager),1
"manifest,",1
manner,6
"manufacture,",1
"manâ€™s,",1
mara,1
"marc,",1
marchÂ from,1
marcin),1
"marcus,",1
"marie,",2
"marijuana,",8
marin,2
markedÂ love',1
market.,7
"marketable,",1
marketplac,2
"markets,",1
markkanen),3
markÂ (minimum,1
marlin,2
marquette),1
marquette/usa,1
"martin,",6
marv,3
mask.,1
mass,3
massachusettsÂ ,1
massiv,26
master,19
mastermind,1
matched.,2
matchup,59
materialized.,5
math.,2
mathematician,2
mathiang,4
matter.,13
matter.),1
"matters,",1
matters:,1
matthews.,1
mature.,1
mav,22
mavericksÂ ar,1
"mavs,",2
"max,",4
maximum.,3
maya,2
"maybe,",5
mayo,3
mbah,42
mcadoo,4
mcadoo...,1
mccaw.,2
mcclellan.Â ,1
mcconnel,17
mccree,2
"mcgrady,",7
"mcgraw,",2
mckechni,1
"mcmillan,",1
mcnamara,1
mcname,1
mcrae,1
md.,1
me,5
"me,''",1
me.Â ,1
me?',1
mean?,8
mechanics.,3
mediator,1
mediaÂ that,1
"medical,",1
"medication,",1
medicin,7
meek,7
"meet,",2
meeting.,4
melas:Â i,2
"melas:Â Â offensively,",1
meld,1
meltdown,2
melton,3
melvin,3
member,108
"members,",5
memberÂ of,1
memo,6
memori,119
"memorial,",1
memory:,1
memphi,184
"memphis,",49
memphis:,2
men;,2
meniscus.,2
mentality.,3
"mentally,",4
"mentor,",3
mentor/fath,1
mercedes-benz,3
merchandise:,1
merg,2
merion,1
message-board,1
"metairie,",3
method,6
meticul,3
metropolitanÂ ,1
mexican,2
mexican-inspir,1
miami,188
miami'sÂ goran,1
miami2007,1
miamiÂ Â Â Â Â Â Â Â Â Â Â Â Â Â Â Â Â Â Â Â Â Â Â Â Â Â Â Â Â Â Â Â Â Â Â Â Â ,1
mich.,6
michaelÂ port,1
michigan;,1
michiganÂ ,2
"mickey,",1
microphon,1
microscope.,1
mid-convers,1
mid-court,4
mid-januari,1
mid-major,4
"mid-range,Â th",1
midair,1
"middle,",2
middle:,1
"middleton,",6
middletonÂ and,1
"middling,",1
midst,20
mighti,4
"mighty,",1
mihalich,1
mike.,1
mil,3
mileag,1
mileskey,2
"miller,",7
million),9
million.Â forb,1
millionaires.,1
"milwaukee),",1
"milwaukee-toronto,",1
milwaukeeÂ --Â th,1
"min,",3
mind,47
mindset,15
minimal.,1
minneapolis/st.,2
minnesota.Â ,2
minnesotaâ€™,8
"mintues,",1
"minus-11.0,",1
minus-44,1
"minus-9,",1
minutes.,86
miscommun,2
miser,4
misery.,1
mishaps.,1
misogyni,2
"miss,",2
"missed,",3
mississippiÂ ,2
mistaken.,1
mistoffele,1
mitch,16
mitchell',2
mitchell.,2
mitchellÂ wil,1
mlb.,1
mock,16
moda,5
model,8
molloy,1
moment?,1
mon.,1
monaco,3
monday-friday,1
monet,4
"money,",24
"monica,",3
monopol,1
"monorail,",1
monstrou,2
montana,5
"month,",43
"moore,",3
moore:,1
more-tel,1
more:Â ,3
morehous,1
"moreover,Â no",1
mose,4
moss,1
most-view,3
mother),2
motionÂ th,1
"motivated,",1
motleyÂ Â Â Â Â Â Â Â Â Â Â Â Â Â Â Â Â Â Â Â Â Â Â Â Â Â Â Â Â Â Â Â Â ,1
"motor,",1
mout,22
"moute),",1
moute.,3
moutekey,1
"mouth,",2
"move,",13
movement.Â ,1
movementÂ |Â fre,4
movementÂ |Â west,4
mover,3
mozgovÂ ha,1
mr.,20
mri),1
mtn,5
"much,",14
much-anticip,2
much-need,3
muhaymin,2
"multi-,",1
multi-billion,3
multi-tal,1
multi-threat,1
multi-year,10
murder,3
"murray,",8
musa|,1
musaÂ |,1
"museum,",1
mushidi,2
musician,2
must-se,2
mutual,8
mychal,2
myriad,1
mysteri,8
mystifi,1
n.y.,2
nada.,1
"nah,",3
nail-bit,1
"name,",6
"namely,",1
napier,7
narcissist,1
"nash,",9
native.,2
navarro,2
nawlin,1
nba).,1
nba-them,2
nba.com.),1
nba.com/offici,4
nba.Â ,5
nba?,3
nbaacademy.nba.com,1
nbaglobalcamp,1
nbapic.twitter.com/oc8ifszjxp,1
nbavot,1
nbaâ€”and,1
nbaâ€™,120
nbc,6
"nbpa,",1
"ncaas,",2
ndour,1
"neal,",3
"nears,",1
nebraska,4
necessarily.,1
neck,5
need.,7
negative.,2
negotiations.,3
neighbor,4
"neighborhood,",3
nerv,5
nerves.,1
nets),1
nets.jan.,1
"nevada,",5
nevadaÂ ,2
never,351
nevezi,1
new-look,9
new:Â markel,1
newli,19
newsday,1
newsha,1
"next,",11
next:,6
nfl,32
nhl',3
nhl.,1
nic,3
"nice,",2
nicholsÂ Â Â Â Â Â Â Â Â Â Â Â Â Â Â Â Â Â Â Â Â Â Â Â Â Â Â Â Â Â Â Â Â Â Â Â Â Â ,1
nickâ€™,1
nielsen,2
"night,",108
night:,3
night],1
nightlif,3
nights.Â ,1
nimh,2
nine,194
nine-plu,2
"ning,",2
nix,1
no-brain,4
no-look,1
no.,424
nobodi,53
"nodded,",2
noel',1
noel.,1
non-exclus,3
non-injuri,1
non-point,2
non-sport,1
non-stop,1
non-toronto,1
non-voc,1
nonsens,1
"nonviolently,",2
"normal,",1
nos.,4
not,123
not-so-dist,1
not.),2
notabl,17
"note,",1
note:,8
notebooks.,1
noticeably.,1
"nots,",1
nouaÂ |,1
novant,1
november.),1
now),1
now?â€™,1
nuggets.march,1
nuggets/buck,1
number.,2
"numbers,",6
numbers:,7
nuni,3
nurk,5
"nurkic,",11
nurkic:,1
"nurse,",3
nutritionist.,1
nuzzl,1
"nwaba,",2
nyc.,1
nyk,1
o',1
oak,11
oakland.,6
obama,6
obes,2
obradov,1
obscur,1
observer.Â ,1
observerâ€™,1
obst|,1
obviously.,4
occur.,1
"ocean,",1
oct.Â 17.,1
odds-defi,1
odom,3
of,12
offering.,1
office',1
office.,15
officer.,2
offseason',1
offseason.,32
often.,9
ofÂ hi,1
ofÂ th,13
"oh,",16
ohio.,2
okafor,38
"okay?,â€™",1
okobo,6
oladipoâ€™,2
"olajuwon),",1
olajuwon.,1
old.Â ,1
oliv,2
"oliver,",2
olshey.,9
olympian,1
"olynyk,",3
omer,5
on-court,24
onceÂ ,1
one).,1
one-and-a-half,1
one-day,1
one-man,6
one-on-one.,3
one-pro-team,1
one-round,1
one.Â ,1
one?,3
oneteamonestat,1
onexim,1
oneâ€™,9
onli,48
"online,",3
"only,",2
onu,1
"open,",9
opened.,4
opener.,9
opening-round,4
openli,5
operat,1
"operations,",12
operations:,2
operations],1
opin,5
oppon,123
"opponentsâ€™,",1
opportunist,2
"opposite,",2
oppress,1
opt-out,3
optimization.Â ,1
"options,",14
options:,3
oracl,39
orang,3
orbit,11
organiz,1
"organization,",34
organizations.,2
ori,1
origin,70
"original,",1
orleans.),2
orleans.Â ,1
orleans/angri,1
orleans?,3
orleansâ€™,9
orthopaed,1
os.,2
osby),1
"osman,",3
others).,1
others.,22
otto,15
oubr,15
oubre',1
oubre.,2
ounc,1
out-assist,2
out-compet,1
out-of-school,1
out.,114
outcast,1
"outlets,",1
outnumb,1
outspend,2
outspoken.,1
oval,1
over-und,1
overblown.,1
overdo,1
overhaul,17
overhaul.,1
overmatch,4
"overnight,",1
overpass,1
overpow,2
overse,6
overseas.,5
overseen,1
overstuf,1
overthink,1
overtur,1
overturn,2
overwhelm,14
overwhelmingÂ off,1
own.,8
"owned,",2
"owner,",10
oâ€™nealÂ wil,1
oâ€™nealâ€™,1
pace-and-spac,4
pacer.,1
"pachulia,",5
pacific);,1
paint?,1
palac,14
palpabl,1
panathinaiko,3
panic,9
"panicking,",1
pansa,2
papagianni,4
paper,6
paraguay,1
park,23
"parker,",15
parkerÂ and,1
parkerÂ told,1
"part,",25
"participants,",1
particularli,28
parties.,3
partli,5
"partners,",5
partners.Â ,1
partners:,1
party,2
party?Â if,1
pasecnik,3
passion.Â ,1
past?,1
patella,2
patient,17
"patrick,",1
pattonÂ ,1
paul),1
paula,1
pauâ€™,1
pavilion.,1
pavilionÂ on,1
paw,1
"pay,",3
payday,6
payout,1
payton,31
pbwa,3
peacemak,1
peacemakers.Â ,1
peak.,1
pelicans),1
pelicans.Â ,1
pelicansâ€™,16
peninsula.,2
pennsylvaniaâ€™,1
"pension,",2
peopl,431
people;,2
per,735
percentage.,13
percentil,2
"perfection,",1
"period,",14
perish,1
permanently.,2
"permits,",3
perpetr,2
"persistence,",1
person,157
personnel.,3
perspective.Â ,1
persuad,13
pertain,2
perus,1
pest.,1
peterson,12
"peterson,",1
phantom:,1
pharmaceut,2
phenom,3
phenomen,5
philadelphia),1
philli,60
philly',2
"philly,Â heâ€™d",1
philly.,9
philosophi,14
phoenix',1
phoenix.,6
phoenixâ€™,8
"phone,",2
phrase,8
"phrasing,",1
"physicians,",3
piano,1
pic.twitter.com/1j2bqmrc8m,1
pic.twitter.com/4nqehqshg2,1
pic.twitter.com/aa8mjwanel,1
pic.twitter.com/efmeykdftf,1
pic.twitter.com/imltzphixp,1
pic.twitter.com/me8zq1rjtw,1
pic.twitter.com/nsdwyfuqnt,1
pic.twitter.com/rwzmyplzsr,1
pic.twitter.com/sksgopafln,1
pic.twitter.com/subihfiizu,1
pic.twitter.com/u8jqubhpra,1
pic.twitter.com/xx5boz5p9w,1
pic.twitter.com/ysgjxvlzw,1
pic.twitter.com/zdkmliuts2,2
pick).,3
"pick-and-rolls,",2
pick.,66
pick.Â ,2
pickup,7
pickup;,1
pickÂ jalen,1
piece.Â ,2
"pierced,",1
"piffle,",1
pinch,1
pined.,1
ping,3
pioneer,5
pipelin,1
pipeline.,1
pit,3
"pitch,",1
pitfal,1
pitino),1
pj,4
place.Â ,1
places.,5
"plan,",6
plank,1
plant.,1
"plate,",3
plateau,3
platform',1
platform.,1
platinum-sel,4
play.,92
play.Â ,3
"playbook,",2
player.Â thatâ€™,1
players;,4
playerÂ ,1
playerÂ --,1
playerÂ who,2
playing,2
"playing,",15
playing:,2
playoff-high,3
playoff-stymi,1
playoff-test,1
playoffs.),1
plays),1
plays:Â ,2
pluck,3
"plumlee),",1
plumleeÂ (restricted),1
plumleeâ€™,1
plural,1
plus-16,1
plus-3.0.,1
plus-3.2,1
plus-700.,1
"plusses,",1
pmgolden,1
pmloser,6
pod:,1
podcastsÂ or,6
"point,''",1
pointi,1
"points,Â four",1
points.Â h,1
pointsÂ --Â to,1
poison,3
poleax,1
police.,2
"political,",1
"pomeroy,",1
pomona,1
poni,5
pool.,3
poorest,2
pop,20
popul,7
"por,",3
portend,1
porter',1
porter.,2
portion,17
portland',5
portland-san,1
portland.,10
"porzingis,",17
"position,",19
position],2
"positives,",1
possess,204
possession.'',1
possibly.,1
post-draft,1
post-gradu,3
post-jordan/scotti,1
post-season,4
"post-skills,",1
post-trad,5
"post-ups,",1
postseason).,1
postÂ on,2
pounds),2
poutine.,1
powder,1
powell2dapeoplearch,21
powell:Â they'r,1
power,120
powerhouse.,1
"pp100p,",1
ppg/5.2,2
ppg/7.5,2
ppgeric,1
"practices,",1
pre-confer,1
pre-draft.,1
pre-practic,1
preced,10
precoci,2
predica,4
preference:,1
preliminari,5
premier,25
prep,15
prepar,62
presal,1
presentation.,3
president',3
"president),",1
president.,5
presidents.,1
pressure-pack,1
pressure.,4
presti:,1
preston,3
pretension.,1
pretti,137
pretty.,2
prevailedÂ 119-117,1
"prevention,",2
previously.,4
price.Â ,1
"priceless,",1
pride.,2
priorities.,3
"prison,",1
"privacy,",1
privately.,3
problem.,15
problems.,7
proceed,4
"product,",2
production.,1
profession.,2
professionally.,1
professionals.,2
"profile,",1
profile:,4
prognost,1
project.,2
"projected,",1
projects.,1
prominence.,1
"promise,",7
promot,24
promotion.,1
promptli,5
pronounc,1
"prophetically,",2
propon,1
"proposal,",1
prospect'',1
prospect.,2
prospectâ€”with,1
prospectâ€™,1
protect,88
protocol,8
"prove,",3
provided.,1
provider.,1
prunti,14
psychology/ment,2
pt),3
ptsd.,2
public.,4
publicly.,3
puerto,3
"pugliese,",2
pulitz,1
"pull,",1
pulled.,1
punch).,1
punch.,3
punchlin,1
purpos,11
putt.,1
python,1
qualifi,60
"qualified,",1
qualifying.,1
qualiti,34
quarter.,39
queen,2
"question,",9
question:,33
"questions,",13
questions:,2
quick-heal,1
quickli,55
quiet,12
"quietly,",1
quinton,1
quit,61
quite.,2
r.c.,3
r.j.,2
racist,1
"rack,",1
radar,8
radio,17
rail,1
rainbow,2
rainbow-coif,1
rais,69
raise.,1
raised.,2
raiseÂ th,1
"rakuten,",2
ramja,1
ramon,5
rampag,1
"ramsey,",2
"ranadive,",2
rank,287
"rankings,",4
ranks.,2
rapidli,10
"raptors),",2
raptors.april,2
rapunzel.,1
rare.,1
rarityâ€”a,1
rasslinâ€™,1
rathan-may,1
rather,83
ration,1
rawl,5
re-enforc,1
re-establish,2
re-evalu,19
"re-sign,",1
reach,228
"react,",2
reactionsÂ ,1
"readers/watchers,",1
realiz,56
realize.,1
realized.,1
"really,",26
really:,2
realtristan13,1
rebal,1
"rebels,",1
rebound,740
"rebounded,",1
"rebounder,",4
rebounds).,1
rebounds.,52
rebounds.Â ,5
recaptur,1
recent,162
recess,1
recharg,2
recogn,31
recollection.,1
record.Â ,2
"recovery,",6
recruited.,1
"recruiting,",2
recuperate?,1
reddish,1
redick,33
rediscov,1
redshirt,7
reed-thin,1
"reeling,",1
"referee,",2
"reference,",1
"reform,",2
refresh,5
refuge,1
refurbish,1
regard.,2
regim,4
regimen,1
"region,",2
regul,14
regularity],1
"regularly,",1
regulated.,1
"regulation,",3
rehab.,4
"rehabilitation,",1
rehir,1
reid,1
reimag,1
relat,29
"related:Â Â kanter,",1
relationship.,4
relaxed.,3
releas,239
release.,9
release:Â thunderÂ ,1
release:Â Â net,1
released.Â ,2
relev,16
reli,12
relief,7
"reliever,",1
religion,1
remad,7
remaining.,8
remak,7
remember.,2
remnant,1
"remodeling,",1
removed.,1
renamed.,1
render,2
rendit,5
rental,5
"rep,",1
"replacements,",1
"replied,",2
report.,46
reportedlyÂ exercis,1
"reports,Â includ",1
republican,3
requirements.,1
rescind,8
rescu,6
"research,",1
reserves!russellwestbrookklaythompsongordonhaywarddraymondgreendemarcuscousinsmarcgasoldeandrejordanpic.twitter.com/m1mogqcje,1
reservoir,1
resident.,1
"residents,",2
resign,11
resignation),1
resigned.,1
resist,12
resolv,8
resolved.,3
resortsâ€™,15
respons,47
"response,''",1
response.,5
"responsible,",1
rest-advantag,2
"restaurants,",4
restricted,4
restrictions.,2
restroom,5
resume.,3
retaliation.,1
"retires,",5
retreat,1
return,369
retweet,2
revelation.,1
revert,3
review,29
review!,3
reviewâ€™,1
revolution,5
"rhetorically,",1
rib,4
richer,5
richmond,1
rieken,5
rifl,4
right,1615
right.â€™,2
"rim,'",1
rimes.,1
"ring,'",1
"ringer,",1
ringlead,1
rio.,1
rip,19
"rivers,",18
rivers:,1
road),1
robbin,1
roberts.,1
"robertson,",9
"robertson,Â larri",1
"robertson],",1
robinson,28
"rock,",2
rock-solid,3
rockets',11
"rockets,Â return",1
rockets.,31
rodney,30
"rodriguez,",1
rohlin,1
roil,4
"role,",8
role:,1
"roll,",3
"rolling,",2
romon,1
"ron,",2
"rondo,",11
rondoâ€™,8
rope,5
"rose,",23
rose:,1
roseann,1
roseÂ -,1
roseÂ averagedÂ 9.8,1
roster).,1
roster?,2
rothack,2
rough,23
rounders.,2
rovel,1
rowanÂ Â Â Â Â Â Â Â Â Â Â Â Â Â Â Â Â Â Â Â Â Â Â Â Â Â Â Â Â Â Â Â Â Â north,1
royalti,1
rpg).,1
rpg/1.04,2
rubicon,2
rudez,1
rug.,1
ruin,3
ruined.,1
rule,70
rulebook,1
rules.,5
"ruling,",1
"rumors,",2
run-up,1
run.,34
runner,3
runs.,6
russ,6
russell),1
russia,3
russian,4
ryta,4
"s---,",1
sa,1
sac,2
sacramento;,2
sacramentoâ€™,4
sacrif,4
saddl,1
sadli,2
safeguard,1
safeti,9
sage,5
"said,Â well,",1
said.Â wheth,1
said.Â you,2
said?,1
saidÂ h,1
salary-cap,5
"sales,",1
salley,1
saltier,1
samlimon_,2
sarver,1
"sas,",2
satisfact,6
"satisfaction,",1
satisfied.,1
saturday),1
saturday.Â ,1
saturdayâ€™,16
saunders',1
saunders.,1
savior,2
saw.,2
"sawyer,",2
saying?,2
sc:,13
scale.,1
"scan,",1
scandal,6
scarce.,1
scarf,1
"scary,",3
scaveng,1
"scenario,",2
scenario:,1
scene:Â although,1
scenery?,1
schedule.Â ,2
schlenk,8
schmidt,1
schoen,1
scholarship,8
school,132
school-ag,1
"school-based,",1
schroeder.,1
schuhmann',1
schuhmann:Â ,1
schuhmann:Â Â among,1
"schupak,",2
"scola,",1
scope,2
score.Â it,1
scoredÂ less,1
scoreless,5
scorerÂ in,1
scotto,1
scotu,5
scout.,4
scrambled.,1
scrap,6
scrape,1
scrappi,2
"scrappy,",1
scrawl,1
screamer,1
"screaming,",1
"screen),",1
screen.,8
screens.,10
"screws,",1
scrutin,1
season'sÂ here.,5
"season,Â averag",1
season-plu,1
season.Â th,3
season:Â ,2
season?,21
seasoned.,1
seasons.Â but,1
seasonÂ aft,1
seatÂ a,1
second-gener,1
second-lead,5
"second-rounder,",1
second-rounders.,1
second-unit,1
secret?,1
sedano.,1
see,511
see.Â they,1
seedÂ follow,1
seeing.,1
"seers,",1
segment,8
seismic,4
seiz,9
"self-awareness,",1
self-describ,1
self-reflective.,1
"sell,",3
selling.,2
send,82
seneg,2
senegal;,1
"sense,",4
sensibl,2
sensit,3
sentiments.,2
sentinel,3
"septum,",2
"serge,",2
series.,64
series.'',1
series.â€™â€™,1
seriously.,2
"servants,",2
service.,1
"session,",1
sessionsâ€™,1
set-off,1
set.read:,1
seton,3
"setting,",1
seven-footer.,1
seven-game),1
seven-rebound,1
seven.,4
sevenÂ assist,1
sexi,4
sextonÂ with,2
sh,1
shai,12
shaken.,1
shame,2
"shamet,",3
shank.,2
shape.,9
"shaun,",2
shaw,5
sheaâ€™,1
shed,5
shelburn,15
"shell,",1
shell-shock,1
shelton,3
shelvin,6
shinn,2
shocked.,1
shocker.,1
shoot,480
shooters;,1
"shooting,",36
shooting.Â ,1
shootingÂ and,1
shootouts.,1
shoots:Â 2016,1
shop,9
short.,2
shortcut,1
"shot,''",1
shot-block,5
shots;,3
"should,",1
"should-you-tank,",1
shoulder?,1
shouldn't,1
shouldnâ€™t,24
show,253
show.Â addit,1
showcas,25
showed.,1
"showing,",1
shows.,3
shrew,1
"shrewsberry,",1
shrugs.,1
shumpert,24
side,142
"sidelined,",1
sides.,7
sideshow,1
sidewalks.,1
sielski,1
sift,1
signe,2
"silence,",1
similar,37
similarli,4
simple.,2
simulcast,1
sin,1
sinc,593
since.,9
sinceÂ found,1
sing.Â ,1
singl,55
"single-elimination,",1
sioux,1
sit.,2
sits.,1
"sitting,",1
six-foot-f,1
sixers.Â espn',1
sixers?,2
sizzle.,1
skilesâ€™,1
skills.Â ,3
skillset,3
skin,13
skylin,2
slack,2
slain,2
slavica,2
sleek,1
"sleep,",6
sleeper,1
"sleeper,",1
slept,3
sloanâ€™,1
"slogan,",1
slovenian,4
slower,1
sluggish,1
slumber,3
"slumps,",1
slur,1
small-market,7
small-sample-size,1
smart?),1
smarts.,1
smartâ€™,1
smell,4
smith,172
smith:Â Â iÂ know,1
smother,1
snatch,6
sneak,5
"sneakers,",1
snuff,2
so,44
soccer-crazi,1
soccer.,1
"socks,",1
sojourn,1
sold,20
solid.,1
solution.,2
"somalia,",1
somber,2
"somehow,",3
"someone,",4
someoneâ€™,5
something?,3
somethingâ€™,3
someÂ in,1
"sonics,",1
soon?,3
sort.,1
soul,9
soulmat,1
sound,32
source.,7
southeastern,3
southern.,2
sox,3
spaces.,1
span,13
spare,6
spartansâ€™,1
spasms.,1
"speak,",3
speaker,1
specif,27
specimen,1
specul,21
"speights,",1
spellman,5
spend.,1
spg):Â simmon,2
spinal,1
splash,14
spoke,57
sponsor.,1
"sportradar,",1
"sportscastr.live,",1
spot-on,1
spot.,22
sprain.,5
spread,22
spree.,1
"spring,",2
springtime.,1
sprint,7
spruell,2
"spurs,",34
spurs.march,1
spurs:,5
sputter,2
squeez,8
sr.â€™,1
stackhouse.,1
"stafffer,",2
"stage,",9
stage:,1
"stages,",1
stamped:,1
stanchion,1
"standing,",2
stands.,2
stanley,4
stanton,1
staph,3
staples.,1
starbuck,1
start!,1
"started.Â but,",1
"starting,",3
"starts),",10
starts).Â ,2
starts.,7
stat,119
state',19
state-cleveland,1
"state-esque,",1
state-of-the-art,8
state.,39
stated.,2
statement,88
statements,3
stateÂ to,1
station,3
stats.,3
stats:Â 22.9,1
stats:Â 26.1,1
stats:Â 31.5,1
status.,6
staying.,1
steadi,16
steadili,5
steakhouse),1
steal-to-turnov,1
steal.,24
steamrol,2
steel,2
stein,8
stent,1
"stephen,",1
stephen:,1
stephenson,28
stevensâ€™,2
stick-ish,1
sticki,2
still-burgeon,1
still-raw,1
"stone,",2
stood,35
stopped.,1
stopper).,1
stopper.,1
stori,76
story.,6
story...,1
strain,19
strainÂ between,2
"strangely,",1
streak:Â jam,1
streaming.,1
"stress,",1
stretch,141
stride...,1
strip,9
stripes?,2
stroll,1
"strong,",3
strongest,4
"structure,",3
"struggles,",3
stub,1
stubborn,3
"stuckey,",1
student,33
study;,1
"style,",7
style:,1
sub-par,2
"subconscious,",2
subject.,3
subscript,2
subsidi,3
"substituted,",1
subtractions:,1
sudanes,1
"suffering,",1
"suggested,",3
suggests.,1
suhr,1
suicid,2
"suicide,",2
suki,2
sum,3
summer-leagu,2
summer?,3
sumÂ in,1
"sunday,",72
sunday:,1
sundayâ€™,10
sunsÂ andÂ milwauke,1
super-team,1
supermax.,1
"superstars,",1
supervisor,3
"support,",4
suppress.,1
supremacist,1
sure.Â itâ€™,1
surfac,11
"surface,",5
surfaced.,1
surgery.Â ,1
surgery;,2
surgically-repair,1
surprisedÂ if,1
"surprising,",2
surreal.,1
suspect?,1
swag,1
swankiest,1
"swap,",1
sweat,6
sweat-,1
swingmanÂ mik,1
switch,80
switzerland.,1
swoon,1
swung.,1
sympathet,1
"symposium,",4
symptom,9
synonym,2
syracuseÂ ,1
system,41
t-36th);,1
t-mac,4
table;,1
tada,2
tag.,2
takedown,1
taken),1
tale,3
talent.Â ,1
talk.,7
tall,8
"tallies,",1
tami,2
tania,10
"tankathon,Â th",1
tanker.,1
tanking?,1
"target,â€™",1
task.,3
taste.,2
tatumÂ Â Â Â Â Â Â Â Â Â Â Â Â Â Â Â Â Â Â Â Â Â Â Â Â Â Â Â Â Â Â Â Â Â Â Â Â Â Â ,1
tavariu,2
"tax,",2
taxes.,1
"teach,",2
teacher.,1
"team-building,",2
team-record,4
team/country,1
team;,3
teammate.,8
teammates.Â ,2
teammates.Â heâ€™,1
teammatesâ€™,2
teams,1
"teamsâ€”detroit,",1
"teamwise,",1
teamÂ trend,1
teamâ€”mayb,1
"tear,",2
"tears,",1
"technically,",3
technicals.,1
techÂ ,1
"tee,",1
teenag,16
"teenager,",3
teeter,1
tejedaÂ tel,1
telecast,9
"telecasts,",1
telethon,2
temple.,2
"temples),",1
"tempo,",3
ten-and-oh,1
tenant),1
tendon.,2
tenn.Â â€”,1
tennis.,1
tens,1
tenur,19
term.,8
termination.,1
terrenc,11
"terrible,",4
territory.,2
terror.,1
"test,",3
"testing,",1
testiâ€™,2
"tests,",6
tex,6
texas/usa,2
texted:,1
"thankful,",1
"thanks,",3
"that,â€™",1
that.Â i,1
that.Â it,1
thatÂ h,1
thatÂ leonard,1
thatÂ wal,1
theacademi,2
"theatre,",1
theblu,2
"theirs,",1
them.Â they,1
themselves.Â pow,1
"then,",67
"then,''",1
then-bul,1
then-mayor,1
then-no.,1
then-rooki,1
then-teamm,1
then-two-tim,1
then:,2
thenbpa,1
"theoretical,",1
theory.,1
there.),3
there.Â not,1
"thereafter,",1
thereof),2
"theus,",1
they.,1
theyâ€™d,42
theyâ€™r,193
theÂ dalla,1
theÂ devast,1
theÂ lak,1
theÂ liv,1
theÂ magicÂ sentÂ bismack,1
theÂ minnesota,2
theÂ new,1
theÂ satir,1
theÂ timberwolves.,1
theÂ toronto,1
theÂ warriors.Â ,1
thibodeau.,5
"thibs,",1
thielâ€™,1
thin,10
thing?,1
things).,2
things.Â ,1
"think,",16
third-best,7
third-largest,1
third-rat,1
this?,5
tho,1
thoma,250
thompson',6
thompson).,1
thompson.,16
thompsonÂ into,1
thompsonÂ Â Â Â Â Â Â Â Â Â Â Â Â Â Â Â Â Â Â Â Â Â Â Â Â Â Â Â Â Â Â Â Â ,1
thorn,6
"thornton,",1
"those,",1
though,164
"thought,",2
thought-provok,9
thought:,1
thrash,2
thread.,1
three,917
three-cent,1
three-point,102
"three-pointers,",4
three-team,21
three-year,26
throat,5
throttle.,1
throwback,2
"throws,",5
throws.Â ,1
thu.Â jun,1
"thunder,",18
thunder:,1
thunderÂ ,1
thunderÂ hav,1
thunderÂ of,1
thunderâ€™,13
tibial,2
"ticket,",1
tie,118
tighten,12
tilman,12
timberwolves:Â butl,1
timberwolves;,4
time-zon,1
"timeline,",3
timely.,2
timeouts,1
timeouts.,2
times.thatâ€™,1
timesÂ first,1
timesÂ report,2
timid,1
"timing,",2
timmy.,4
timofey,14
tiny,1
tip-off.,2
tipoff,4
tippingÂ off,2
tiptonÂ was!),1
tirad,2
tired.,3
tireless,5
title-clinch,1
title-contend,3
"tnt,",8
tntÂ â€“,1
to),1
to16,1
todaldridgetntgmail.com.,1
"today,",54
today:,1
"together,",36
together:,1
tokyo,5
told.,1
toll,2
tolliverâ€™,1
tomjanovich,3
tomjanovich;,1
tone.,4
tongu,2
tonight!,2
too,2
"too,Â report",1
"tool,",1
tool:,1
tooth,4
top-16,1
"topics,",2
topics:,1
torin,1
tornado,1
toss,8
touches.,4
"tough,",17
toughness.,5
tourgoers.,2
tournament,77
tournament-styl,4
"tournaments,",2
tout,4
town,47
towsonÂ ,1
toÂ anotherÂ level?,1
toÂ multipl,1
toÂ vladimir,1
tpe,2
track.,3
tracked.,1
tracks.,1
traction.,1
trade),1
trade-deadlin,1
trade.Â ,1
traded),1
trademark,3
tradeoff:,1
tradeÂ with,1
"traditional,",1
train.,1
tranquil,1
transaction.,1
transcend,5
transpiring.,1
transport,3
"trash,",2
traveon,2
tread,3
treadmil,1
treasures.,1
treatment.,2
tremendous.,1
triano.,1
tribun,14
trick,6
trickier,2
"triggered,",1
trio,15
"triple-double,",2
triple-double.Â Â Â ,1
triple-doubleÂ (27,1
triple-overtim,2
"trips),",1
trips.,3
trolled.,1
trouble.,8
trove,2
troy,7
truli,38
trusti,1
try?,1
tsai,4
tucker.,1
tuition-bas,1
tulan,2
"tunnel,",1
turbo-pow,1
turnovers.Â Â ,1
tv),46
tv:Â ,1
tv:Â Â nugget,1
"twang,",1
"tweeting,",1
"twice-hurt,",1
twitter,120
"twitter,",8
twitter:,10
two-decad,1
two-point,3
u.s.),1
uber-pest,1
uchenduÂ |,1
ugliest,1
uic,1
ulnar,2
ultra-comfort,1
unaccept,1
unbow,1
unbreak,1
"uncertainties,",4
unchanged.,2
uncharacterist,3
under-cov,1
under?,1
underachiev,2
underneath,2
"understand,",4
understandable;,1
understood,12
understood?,1
underw,27
undetermin,1
undress,1
uneducated.,2
unemploy,1
unexpectedli,1
unfair,5
unfairli,1
unfolding.,1
"unfortunately,",9
uninterrupted.,2
union',1
union.,6
universe',1
unlimit,1
unlv,5
unmistak,1
unnam,1
unnervingâ€”for,1
unnot,1
unoffici,5
unpack,1
unparallel,1
unprotectedÂ brooklyn,1
"unproven,",1
"unquestionably,",1
unrealistic.,2
unreason,1
unrestricted.,1
unseen,1
"unstoppable,",2
unsurpass,1
until,9
untrack,1
unveil,17
unveiled.,1
unwilling,1
unwind,1
up,20
"up,''",3
up...i,2
up.â€™,1
update:,8
"upgrades,",1
upside;,1
upstairs.,1
upâ€”h,1
us),1
usa,60
usab',1
user.,1
usher,5
"usual,",5
utah,151
utah)48.Â minnesota,1
utah-clipp,1
utahÂ Â Â Â Â Â Â Â Â Â Â Â Â Â Â Â Â Â Â Â Â Â Â Â Â Â Â Â Â Â Â Â Â Â Â Â Â ,1
util,10
utmost,1
"vacancy,",4
vacation,1
"vacation,",3
valid,7
valu,82
valuable,1
valuat,8
valuation.,2
"vanzant,",1
vaughn',1
vaunt,2
"vcu,",1
vegas.,20
vejl,2
ventur,6
venu,12
veri,4
versa,2
versatil,40
"versatile,",2
versatility.,3
"very,",11
vet,16
veteran,212
via,105
viabil,3
viable.,1
vibrant,2
vick,1
victim,5
"videotapes,",2
view;,1
vile,1
violenc,6
virginia,8
virginia),2
"visible,",1
vision.,7
vivek,13
vleet,1
vogel,9
voice.,4
voodoo,2
vosg,2
"vote),",1
votes).,4
votes.,9
voting?,1
vs.,340
"vucevic,",1
"wafer,",2
"waivers,",2
walker',2
walker.,3
walkerÂ |,1
walkerâ€™,1
wall;,1
wallace',1
wallet),1
wander,2
want.â€™,1
ward,3
"warkentien,",1
"warm,",1
warmth,1
warrior,722
"warriors,",79
warriors.Â ,9
warriors:,2
warriors],1
warriorsÂ fan,1
warriorsâ€™,66
wash,6
washingtonâ€™,24
wasnâ€™t,158
wasnâ€™t.,3
wasÂ ,1
wasÂ especi,2
wasÂ first,1
wasÂ suspend,1
wasÂ th,2
"watchable,",1
wave.,1
"way,",42
way:,2
waylaid,1
we'd,3
we'r,132
"we,",1
weakest,1
weaknesses.,2
weapon.,1
wear.,1
web.com,4
webb,2
wed,3
week!Â miss,1
week.Â w,1
weekday,2
weekwil,1
"weigh,''",1
weird,10
welcome.,1
"well-mannered,",1
wellb,1
weltsÂ and,2
wer,3
"were,",9
were],1
west',2
west.,22
westchester-long,1
what,151
whatev,111
whatsoev,1
whatâ€™,61
wheel,4
when.,4
where?,1
wherever.,1
whi,23
which.,1
whichev,7
whichÂ won,1
whiffed.,1
"while,",7
whine,1
whiparound,1
whirlwind,2
whitaker:Â i,1
whitaker:Â whil,1
whiteboard).,1
whitesid,14
who',27
whomev,4
"why,",9
why:,1
"wife,",25
"wilcox,",1
wilkin,7
will.,4
williamsÂ (restricted),1
wilt,13
wiltjer,1
wind;,1
windhorst,3
winerâ€™,1
wing,44
"wingspan,",3
winless,1
winning.â€™,1
wins!).,1
winÂ for,1
wipeout,2
wise.,1
"wish,",1
wit,22
withdrawn.,3
withdrew,1
withheld,1
within,81
withÂ 12,1
withÂ lo,1
wives.,1
wizards.Â ,1
wizards.Â jam,1
wizardsÂ forwardÂ markieff,1
wizardsâ€™,18
wojnarowski',1
wojnarowski.,8
wolv,60
women's',2
"won't,",1
wonder,47
"wondering,",1
wonÂ fiv,1
woof,1
word,62
work,666
work.Â ,1
work.â€™,1
"workouts,",1
workoutsâ€”on,1
"world,'",1
world-class,7
"worldview,",1
worried.,3
"worry,",1
worse).,1
worse.,5
worthi,18
"wouldn't,",1
wouldnt,1
wouldÂ ,2
wouldâ€™v,6
wow,6
wrap:complet,1
"wraps,",1
wrinkl,4
writer,85
written,41
wrong?,2
www.nba.com/summerleague.,1
www.nba.com/video/2018/04/20/20180420-philadelphia-76ers-miami-heat,2
wyomingÂ ,1
wâ€™,1
xavier,3
yahoo',1
yahoo.,2
yank,3
yaound,1
yaoâ€™,3
"year-and-a-half,",1
year-long,2
"year.Â simmons,",1
year;,2
years,1
"years),",1
yearâ€™sÂ sag,1
yes?,1
"yet),",1
yet.,38
ying-and-yang,1
york--,2
york.Â ,2
yorkâ€™,2
you'd,2
you'r,6
"you,",44
you?â€™,1
young).,1
youngmusik,1
your,12
yourself?,1
youâ€™d,21
youâ€™r,170
yr,1
yuchen,2
zachâ€™,1
zeke',2
zeke.,1
zeller,7
"zero,",2
zion,1
zipser.,1
zizic,8
zone,11
zormelo,1
|1,1
|Â 6-3,1
|Â denver,1
|Â duke,1
|Â florida,1
|Â hou,1
|Â kansa,1
|Â kentucki,1
|Â minnesota,1
|Â more,1
|Â player,2
|Â team,3
|Â washington,1
Â crvena,1
Â deserved!!!!,1
Â iâ€™m,1
Â jh:,1
Â kraus,1
Â lietuvo,1
Â lo,1
Â north,1
Â our,1
Â pinheiro,2
Â pois,1
Â san,1
Â the,25
Â then,1
Â tonight,1
"Â yes,",1
Â Â Â ,1
Â Â Â Â Â Â Â Â Â Â Â Â Â Â Â Â Â Â Â Â Â ,1
Â½,2
â€‹jason,1
â€”Â about,1
â€˜60,1
"â€˜60s,",2
â€˜80s.,3
â€˜I,12
"â€˜alright,",1
â€˜befor,1
â€˜big,1
"â€˜dad,",2
"â€˜dick,",1
â€˜go,3
â€˜he,2
â€˜hereâ€™,1
"â€˜man,",5
â€˜okay,1
â€˜okay.â€™,1
â€˜popsâ€™,1
â€˜thank,1
â€˜thereâ€™,2
â€˜thi,3
â€˜third,1
â€˜young,1
â€˜youâ€™ll,1
"â€˜â€˜again,",1
â€™07.,1
"â€™10,",1
â€™20?,1
â€¢Â and,2
"â€¢Â boston,",1
â€¢Â durant,1
â€¢Â marvin,1
â€¢Â michael,1
â€¢Â schuhmann:,1
â€¢Â the,7
â€¢Â trae,1
â€¦.weâ€™r,1
âœ”ï¸â€¢,2
ğŸŒğŸŒğŸŒğŸ”¥ğŸ”¥ğŸ”¥ğŸŒ´ğŸŒ´ğŸŒ´,2
ğŸŒğŸŒ´ğŸŒ´,1
ğŸ¯ğŸ¯ğŸ¯takenotenbarookspic.twitter.com/sfns1xuuzr,1
ğŸ’,1
ğŸ’¯,1
ğŸ“kevinlovepic.twitter.com/1ielkeoh1r,1
ğŸ˜‚ğŸ˜‚,1
ğŸ™Œ,2
ğŸ¤•,1
