$1.2,1
$1.45,1
$110,1
$15.2,1
$17.5,1
$245.4,1
$247.7,1
$266.4,1
$3.5,1
"$30,000",1
$31.5,1
$33.8,1
$4.76,1
$5,2
$600,1
"$700,000.",1
"$72,000",1
$8.45,2
$844.3,2
'even,1
'get,1
"'hmm,",1
'how,1
'it',1
'military-style',1
'one,1
'proper,1
'supporting',1
'us',1
'wait,2
'wow',1
"'yeah,",1
'yes!',1
'you'v,2
(!),1
(.750,1
"(1,052)",1
"(1,787)",1
(10),10
(11,3
(12.6,1
(13).,1
(13.4,1
"(14),",1
(149,1
(15.4).,1
(17),2
(19-15),4
(197),1
(1983-1992),1
"(2,076)",1
(2-6),1
"(20-13),",2
(20-16),3
(20.4,1
(2002-06),1
(2014-18),1
(21-10),5
(21-13).,2
"(21.0),",1
(22-11),6
(22-9),1
(23-12),9
(24),2
"(24-10),",3
(25,2
(25-8).,5
"(25-9),",11
(26-6).,1
"(26-7),",2
(26-8),11
(27-6),10
(28-4),9
(29-7).,1
(29-9),8
"(30-6),",4
(30-7),3
"(31-4),",1
(31-5),16
(31.3,1
(32,1
"(32-2),",4
(32-3),15
(33-1),4
(414),3
(6),6
(60th),1
(7.0),1
"(70),",1
(a,3
(all,9
(along,1
(although,1
"(and,",1
(bruis,1
(daytona,1
(edit,1
(edited),1
(friday),1
(guebert),1
(he,5
(hum,1
(irvine's),1
(left,2
(mike,2
(play,2
(pronounc,1
(sec),1
(they,2
"(usc),",1
(when,1
(white),1
(who,1
(with),1
),8
-6,2
-gari,3
...,143
...shakur,1
0,14
0-101,1
0-4,2
0.1,1
"1,012",1
"1,474",1
"1,600",1
"1,650,",1
"1,901",1
"1-0,",1
1-2,3
1-for-11,1
1-for-7,1
1.6,4
10),4
"10,000-ball",1
10-6,1
10-foot,1
10-of-17,1
10.3,2
100,19
101-0.,1
101-82,1
1011,1
106-60.,1
10:03,1
10:10,2
10:17,1
10:45,1
10:52,1
11,379
11-4,1
11-month,1
11-time,1
11.1,1
11.8,4
118th,1
11:25,1
11:46,1
11_block,1
11th-seed,39
12-2,8
12-of-24,1
"12-year,",3
12.6,1
124-49,1
"126,",1
128,2
12:05,4
12_oregon',1
12th-slowest,1
13-0,4
13-game,1
13.,18
13.4,1
135,1
137-90,1
13:48,3
13:55,1
"14,804",1
14-7.,1
14-year,6
14.2,1
14.9,1
14:21,1
"14th,",1
14th-rank,1
15-20,2
15-3,5
15.7,1
15th,11
"16,",41
16-12.,1
16-14,1
16-8,1
16-seed,4
16.5,1
16:,1
16:44,3
16th.,2
17),1
17-6,3
18,178
18-16,2
"18-24,",1
18-4,2
18.8,2
180-turn,1
184,1
19-10,1
19-17,3
19.6,1
1900,1
1919.),1
1935,1
1953-54.,1
1955-63.,1
1975-76.,3
1980-81.,1
"1982,",1
1984,2
1986.,4
"1989,",1
1991,4
1993.,6
"1996,",3
1997-2018.,2
1998,4
"1999-2000,",1
1:19,1
1:40,1
1:47,2
"2,449",1
2-0,2
2-7,3
2-of-22,1
2-seed,6
2.,22
20).,2
20-18,2
20-point,9
20-win,4
20.,7
20.4,1
2000.,10
"2003,",2
"2004-09,",1
2005,6
2007.,4
2008).,1
"2010,",4
"2010-15,",2
2010:,1
2012,16
"2013-18,",1
2014.,27
2015).,1
2016’,1
"2017,",14
2018),1
2019,13
21-19,2
21.2,2
21st,11
22-11.,1
22-point,2
22.7,1
221.,1
"23,",3
"23,096",1
23-1,3
23-21,1
23-person,1
23.5,4
"24-point,",1
25,137
25.8,5
26-24,1
26-9,1
26.6,2
261,1
"266,",1
27-0,1
27-32,1
27.,3
28-19,1
28-26,3
28-5,1
28-7.,2
285-pound,6
29-20,1
29-25.,1
29.0,1
29.7,2
29th,1
2:06,2
2:13,1
2:20,2
2:34,1
2:41,1
2:55,2
"3),",1
3-0.,1
3-5,3
3-for-7,1
"3-pointer,",16
3-pointer:,1
3.2,3
"30,",1
30-14,1
30-28,2
30-plu,1
30.5,1
31-22,4
31-29,1
32,57
32-28.,1
32-4,3
33-10,1
33-4.,1
33-game,1
33.6,1
34-18,1
34-32,1
36-18.,1
36-20,1
36-25.,1
36.7,2
36th,1
37-28,1
37-35,5
37.5,2
38-29,2
"38-30,",1
38-34.,1
38-point,2
380,1
39,11
39-23,2
3:21,1
3:28,1
3s.,22
3½,1
"4,000",1
4-27,1
4-3,2
4-for-10,2
4-for-17.,1
4.0,1
4.7,2
40-31,1
40-38,1
40-59,1
40.6,2
41-39,7
41.,5
42-26,1
42-33,2
42-40,2
"44,",1
44-28,2
444-328,1
45-15,1
45-29,1
46,9
46-14.,1
46-37,4
47-38,1
47-45,3
47.9-percent,1
48-0,1
48-37.,1
48.,4
49.2,1
4:15,2
4:22,1
4:36,1
4:50,1
"4s,",1
4s:,1
"5,",5
"5,200,",2
5-1,1
5-8,3
5-foot-11.,1
5-foot-5.,1
5-foot-9,1
5.5,2
5.61,1
50-25.,1
50-34,2
50-46.,1
50-year-old,2
51-47.,1
51-49,1
"51-50,",1
51.5,1
52),2
52-all,1
53,24
53-44,1
53-49.,2
53-51,1
54-50.,1
54-52,1
"54-53,",1
54.1-percent,1
55-46,5
55-53,1
55.4,1
"56),",2
57-41,1
57-55,5
"57-56,",1
57-year-old,1
"58,",1
58-35,1
58-54.,1
58-56,3
58-98,1
59),1
59-43,2
59-57,1
5:37,1
5:44,1
6),2
6-1.,1
6-6,4
6-8.,1
6-feet.,1
6-foot-2,8
6-foot-3.,1
6-foot-9,11
6.3,4
60,18
60-23,1
60-44,1
"60-45,",1
60-58,3
61-52,1
"61-53,",1
61-59,1
62-60,1
"63),",1
63-40,2
63-47,1
63-61,3
64-129,1
64-48,1
"64-49,",1
64-62,2
65-year-old,1
66),2
67,15
67-58,1
67-game,1
67.8,1
68-52,1
68-59,1
68-team,3
69-60,3
"69-61,",1
69-65.,1
69-67,6
6:03,2
6:10,2
6:17,1
6:24,1
6:38,1
6:45,3
6:59,1
7,142
7-4,3
7-6.,1
"7-foot,",1
7-foot-4,6
7-for-7,1
7-of-14,1
70-33,1
70-54,2
70-61,4
70-68,2
71-55,1
71-62,1
71-69,2
"72,",1
72-54.,1
"72-57,",1
72-63,3
"72-64,",1
72-70,1
"73-58,",1
73-62.,1
73-64,3
73-all,1
73-year-old,2
737,1
74,25
74-49.,1
74-65,2
74-70.,3
74.1,1
75-64.,1
75-73,10
75.8.,1
76-51.,1
76-53,3
76-65.,3
76-67,1
76-74,2
"76-75,",1
"77-76,",1
779,1
78-69,9
78-76,5
"78-77,",1
78th,1
"79,",7
"79-71,",1
79-77,5
7:25,1
7;,1
"8-0,",1
8-10,1
8-2,5
8-24,1
8.6,2
800,1
81,6
82-80,3
83-74,2
83.,1
84-54,2
84-61,2
84-68,4
85-62,6
85.7,1
"86,",2
86-70,4
88,10
88-72,5
"88-73,",1
8:05,1
8:26,1
8:40,1
"9,204",1
9-0,20
9-7,2
9-for-11,1
9-seed,4
9.,23
9.4,2
90-74,2
90-to-95,1
91-68,3
92-115,1
"920,000.",1
"93,",1
95,11
95-72,3
9:20,4
9:41,1
9:48,2
9:55,1
AN,1
BY,6
In,217
JV,1
Ko,11
Le,1
Mi,1
N.,1
NC,8
ON,16
Q:,7
UC,55
___,493
a,29
"a.c.c.,",1
a.c.c.’,3
aac,1
abate.,1
abdul,1
abigail,1
abroad.,1
abruptli,1
absent,2
absolut,7
absorb,3
abus,3
academ,13
academi,6
accessori,1
"accomplishments,",1
"account,",1
"accountability,",1
acquir,3
act.,2
action.,5
actor',1
added.,12
"adding,",5
adding:,7
"addition,",1
adelsperg,1
adept,1
"adidas,",2
adjustments.,1
administration;,1
"administrators,",1
admir,20
ado,1
adrian,2
advantage?,1
advoc,3
advocaci,1
affirm,1
aficionado,2
after,141
aga.,1
again?,3
agent.,1
aggi,51
aggrav,2
ago.,31
agoni,1
ahead.,6
ahmad,2
aiaw,2
"alabama,",7
alari,6
albeit,1
"aldridge,",1
alive;,1
all,57
all-pac-12,2
all-star,7
alldredg,1
allegations.,2
alone.,10
along,55
alreadi,72
"alston,",1
"alternatives,",1
alum,5
"always,",3
alzheimer',2
ames.,1
"amherst,",1
ami,5
amin',6
amin.,1
ampl,1
analysi,7
analyz,2
"and,",35
andr,3
angelo,1
angi,1
angry.,1
anguish.,2
"anigwe,",3
annex,1
anni,1
anniversari,3
annoyingli,1
anomali,1
antczak,1
antetokounmpo.,1
anxious,1
"any,",2
anyon,20
anyway.’,1
apart,11
"apiece,",1
apparel,4
"appearance,",18
appearances.,19
applicants.,1
arc.,46
"archrival,",1
aren,1
argument,6
aribal,1
aristocracy.,1
arizona',1
arizona.,4
around,102
array,2
"arrested,",1
arriv,38
arrow.,2
ass,1
assign,9
"assignment,",1
assist,278
assisted.,2
assisting.,1
assum,5
asu',1
at-larg,42
"atascocita,",1
athlet,132
athletes;,1
"athleticism,",4
"athletics,",4
attack,21
attain,1
attempt,111
"attempted,",1
attention.,3
"attorneys,",2
"attraction,",1
auburn),1
australian,4
autumn,2
"avail,",2
avenue;,1
"average,",1
avoid,23
award-win,1
award.,5
away.,30
"awkward,",1
ayton,3
babi,2
baby.,1
"back,",24
"backboard,",2
backbreak,1
backcourt.,3
backdoor,3
backer,1
"backs,",1
baggag,1
baker',1
"ball,",26
baller,1
"balls,",5
bankruptci,2
barboza,6
bare-knuckl,1
barely.,1
"barkley,",2
barrett,80
barri,8
"base,",1
basket,133
basketbal,306
basketball’,9
batch,2
baton,2
"battles,",1
"battling,",2
beach,2
beacon,1
bear,117
bears’,2
beat.,1
"beaten,",1
"because,",2
beciri,9
beckham,7
befor,15
began.,3
behalf,4
beilein,16
believ,47
bella,3
belt,11
bench.,32
bendu,3
"benefactor,",1
benefit,8
benford,25
benshpigel,1
berger,1
berry.,1
bertans',1
berths.,3
best,240
best;,1
bets.,2
"better),",1
bettman,3
beverley,3
bi,1
bicep,1
biden,2
big.,3
bill,37
"billings,",2
birdie-fest,1
bizarr,1
blackmail,1
blackson,2
blaine,1
blair,10
blake,3
"bland,",1
blanket,3
blare,1
blashil,1
bleacher,1
bloodi,2
bloon,2
blooper,1
"blue,",3
bohannon',5
"boilermakers,",4
boley,2
bolster,2
bolton,1
bomber,1
boo,1
"boss,",2
boston,12
bottom-lin,1
"bowden,",1
bowers',1
boys.,2
brace.,1
bracket',1
bracket-bust,2
bracket.,26
brackets?,1
brawler,1
"brazdeikis,",2
brazil.,1
breakdowns.,1
breakout,2
breakthrough:,1
"breath,",1
brendan,2
breslin,1
brice,1
"bridgeport,",2
brief,6
brigad,1
bring,35
brittney,1
broadly.,1
brohm,1
"brother,",4
"bruins,",6
bruins’,1
bruis,11
bruner,4
bryan,1
bubble.,2
buchanan',3
buchanan.,1
buckingham,1
bucknell—,1
budenholz,3
building.,2
"bulge,",2
"bummed,",1
burlington,1
burner.,1
burnt,1
"burst,",2
buscaglia,1
busi,29
business.,1
butt,1
buy,6
"buzzer-beater,",1
by.,4
byrd,10
byron,3
caesar,1
caldwel,1
calip,1
caliya,1
calls.,1
"calm,",1
cam,28
came,255
campu,13
cancel,3
canva,1
canzano,1
card,11
cardinals',4
cardinals.,7
carli,2
carlton,1
carolina,249
carolina',10
carolina.,49
carr,1
carrol,1
cartier,2
carver-hawkey,1
cases.,1
cash,6
cassar,2
"cast,",2
cat,1
"catalyst,",1
cbs',1
"celebrate,",1
celebratori,1
cement,5
center,106
"center,",15
central',1
central.,2
century.,2
ceo,2
"chair,",2
"chairman,",2
chapter,1
chapter.,1
"charge,",4
charit,1
charity.,1
charlott,11
"charlotte,",11
charts.,1
chat,4
cheating.,1
check.,1
chennedi,9
cheyenn,1
"chicago,",1
chicago:,3
chief,3
children,6
chinn,1
chloe,9
choic,8
"chuma,",2
chunk,1
clamp,18
clarenc,1
"clarke,",9
clarkson',1
class,24
"classes,",1
classy.,2
clemson,31
client',2
client.,2
"cline,",2
cliney,3
clip,5
clock,38
close,184
closed.,1
closeout,1
closer.,5
cloud.,1
clouden,1
co-champion.,1
co.,2
co.;,1
"coach,",48
coach:,1
coach’,3
coast',1
coast.,1
coat,1
"coffee,",1
cold-shoot,2
"colgate,",3
colgate:,1
coliseum.,3
collect,19
"collectively,",1
"collier,",3
"collins,",1
colonials),1
"colorado,",1
columbia.,2
columnist,3
come,281
come.’,1
"comet,",1
"coming,",9
"command,",1
commentari,1
commissioner',2
commissioner.,1
committee’,5
common.,1
community',1
community.,4
commut,2
compani,25
company',2
company.,6
compar,14
compet,50
competitive.,1
complain,5
complement,5
compliment.,1
complimentari,1
concept,1
concern,24
conclus,1
"conditions,",2
conference',12
conference.,27
confidence.,4
confident.,5
confluenc,1
"congratulations,",1
consecut,105
consistently.,2
consummated.,1
contemporary.,1
contenders.,2
"content,",1
context,1
conting,4
contingent.,1
continu,95
"continued,",2
contrapt,1
"contrast,",4
contributed.,1
contributors.,1
"control,",3
convers,7
"cook,",1
cooker,2
"cooks,",1
copiou,1
cornhuskers',1
coron,1
corosdale',1
corral,4
"corrupt,",1
corruption.,5
corsaro,4
cortison,1
"could,",3
"count),",1
"counted,",1
counterpart,1
countri,64
country',3
country.,21
coup,1
coupl,59
couples.,1
court,115
coverage.,1
cowboy.,1
crackdown,1
cramping.,1
craziest,1
crazy,1
credenti,2
"cremo,",1
crew,5
crisp,3
crooks.,1
crosse),1
crowd.,8
crowfield,2
"crumbled,",1
cub,1
"culture,",1
culver,25
"culver,",10
cunan,7
cup,14
custom,2
customari,1
cylinders.,1
d'marcu,2
dad,8
dahlberg,2
daili,9
"dakar,",1
dallas’,1
danc,11
dare,4
dariu,10
darl,4
darryl,7
data.,5
dawkins),1
day,150
daylight,3
dayton.,3
day’,1
"dazzling,",1
deadey,1
deaf,1
decade.,3
decim,1
decision-mak,2
"declared,",1
decosta,2
decreas,2
defect,2
defenders.,4
"defensively,",9
deficit,79
defin,8
defraud,2
degeneres',1
dehuman,1
dejuna,1
delauri,13
deleg,1
delight.,1
demarcu,1
demonstr,3
deni,16
"departed,",1
depaul,20
"depaul,",3
depaul:,1
depend,7
depth.,4
describ,20
desira,2
despondent.,1
detect,2
detector,2
deteriorating.,1
detroit',1
detroit.,2
devic,1
devils',12
devils-spartan,1
devils.,9
devour,1
de’aaron,1
de’andr,9
"dh,",1
diagnosi,1
diakite',1
diakite.,3
dial,5
diaz,3
"dick,",1
didn’t,31
difference-mak,1
difficult,39
difficulti,4
digna,2
diii,1
"direction,",6
direction:,1
directli,2
disabilities.,1
"disappear,",1
"disciplined,",2
"discrimination,",1
"disease,",1
disgrac,3
disgust,1
dishonestly.,1
disown,1
disregarded.,1
"distractions,",1
ditch,1
dive,2
divicenzo,1
divots:,1
"dixon,",1
"do,",21
do:,2
doesn't,2
dogs.,2
dominion.,4
dominion’,1
donald,8
done-that,1
done.,17
don’t,44
dooley,1
dor,1
dormant,1
dotson,3
dou-ble!,1
double-double.,7
double-teamed.,1
doubt.,1
"downcourt,",2
doyl,2
"drafted,",1
drafts.,1
draymond,10
dread,8
dri,2
drill,20
drink.,1
drove,34
"dude,",1
dug,5
"duke,",39
duke-ucf,1
duke:,2
dunbar,6
"dunbar,",1
dunham,2
dunleavi,1
"dunphy,",1
durant,4
"durant,",1
durr’,1
eagan,1
"eagles,",1
eagles’,1
earnings.,2
ease.,1
easili,13
eater,1
eatman,7
"eatman,",2
edg,53
edit,1
edson,1
efficiency.,3
effort.,6
efianayi.,1
eggnog.,1
eight.,24
eighth-,1
eighth-grad,1
"either,",3
either:,1
elaborate.,1
"eligibility,",1
elli,3
embrace.,1
emerg,14
employe,10
en,7
encount,3
encourag,8
enos.,1
enrol,4
entirely.,1
entry.,1
epic,6
epitom,2
erdogan,1
errant,2
erupted.,1
escaped.,1
estat,1
etern,2
"europe,",1
evalu,4
ever-evolv,1
everi,162
everybodi,43
everything.,4
everywhere.,3
exactli,32
exagger,1
exampl,6
exce,1
excel,5
excitement.,1
executives.,1
"exhibitions,",1
exhilaration.,1
"exit,",3
exonerated.,1
"expand,",1
"expectations,",1
expenses.,6
experi,40
"explains,",1
explod,3
expos,5
exposed.,1
extend,59
face.,6
facebook,3
"facetune,",1
"fade,",1
"fakes,",1
falling.,3
"famers,",1
families.,2
family?,1
fan,139
farokhmanesh,2
fashion.,1
"fast,'",1
fast.,4
fatal,1
"fault,",2
"fbi,",1
fdu.,1
"feat,",1
feat:,1
februari,12
feel.,1
feeling.,4
fees.,1
fell.,1
fend,4
"ferguson,",1
feroci,1
"ferocity,",1
"festival,",1
festival:,1
few,33
fgcu',2
fiction,1
"field,",30
fifth-fewest,1
fifth-rat,1
"fighting,",1
"figure,",2
"final,",16
final:,1
fine.,8
"finishes,",1
fire,75
firepow,3
firmest,1
"first,",13
first-quart,1
fit.,1
fitt,6
"five,",4
"fla.,",10
flameout,4
fletcher,21
flex,3
fli,15
flick,1
flips.,1
"florida,",19
florida:,5
"flub,",1
fluke,1
flummox,1
fly.,2
focus.,3
fold,1
folk,3
fondli,2
foolproof:,1
fordham',1
forfeit,1
forg,2
formid,2
forth,8
fortunate.,1
forty-f,1
forward,225
foul,202
four-block,1
four-guard,1
four-man,1
four-run,1
four-team,1
four-year,1
fourth-quart,2
fourth-year,1
fraction,1
fractur,3
fracture.,2
fractured.,1
"fragile,",1
"franklin,",2
fraudul,1
free,284
freeport-mcmoran,1
frequent,6
frese,7
freshman.,4
friday,193
friday',25
friday.,65
friday’,10
"fritzl,",1
frost,1
"frustrating,",1
"fsu,",1
"fuehring,",2
fultz,2
fundament,2
fundraiser.,1
funds.,1
funer,6
furyk.,1
"future,",1
ga,2
"gable,",1
gael,19
gaels’,2
gaethj,13
gain,16
galloway',1
gambl,29
"gambling,",4
game-high-ti,1
gamebreaker.,1
"garcia,",1
gardner,4
garland,2
gators',5
gators.,1
gave.,1
gaze,1
"general,",4
geographi,1
german,1
getting.,1
geu,3
ghoul.,1
giant',1
gilmore.,1
giveaway,1
given,46
"givony,",1
glass-sheath,1
glean,1
glitz,1
global,4
go,652
goal.,5
goe,30
goin,6
goldwire',2
goldwire.,2
gonzaga',13
gonzaga.,20
gonzales',1
gonzales.,1
goodin,2
goodin',1
gottlieb,5
governor,2
grad,4
grade,4
graduat,25
graduating.,1
grandstand.,1
granted.,1
grasp,2
gray,9
great,203
greensboro.,1
"grim,",1
"grinding,",1
grizzli,13
growth,4
growth.,1
guards.,5
"guess,",3
guitar,1
guitar.,1
gulch',1
gustafson',2
gustafson.,1
guthri,2
gutsi,1
guys.,16
hachimura',1
hachimura.,2
"hagans,",3
half,428
half-dozen,2
half-foot,1
half-hour,1
half-inning.,1
half-seri,1
"halftime,",35
halftime:,1
halfway,4
halt,1
hamblett,1
hammer.,1
"handle,",2
handler,1
hands.,4
haney,1
hang,31
hansen',1
"happens,",3
happi,38
hard-nos,3
hard.,15
hardaway,1
"harford,",1
has.,2
hate',1
hauser,4
hawaii,3
he,58
head-to-head,3
headach,1
"healthy,",2
heartbreak.,2
heartbroken,3
hearti,1
hebard',2
hebard’,1
heck,4
heckuva,1
heel,58
heinz,1
hell,2
helpless,1
helps.,1
hemp,2
henry’,2
herhoopstats.com,1
hernangomez.,2
hero,4
herro',7
herro.,3
"hesitated,",2
hideto,1
hiedeman,10
"hiedeman,",2
hiedeman:,1
high-scor,8
himself.,6
"his,",1
historic?,1
"history,",24
history:,3
hitter,2
hoars,1
hoiberg-nebraska,1
hoki,49
holder,1
holm,8
home.,26
honesti,1
hook,2
"hoop,",3
"hoops,",1
"hoosiers,",3
hopes.,1
"horn,",2
horner,2
host,45
hours.,2
"house,",1
https://twitter.com/jscollinsap,2
huchthausen.,1
huddl,5
hurdl,1
"hurley,",5
hurt.,2
huskies',5
huskies.,6
"hussle,",1
i-best,3
"ibis,",2
"iceland,",1
"iconic,",1
idea,9
ideal,3
ignomini,1
ignor,2
ill.,1
"illinois,",2
immedi,18
imperfect,1
import,40
impress,36
improp,1
"in,",39
in-arena,1
in-stat,4
in-your-fac,1
inaugur,2
"inc.,",2
inch,13
"including,",1
incompet,1
inde,2
independ,5
indispens,2
"individual,",2
inexperi,2
infam,2
influx,1
inform,29
"information,",3
"injuries,",9
"injury,",24
injustic,1
instance).,1
instant,6
interests.,1
intermission.,9
into.,1
investig,46
investigators.,1
"invincible,",1
invit,19
iona,22
irvine',1
irvine.,4
islam,3
island,8
isn’t,6
isn’t:,1
israel',2
israel.,2
italian,1
izzo',10
izzo.,9
i’ll,2
ja.,1
jacinda,1
jacket,5
jackson.,1
"jacksonville,",56
jacksonville:,1
jacob,1
jaelynn,4
jalen,28
jam,3
jame,41
jani,1
januari,10
jarren,1
jemari,1
jenna,4
jerri,6
jewett-gil,2
jobs.,2
johnson-chapman,1
jokingly.,1
joni,1
joseph,12
josh,16
joshua,2
journal,1
"journalist,",1
"joy,",3
jr.',2
judgment,1
jump.,1
"jumpers,",3
"junior,",7
justic,11
justice.,1
k-state.,1
kabengel,19
kaiden,1
kaitlyn,3
karl,2
kay,4
kazmaier,1
keep-away.,1
kerr,4
kershaw,1
kevin.drapernytimes.com,1
"key,",5
kfc,4
kia,1
kiara,8
kick-out,2
kicker,1
"kicks,",2
kids.,4
kihel,1
killer,1
"kim,",1
"kimmel,",2
"kiosks,",1
kiwi,2
klobuchar’,1
knee-sprain,1
"knights,",11
know,234
"knowlton,",1
korda,6
"kornegay,",1
kramer,1
kri,1
krystkowiak,1
kwale,2
kyi,2
l.r.m.c.),1
lab,2
label,5
labut,1
laci,3
lacross,2
ladder,3
laksa,2
lamb',1
lamont,9
land,25
landslide.,1
lansing.,1
laps,1
larson,2
"late,",5
late-break,6
late-night,4
late-season,7
later,72
"latter,",1
laud,2
laugh.,1
laughs.,1
lauren,14
laval,1
law,14
"lawmakers,",1
"lawrence,",1
"lawson,",4
"lawyer,",4
layoff.,1
layup,163
layupand,1
"leaders,",1
league-best,1
league-wid,1
leagues.,5
lean,8
leap.,1
leapt,1
learn,48
lebanon,1
led,416
left,408
left-handed,1
left;,1
"legal,",4
legalization.,1
legend,2
leggett-jack,1
lengthi,3
lens.,1
let',10
"level,",9
leverag,2
"lewis,",1
lexington.,1
leyland,2
lhp,1
licens,2
life,36
lifetime.,2
light.,1
lights.,1
lightweight,1
like?,1
likely.,3
lindsey,3
lineup,30
linger,5
lisa,11
"list,",2
lit,4
lob,11
lob;,1
lofton,3
long-rang,2
"longtime,",1
loose.,1
lose.,3
loss.,14
"losses,",3
losses:,1
loud,5
louis:,1
louisiana,27
lousi,1
low,18
low-,1
low-key,2
lowest-seed,3
lowest.,1
loyola-chicago',1
loyola-chicago.,1
lubbock.,1
luck,10
lucr,2
lue,1
luka,10
lump,2
lundqvist,2
"lunsford,",1
mabrey,2
"made,",1
mage,44
magnifi,1
magnific,1
maintain,17
mait,2
major,53
makai,7
"make,",1
maker,2
maladi,1
malik,15
malon,1
man,45
"mangakahia,",5
manhattan,1
"manhattan,",1
manifest,1
mann',2
mann.,1
mantra,2
manufactur,5
manut,1
man’,1
march.,18
marek,1
"margin,",3
marijuana,11
marinelli,1
"mariners,",1
mariners:,1
markel’,1
market,12
marku,17
marquette-syracus,1
marta,2
"martell,",1
marvel,4
marvin,3
mary's.,1
maryland-baltimor,9
mason,14
massinburg,10
masteri,1
materi,4
math,1
mathews',1
mathews.,1
matiess,1
matiss,3
matter,47
mattered.,2
matters,1
maul,2
"maye,",4
"mayfield,",1
mayhem-pack,1
"mays,",2
mcbrayer,3
mccormack,1
mccutcheon,3
mcdonald,2
mcgill,7
mcguir,4
mcguirl,1
mckay,4
mcmahon,7
me?,1
media.,2
medic,9
mediocre.,1
megan,18
megdal,1
"melo,",1
"men,",1
men:,2
mercer:,1
meredith,4
"messiah,",1
"mets,",1
"miami,",2
miami:,2
michael,22
"michigan,",32
michigan:,10
mid-rang,4
mid-second,1
middlemen,1
midway,42
mik,1
mike,83
milkwe,1
millions.,1
milwaukee',4
milwaukee.,3
mindboggl,1
minnesota',9
minnesota.,16
minor,9
minute.,10
miracul,2
mire,3
"miscues,",1
mishandl,1
"misplaced,",2
mistak,16
"mistakes,",3
miy,4
mlb,2
mobility.,1
modern,2
modu,1
"momentum,",5
mompremi,9
monarch,7
monitor,3
monotone.,2
montana-michigan,1
months.,4
monument,3
mood.,1
mooney,13
morant,157
"more,",11
more:,2
morn,3
morning.,3
morsell',2
mosque.,1
most.,1
mound.,1
mount,2
movi,3
moyn,1
much-herald,1
mulkey,28
multipl,21
multiskil,1
music,4
must,13
muszynski,3
"muszynski,",1
mvp.,5
myle,5
myself.’,1
"n.c.,",6
na,1
"nails,",1
naismith,14
nakagawa,1
napheesa,15
narrowli,3
natali,4
nathan,8
nation',47
nation.,5
"nations,",1
natur,9
naz,14
ncaa',20
ncaa.,7
neb.,1
nebraska',3
nebraska.,4
necessari,1
need,154
"needle,",1
neg,6
nelli,5
netherland,1
"network),",1
"network,",1
networks.,2
neuropsychologist,4
neutral,6
new.,1
nezerwa.,1
nhl,3
"niagara,",1
nights.,2
nine?,1
ninja,2
no,10
"noah,",1
nog.,1
nonconfer,8
norc',1
northwestern,2
norwood,1
nose,2
not?,1
nothing.,4
nowhere.,1
nowitzki',1
number,52
o,1
o'bannon,2
o'neal.,3
o.k.,8
oakland,3
oats',1
oats.,1
observ,7
occas,7
occasion,7
oct.,1
oddsmak,3
offens,163
offenses.,2
offensively.,3
offer,36
offici,62
oh-so,1
ohio,133
okeke',3
okeke.,2
okeke’,1
oldest,3
ole,8
"omega,",1
omiss,1
on.,25
"once,",8
one-and-don,18
one-bid,4
"onslaught,",1
"ontario,",2
oomph,1
oper,9
"opioids,",1
opportunity.,5
"orange,",3
orchestr,1
order.,1
oregon-kansa,1
orlando.,1
orphan,1
other’,2
ouster,1
out,8
out;,1
outdid,1
outing,4
outrag,1
outran,3
"outside,",3
ovc,3
"over,",14
over:,2
overcam,21
overcom,18
overcome.,1
overdu,2
overlap,1
overtime-forc,1
overtime.',1
overwhelmingli,1
own,18
oxon,1
"pack,",3
pact,1
paid.,1
"pain,",5
"painful,",2
pains:,1
"painter,",2
"panic,",1
panick,1
"panicked,",1
panthers',2
"paper,",1
par-5,4
parity.,3
partner.,2
partnership,3
"party,",3
"pass,",5
pass-interfer,1
passer,2
"passes,",4
passion.,1
patberg,5
patch,2
patrick,7
patrol,2
pave,3
pavel,2
payments.,2
peak,6
pearl,58
pedigre,1
"peek,",1
"pelphrey,",1
penetration.,1
penn,19
"people,",8
percent.,28
percentag,27
"performance,",5
peril,2
perimeter.,3
"person,",8
"personally,",4
"perspective,",1
petri,1
phase,1
philadelphia,11
philanthrop,1
physical.,2
"physically,",1
pick,167
pick;,1
pictur,118
picturesqu,1
"piece,",1
"pieces,",1
pile,5
pill,2
pitches.,1
pitino,38
platform,4
play,1190
play;,2
played.),1
player?,1
"players,",44
players:,1
playoffs.,6
plea.,1
plenti,46
ploy,1
plug,2
"podcast,",2
"points),",3
points?,1
"poison,",1
polici,3
polit,6
"poll,",5
pool,28
poorli,2
population.,1
posit,43
positions.,3
possibility.,1
possibl,33
postgam,14
postseason,24
"postseason,",2
potent,3
"power,",1
"powers,",2
practic,55
"pray,",1
prayer,3
precis,4
prefer,10
preparation.,1
"present,",3
press',1
press.,3
pressur,39
pressure-at-every-ch,1
presumpt,2
preval,1
previews:,1
previous,11
price,2
"principles,",1
prior,3
prioriti,1
pritchard,18
pritchard',3
pro-goph,1
pro.,2
probabl,61
probat,1
probation.,1
"process,",6
product,13
products.,1
"prognosticator,",1
program',17
program.,24
program’,6
prohm,2
proport,1
proposit,1
prospect,16
prostitutes;,1
protest,2
proudli,1
provis,2
psychologist,1
pulsat,1
purdue),1
pure,5
"purifoy,",1
pursuit.,1
pushing.,1
putt,8
quadrant.,1
quality?,1
"quarters,",8
"queen,",3
queen’,1
quenn,1
quest,5
quick,32
quote-unquot,2
r.p.i.,10
"radar,",1
radford',1
radford.,2
rage.,1
rahmani,1
"raiders,",3
rake,2
rambler,2
ramblers.,2
rampant,1
randi,4
range.,56
ranking.,2
rapid,2
rapper,3
rare,25
rashard,4
rasumussen,1
rattl,10
ray,1
"re-taped,",1
reaction,4
read:,1
"reads,",2
realign,6
realist,1
"realistic,",1
realli,311
reason,41
"reasonably,",1
rebound.,12
rebuild,6
reced,1
receiving.,1
rectangle.,1
"red,",1
reddish',2
reduc,8
reels.,1
ref,3
refin,2
refut,1
region’,5
regular,58
"regulations,",1
reign,19
reinvent,1
released.,1
relevant.,1
reliabl,6
relief.,8
remaind,2
remainder.,3
remark,18
rematch,28
reminisc,2
"renewal,",1
renov,1
"repertoire,",1
"replaced,",1
"reporters,",3
repres,32
representative.,1
"requests,",1
required.,1
resembl,4
"resources,",1
respond,38
"responded,",1
"rest,",2
"result,",3
result:,1
retired.,2
retrievers.,2
retro,1
return.,8
reunion.,1
reuters',1
revealed.,2
revenge-mind,1
revers,7
review.,1
richardson,10
"rick,",2
rickey,4
rico.,1
ricochet,1
ride.,2
ridge.,1
ridicul,2
"right,",5
riley,5
"rim,",12
ringing.,1
"ripped,",1
rippl,1
rode,2
"rookie,",1
rossignol,2
rotat,3
rotation:,1
roundtre,5
"row,",6
rowan,1
roy,18
rug,2
rules;,1
run,349
run-,1
run;,1
runner-up.,2
runners-up,1
"running,",1
russel,11
rust.,2
rusty.,1
ruth,4
ryan’,1
s.c.,32
saboni,1
sad.,2
sail,2
saint,38
"salas,",2
sale',1
sale.,1
saliv,2
sameul,1
"samuelson,",6
sank,24
sanogo.,1
sarcasm,3
saves.,1
saw,55
say.,2
scare,23
"scared,",2
schedul,29
schedule.,5
scheyer,2
schofield',2
scholar-athlet,1
scholarship.,1
school',18
school.,14
"science,",1
score,979
scoreboard.,1
"scorer,",18
scotch;,1
scott,14
scream,6
screens,1
scrutini,2
"se,",1
seamlessli,2
sean,3
second-ch,21
second-fewest,1
second-highest,6
second-lowest,2
seconds.,9
secretli,1
see-saw,1
see?,1
seed.,36
seeded.,1
seedings.,1
"seen,",1
seep,1
"semifinal,",9
seminol,78
"senegal,",1
"senior,",13
"seniors,",7
sens.,1
sensibility.,1
sentiment,1
sept.,1
sequence.,3
serbia,1
serena,1
serious.,1
servic,7
set.,4
setback,6
settl,21
setup,1
seven-year,3
"seventh-grader,",1
sever,72
sevillian,2
"shabby,",1
shaming.,1
shanghai,1
shanshan,1
"shares,",1
sharp-shoot,2
"shattenkirk,",1
shatter,3
shave,2
shayla,1
sheet,3
shepard,17
she’d,1
shi,16
"shining,",1
shirt.,1
shizz,2
shock.,3
"shoot,",4
"shooters,",1
short-term,1
shortag,2
"shortcomings,",1
shortli,10
"shot,",35
"shots,",59
shove,2
siena,2
significant.,2
sim,1
"similarly,",2
simpson',1
sinatra,1
"singapore,",1
singer,4
single-malt,1
sister,19
sit,37
site,10
"situation,",6
six-year,5
sixteen,4
"sixteen,",1
sixth,31
sixth-straight,1
sixth-year,1
sjerven,2
skeptics.,1
"skid,",1
"skittles,",2
skretta,12
skyler,1
"slagus,",2
slama,4
slane,1
sleepwalk,1
slid,1
slide,2
slight,4
slights:,1
"slocum,",2
slog,2
"slouching,",1
"sluggish,",1
small,22
smart',1
smart.,2
"smith,",10
so-cal,3
soap-opera,1
sob,2
social,15
"society,",1
solidifi,3
solidli,1
"some,",3
"somebody,",2
someth,108
sometim,33
"sometimes,",4
"son,",10
sophomor,99
sophomore.,1
"sophomores,",1
sort,24
sought,5
sour,2
"southeastern,",2
southeastern:,1
southland,7
southpaw,1
southwest,2
sovereignti,1
space.,2
spark,13
spartanburg.,1
spate,1
specialist,5
spectacular,3
spectat,3
speculation:,1
spell.,1
spencer,10
spieth',4
spillov,1
spoelstra,1
spokesman-review,1
spokesperson,2
"sports,",14
sports-bet,1
sports:,1
sportsmanship,2
"sportsmanship,",2
sport’,3
spot,70
sprang,1
spurt,13
squads:,1
squeaker,1
"st.,",4
stack,2
"stadiums,",3
stain,1
staley:,1
stall,2
stamp,4
stand.,3
stanford,93
start.,15
"starters,",3
state-bradley,1
state-colorado,1
state-texa,1
state;,1
"statement,",4
"statements,",1
steer,2
steinbrech,1
stellar,8
step.,3
stern,2
sterne),1
sticker,1
"stiles,",1
stink,2
"stirring,",1
"stith,",2
stock,9
stole,12
stomp,2
stopper,1
stops.,3
storm',2
storm.,1
stout,4
straight,280
straight-talk,1
strautman,2
stray,1
streaks:,1
strength,29
strengthen,1
stride,3
strike,5
"string,",1
stripe.,4
struggled.,1
strus',1
"student,",2
su,1
subdu,1
sublim,1
success.,7
successor,1
suck,1
sue,5
summari,1
summitt',2
sun',1
sun.,1
sunup,1
super,22
supertal,1
suprem,20
surest,2
"surgery,",1
surprisingli,5
"surprisingly,",5
surround,11
"survivor,",2
"swallow,",1
swanson,1
swat,12
"sweeping,",1
sweet-shoot,1
"swimming,",1
swing,8
swingman,2
switch.,2
sydne,1
sylvia,4
t.v.,1
"tabuse,",1
tag,2
tagalong,1
takes.,1
"talent,",5
talents.,1
talk,98
talli,12
tanihara,1
tanker,1
taryn,3
task,15
tatyana,2
taunt,1
taylor,26
"team,",91
team:,1
teammates.,15
teammate’,1
teams',2
teams.,39
tempt,1
"ten,",10
ten-riv,1
ten:,1
tend,11
ten’,3
term,24
terranc,2
"terrapins,",3
terror,1
testifi,3
"texas,",8
texas:,1
thaddeu,1
thailand,1
thank,52
that’,37
"the,",2
their,38
them.,68
then-ad,1
there,107
there?,1
they,387
third,264
third-plac,4
third-round,1
thirst,1
this?',1
thorough,1
thread,2
"threats,",3
three',1
three-hour,2
three.,6
thrill,15
thrive.,2
through,4
throw,212
thu,2
thumb,1
thump,5
thursday’,4
tide,9
tied.,1
timberwolves:,2
"timeout,",8
"times,",18
"tip,",5
tire,12
"title,",10
tizzy.,1
told,78
"tomorrow,",1
ton,7
tone,1
tonight.,15
too?,2
took.,1
top.,5
topic,2
toppled.,1
torn,4
total,55
tough-as-nail,1
tougher.,2
tournament’,17
"towel,",1
"towson,",2
towson:,1
trafford.,1
tragedy.,1
"trail,",3
trampl,2
transcript,1
translat,1
translator.,1
tre,24
tree,2
tremont,20
trent,6
trevelin,7
tribulation.,1
tribut,2
"tricky,",1
tries.,5
trio?,1
trip.,5
"triple-doubles,",2
trojan,6
trophi,3
trophy.,2
trophy’,1
"trump,",3
trustees.,1
tubbi,1
tucker,4
"turn,",2
turnaround,12
"turned,",2
"turner,",6
turnover.,3
"turnovers,",20
tweeted.,2
"tweets,",2
"twice,",4
"twist,",1
two-plu,2
tyle,3
"type,",2
typifi,2
ubiquitous.,1
ucf,58
ucla,69
udok,2
ukraine.,1
umpir,1
unadulter,1
unbeaten,9
unbelievable.,2
unblemish,1
unc.,1
uncommon,2
unconventional.,1
undef,5
underdog.,3
underdogs.,4
undergo,1
undersized.,1
underway.,2
underwrit,1
undisclos,2
uneth,1
uneven,1
"unfathomably,",1
unfortun,4
uniform.,1
"uninitiated,",1
univers,67
unusu,12
"up!,",1
up-tempo,2
up?,1
updat,7
upperclassmen,1
upset,142
"upside,",2
vacuum,1
valley,49
vanessa,3
vann,1
vari,1
variou,5
varsiti,1
vast,5
"vaughan,",1
vaughn,2
vegas-styl,1
vein,2
venues:,1
verbal,4
versa.,1
versu,7
veteran.,1
"veterinarians,",1
victories.,6
view:,2
viewership,3
viewerships:,1
violence.,1
virtual,8
vital,6
vivian,5
"vivians,",1
vmi,1
"vogelpohl,",1
volunteers?,1
vs,8
vulner,2
waco.,4
wade',5
wade.,4
wade’,1
"wager,",1
wagers:,1
waiver,2
walk-on,2
"walsh,",1
walter,1
walton',1
"walz,",2
wanna,1
"want,",2
wanted.,2
washington,174
watch,119
watching.,1
wave,7
ways.,2
weak,2
wealth?,1
wealthi,1
weaponri,1
wear,27
"weber,",1
wednesday',1
wednesday.,12
"week,",34
weekend,67
weekend',4
weekend.,28
weeks.,8
weigh,2
weiler-babb,3
welcom,5
"wells,",1
wesson.,1
west,190
westgat,1
westwood,1
whalen.,1
what?,2
wheelchair.,1
wheelhouse.,1
when,106
wherev,4
whew.,1
whip,7
whistle.,1
"whistles,",1
whittl,4
who,9
whole,48
whose,61
wiggins.,1
wildcat,164
wildcats’,1
will,57
"willard,",3
williamson!,1
wilson,10
win.,53
window.,1
winner-take-al,1
winningest,8
winslow,1
winston,61
"wisconsin,",7
wisconsin:,1
wise,13
wither,1
withhold,2
without,159
wizards.,1
wnit.,1
wobbl,1
woeful,1
"woes,",1
wofford,64
wofford-seton,1
wolfer,1
wolfpack',1
wolfpack.,4
"wolverines,",7
woman,6
women’,34
wonkish.,1
"woods,",2
wool,2
wooten,13
work?,1
working.,1
world),1
"worlock,",2
worri,13
worrick,1
worst,25
"worthwhile,",1
would'v,5
wouldn't,1
wouldn’t,3
wrestl,5
wright,35
wrist,7
wrote,12
www.twitter.com/pnewberry1963,6
wyom,1
x-ray,1
"xavier,",2
"ya,",1
"year),",1
"year,",180
year-to-year,2
year:,2
years.,88
yet,54
yield,6
young,67
you’ll,2
yurachek,2
yusei,1
yuta,2
zagoria,5
zeppos.,1
zonk,1
zylan,3
—,1314
‘back,1
"‘oh,",5
‘we’r,1
‘whi,1
•,1
