$%^!!,2
$1,16
"$1,000",1
$1.5,4
$1.5m,1
$10.1,1
"$100,000.",1
$106,1
$113,1
$119.266,1
$120,3
$125.2,1
$127,2
"$130,",1
$141,1
$148,4
$15,7
"$15,000",9
$15.13,2
$15.5,2
"$150,000",1
$162.5,1
$17.8,1
$18.6,1
$2.2b.,1
$2.3,4
$2.35,1
$24.1,2
$27.9,2
$3.8,2
$3.99.,1
"$350,000",1
$36,2
"$4,538,020",1
$4.6,1
$400,1
$50,6
"$50,000",4
$50m,1
"$550,000",1
$57,1
"$6,053,719",1
$64,4
$71,1
$71-million,1
$8,2
"$8,000",1
$8.5,2
$820,1
$85,3
"$92,000",1
$99,2
$99.093,1
''(i),1
"''60,",1
''85,1
''alexand,1
''armani',1
''behind,1
''blow,1
''bob-bi,2
''booker',1
"''but,",1
''cat'',8
''courag,1
"''defensively,",1
''dez,1
''everybody',1
''everyth,2
''frank,2
''hi,4
"''honestly,",1
''hopefully'',2
''horford,1
''horrible.'',1
''how,3
''i,356
''i'm,56
''if,29
''it,101
''it',126
''kevin,1
''late,1
"''listen,",1
''make,1
''malik',1
''marcu,2
''more,2
''northwestern,1
''one,9
''other,3
''peacefully'',1
''possessed.'',1
''renegotiate.'',1
''shot,1
''some,5
''split,1
''team,1
''there',16
''to,10
''we'v,59
''wichita,1
'16,1
"'96,",1
'do,2
'first,1
'let',1
"'look,",2
'mi,1
($17.8,1
($2.3,1
($24.1,2
($24.1m),1
($3.1,1
($785,1
"('07-08,",1
(+4.6,1
(+8.2),1
(-7.2,1
(.345).,1
(.352).,1
"(.472),",1
(.527).,1
(.568),1
(.576).,1
"(.759),",2
"(.808),",2
(.904),1
(0),1
"(0-22,",1
(0:46),1
"(1,326,059)",1
"(1,480,954)",1
"(1,865).",1
(1-10),1
(1-2),1
(1-2).,1
"(1-23,",1
(1.6),1
(1.6).,1
"(1.7),",1
"(10-13,",8
"(10-20,",4
(10-21),2
"(10-22),",3
"(10-5,",1
(10.6,1
(11),11
(11).,1
"(11-14,",11
(11-22),2
"(11-3,",6
(11-4),1
(11.1),1
(11.7);,1
(110,1
(113.2),1
(118.3,1
"(12),",3
"(12-1,",1
"(12-15,",4
(12-2),1
(12-4).,1
"(12.9),",1
(124.5,1
(13-0),3
(13-10).,1
"(13-16,",3
(13-17),3
(13-17).,1
(13-3,1
"(13-6,",4
(13.0,2
"(13.0),",1
(13.4),1
(13.7,2
(13th,1
(14,9
"(14-10,",6
"(14-17,",2
(14-18),3
"(14-19),",1
"(14-4,",1
(14.5,2
(15);,1
"(15-11,",8
"(15-2,",1
"(15-20),",1
"(15-9,",10
(15.0),1
"(16-12,",2
"(16-14),",1
"(16-7,",7
(16.1,4
(16.8,1
(162-59).,1
(163),1
(17)netrtg:,1
"(17-13,",3
(17-14),5
(17-14).,1
"(17-15),",3
"(17-5,",9
(17-6),1
(17.5).,1
(17.6,1
(179-206,1
(18),11
(18-15),3
(18-15).,1
"(18-3,",9
"(18.4),",1
(19-2),1
"(19-8,",6
(19-9),1
(19.9,1
(1956),2
"(1974-1978),",1
"(1983,",1
"(1984-92),",1
"(1985-86),",1
"(1987-88),",1
"(1994),",1
"(1994-95),",2
"(1997,",4
(19th)defrtg:,2
"(2,973)",1
(2-0),1
(2-11),2
"(2-14),",1
(2-7),1
(2.81-to-1).,1
(20)offrtg:,1
(20-10),2
"(20-6,",5
(2007).,1
(2007 draft,1
"(2010-12),",1
"(2011,",1
"(2011-13),",1
(2011-16),1
(2012),1
"(2013-14), allen",2
(2014).,1
(2015,2
"(2015),",3
(208,1
(20th,1
(21,9
"(21-10,",5
(21-11),3
"(21-4,",3
(21-46),1
(22);,1
"(22-9,",8
(23-1),1
"(23-7,",4
(23-8),1
(23.1,4
(23.8,1
(236,1
"(24-5,",2
(24-6),1
(25),10
"(25-7),",1
"(255-139),",1
"(26-1,",2
"(26-5),",1
(26-9),1
(26.8).,1
(27.0,1
(27.7,1
(28,5
(28-5),1
(29-3),3
(2:30,3
(3,4
(3-1,1
"(3-11,",1
"(3-18,",1
(3-5),1
"(3-6),",1
(3-for-20).,1
(3.2),1
(3.9),1
"(30,808)",1
(30.8,1
"(31,419)",1
(31.6,1
(317),1
(32),2
"(32.4),",1
"(33),",1
"(33-15,",1
(337th-best,1
(34.7,1
(34th,1
(35,1
(38.3),1
(38.5).,1
(38.6,1
(39),2
"(397,942)",1
(3x),1
(4);,1
(41.0,2
(43.3). ,1
(45.6,1
(46.4,1
"(47),",1
(47-for-92,1
(49,1
"(5-13,",1
"(5-20,",3
"(5-7,",3
(5-8),3
(5-8).,2
"(5-9),",1
(5.5),1
(5.8,2
"(500),",1
(51.4%,1
(51.8,1
"(52,",2
(52.6,1
(53),1
(54.2,1
(55.0,1
(56,3
(586,1
"(6-14,",1
(6-2,1
"(6-21,",1
"(6-5,",1
(6-6),2
(6.3),2
(6.3).,1
(6.6,1
(61.9,2
(63,2
(65.5),1
(65.8,1
(7),9
"(7,392). cheek",2
"(7,918)",1
(7-0,1
"(7-15,",8
(7-16),1
"(7-22,",1
(7-4),3
(7-4).,1
"(7.9),",1
(72-65).,1
(726-of-1599),2
"(752),",1
(77,1
(78.3,1
"(8),",1
"(8-1,",1
"(8-13),",1
"(8-16,",10
(8-2),2
"(8-23,",1
"(8-8,",1
(8.2,1
(80.6,1
"(8 et,",1
"(9,434)",1
"(9-10,",3
"(9-17,",4
"(9-21),",1
"(9-6,",1
(9-7),1
(90). ,1
(91,1
(91.2),1
(97-282,1
"(978,540)",1
"(99.3),",1
(9:30,2
(9th,2
([eric],1
(a),3
(alabama),1
(also,2
(anoth,1
(ap) -- nba,1
"(ariza,",2
(ast/fgm),1
(averag,1
(away).,2
(bad,1
(be,1
(bennett),1
(blazers),1
(bois,1
(bradley,1
(brian,1
(butler),1
"(cameroon),",1
(capt.);,3
"(celtics),",2
"(charlie_hall23),",1
(chicago,1
(chosen,1
(christmas),1
"(clippers),",2
(co-found,1
(colgate),1
(concuss,2
(crean),1
(croatia),10
"(croatia),",1
(ct),1
(currently),1
(darren,1
(det),6
(don,1
(don't,1
(down,1
(dwyan,1
(eastern,1
(elite),1
(especi,4
(exposed?),1
(facial,1
(favor,1
(fgm,2
(fifth,2
(fill,1
"(finley),",1
(first-plac,1
(france)aleksa,1
(france)darel,1
(france) ,6
(free),1
(from,33
(frontcourt),3
(game,40
"(gasol),",1
(golden,15
(guard,3
(ha,2
(hash)5moreyears.,1
(hawk,1
"(hawks),",3
"(hence,",1
"(hornets),",1
"(iguodala),",1
(ill.),1
(ind),13
(injur,1
(italy)michael,1
(jackson,1
(just,4
(kentucky),6
(kingjames),1
(kyri,1
(laker,1
(last,14
(left),12
(leg,1
(less,1
"(ljff),",1
(lost,1
(malikabu),1
(marc,2
"(mcgee),",1
(md),1
(mentor),1
(mercer,1
(middle),1
(mile,1
(miller),1
(milwauke,2
(minus-14.5,1
(minus-5.3).,1
(mou),1
(much,2
(mvc,1
(nate,1
(nbaacademy).,1
(nd) ,1
(nevada),2
"(nike,",2
(norman,1
(nov.,2
(ntilikina,1
(ny) ,1
(nyse:,7
(obtain,1
(odiase),1
(ohio),4
"(old,",1
(only?),1
"(or,",4
(over)react,1
(p)opt-in,1
(p.j.,1
"(pelinka,",1
(phil,1
(pho),1
(players and,1
(plus-13,1
(plus-18.5,1
(pun,1
(recal,1
(rememb,2
(right?,1
(roster,1
"(russell,",1
(saturday). ,1
(scorch),1
(seven,7
(shooting),2
"(smi),",2
(spidadmitchell),1
(state,2
"(statistically,",1
"(stephencurry30),",1
(summer,1
(sunday),1
(them).,2
(then,3
(these,1
(they),1
"(third),",1
"(thumb),",1
(trade,5
(training) camp,1
(trevor,2
(trevor),1
"(tuesday,",2
(ucla),3
"(warriors),",4
(watkins),1
(we,4
(west),1
(when),2
(which),1
(who),1
"(wisconsin),",1
"(yes,",3
(you,2
(zero,1
"(‘12),",1
+0.7,3
+3.1,1
+3.8,2
+5.4,1
",",6
--new,1
--toronto’,1
-- ,2
-- ed,1
-- get,2
-- if,1
-- it,1
-- it',1
-- mayb,1
-- memphi,1
-- milwauke,1
-- nba,3
-- seven,1
-- somehow,1
-- to,4
-- treveon graham i,1
"-- washington,",1
"-- well,",1
"-- which,",1
-0.2,1
-1.0,2
-4.1,1
-8.0,1
-9.5,1
-special-admit,1
"-student-athletes,",1
...).,1
....it',1
...broke,1
...teammat,1
... unless,1
.291.,1
.333,1
.403,1
.407                ,1
.417,1
.438,2
.445,1
.455                ,1
.459,2
.494,1
.528                ,1
.545                ,1
.837,1
.886,1
.900,1
.907,1
.dgreen_14,1
0-0,1
"0-3,",3
0-4),2
0-7,3
0-for-4,2
0.10,1
0.4,2
0.66,2
0.94,1
03/11/93,1
03/25/86,1
06/03/86,1
07/15/90,1
09/14/89,1
"1),",1
1)—the,2
"1,015",3
"1,134",1
"1,326,059",1
"1,330",1
"1,333.",1
"1,827",1
"1,904",1
"1,953",1
1-,1
1-10),1
1-13.,1
1-2),2
1-5,8
1-888-806-4833,2000
1-9),3
1-9).,1
1-and-1,4
1-and-1',2
1-for-14.,1
1-of-10,2
1-of-5,1
1-through-16,1
1.1d111cb8.1552927728.224ab540,1
1.2,18
1.32,1
1.46,1
1.9,17
1/2-minut,3
1/4 game,1
10%,2
"10,",68
"10,186",1
"10-1),",1
10-11,1
10-2,24
"10-5,",2
10-6),2
"10-8),",1
10-9,2
10-of-13,1
10-of-34,1
10-q,3
10-rebound,2
10.6,6
10. ,2
100),1
100-42,1
100-77,1
100-84,1
100-91,1
100.4,2
1000th,3
101):,1
101-78,1
101-99,2
101.2,7
101.9,2
102-86,1
102.0,1
102.7,1
103-102,2
103-73,1
103-94,1
103.5,1
104.3,1
105-101,1
105-68,2
105.1,1
105.8,2
106-104,2
106.6,1
107-91,2
107-98,1
107.4,3
108-85,1
108-92,1
108-99,2
108.9,2
109-106,2
109-79,2
109-93,1
10:06,1
10:13,3
10:20,1
10:27,2
10:30 et).,1
10:34,4
10:41,5
10:48,2
10:55,4
"10th-graders,",1
10 |,2
11),3
"11, at",1
11-0,24
11-4),2
11-7,5
11-of-19,1
11-point,25
11-screen,1
11.4,9
110,9
110-102,2
110.5,1
111-105,3
111.3,1
112-101,2
112-108,1
112-96,1
113-111,3
114-107,1
114-84,2
115-99,1
116): the,1
116-106,2
116-86,1
117,2
"117-101,",1
117-109,2
118-95,1
119-115,2
11:00,2
11:07,1
11:14,4
11:21,2
11:28,4
11:35,1
11:42,3
11:49,2
11:56,3
"11th,",1
"12),",5
12-,2
12-5,7
12-foot,1
12-of-20,1
12-year-old,2
12.2,5
12.9,7
120-plu,1
121.0.,1
122-103,6
123-113,1
124,2
124-123,1
125-105,1
129-99,1
12:01,3
12:08,2
12:15,4
12:22,2
12:29,3
12:43,4
12:50,2
12:57,2
12;,2
12th).,1
13-0),1
13-3,4
13-3.,1
13-point,18
"13-point,",1
13-time,3
13.0,8
13.7,11
130-103 game,1
130th,1
131,5
131-123,1
138,1
138.,1
13:02,1
13:30,1
13:44,1
13:58,1
13th,33
13th-seed,7
13th overal,1
14,666
14): the,1
14-1,12
14-18.,1
14-8,1
14-for-18,1
14-for-25,1
14-of-48,1
14.,44
14.5,11
145,1
146-word,1
"148,",1
14:10,2
14:17,1
15-16,5
15-6,8
15-6.,1
15-footer,3
15-for-27,3
15-game,3
15-point,14
15.3,10
156),1
156-player,1
158th,1
"159,010",1
15:25,2
15:32,1
15:39,1
16!,1
"16,337",1
16-1),3
16-10,1
16-4,6
16-first,1
16-team,1
16-year,2
16.1,6
16.8,11
16:40,1
16:54,1
"17,",64
17-18g.,1
17-2,5
17-9,1
17-of-26,1
17-point,12
17.6,8
17. ,2
171-110,1
173,4
17:13,1
17:27,1
17th-rank,5
18),4
18).,1
"18,000",1
"18,077",1
"18,350",1
18-0,6
18-12,2
18-7,3
18-for-54,1
180,3
180.,1
181. ,1
"185),",1
186th,1
187.,2
18:14,1
"18th,",1
19-13,3
19-5,4
19-point,10
19-year-old,25
19.2,7
19.9,1
"190,",2
1919-20,1
"1927,",1
1938.,1
194,1
194-187.,1
1945,1
1947-48,1
"1948,",3
1952,1
1952.,1
1953-54,2
1953-55.,1
"1955,",2
1955-56,2
1958-59,1
1959,1
1959.,1
196-214.,1
1961-62,1
"1962,",3
1963-64,2
1964).,1
1964-65,2
1965-66,1
1966,2
1966-67,2
1966.,1
"1969,",4
1970-71,2
1972-73,2
1973,3
1973-74,3
1973.,1
1974-75,3
1975-76,5
"1976,",4
1976-77,2
1977-78,2
1978-79,1
1979-80,3
1980,6
1980-81,2
1980.,33
"1980s,",1
1981-1985,1
1981-82,5
1982-83,2
"1983,",1
1983-84,3
1984),1
1984-85,1
1985-86,4
1986-87,3
1987,2
1987-88,2
1987.,2
1987. ,1
1988-89,2
1989-90,3
"1990,",4
1990-91,2
1991-92,3
1992).,1
1992-93,4
1993-94,6
1994,17
1994-95,2
1994.,4
1994. ,2
1995-1998.,2
1995-96,3
1996-97,7
1996-98.,2
"1997,",3
1997-98,8
1998),1
1998-99,6
1:01,6
1:08,2
1:15,3
1:22,5
1:29,4
1:36,1
1:43,2
1:50,6
1:57,3
1;,37
1b),2
1s,2
1st,10
"2,004",1
2-0),3
2-11),3
2-12).,2
2-3,8
2-7),3
2-7).,2
2-of-11,2
2-of-18,1
2-to-1,2
2-year,3
2.0,24
2.7,13
"20,587",1
20-3,2
20-of-29,1
20-points-per-100-possess,1
20.0,6
20.7,6
200-point,1
2001,12
2001.,9
"2004,",6
2004:,1
"2004–05,",1
2005),1
2005-08.,1
"2005-2008,",1
2005].,1
2006).,3
"2007),",1
2008,26
2008.,21
200th,2
2010-13.,1
2010-15,1
"2011,",28
2011-13?,1
2011-14.,1
2011:,1
2012),1
2012-15.,2
2013).,1
2013-14;,1
2013. ,3
2013;,1
2013 trade,1
"2014),",2
"2014, silver serv",1
"2014-15),",1
2014-17.,2
2014?,1
2015,119
2015.,33
"2016-17),",1
2017). ,1
2017-20.,1
"2018,",10
2018:,2
2019),1
2020. ,1
2022,9
2022.,3
208,1
20th,28
20th.,2
21,363
"21,000-seat,",1
21-1,1
21-11.,1
21-15,1
21-25.,1
21-8,1
21-game,1
21-of-35,1
21.,18
21.'',1
21.5,6
215,12
215-pound,3
215.,1
"22, 2017 to",1
22-6,3
22-year-old,11
22.3,2
222,3
"225,",2
225-pound,2
226),1
23-10,2
"23-16,",1
23-17,1
23-24,1
23.1,5
23.8,1
233rd,1
236,6
24%,1
"24,",59
24-11,1
24-18,1
24-2,1
24-9,3
24.6,2
"24.85,",1
24. ,1
24.  og,1
240),1
"240-pounds,",1
243,1
"245-pounds,",1
249-168.,1
25),4
25).,2
25-0,2
25-12,2
25-19,1
"25-foot,",1
"25-year-old,",1
25.4,6
250,9
250-pound,1
"26),",2
26-13,2
26-20,1
26.2,5
26.9,4
26th).,1
27-17.,1
27-21,2
"27-55,",1
"27-point,",1
27-year-old,11
27.0,1
27.7,4
271,1
278,1
27th,19
27th.,1
28,158
28-1,1
28-22,1
28-22with,1
28-footer,1
28-game,1
28.,16
"29-36,",1
29-6,1
29-point,2
29.3,6
29. brooklyn,1
299,1
2:02,9
2:09,8
2:16,3
2:23,5
"2:26,",1
2:30,19
2:37,3
2:51,1
2:58,2
2?,2
3,514
3',4
"3,000",2
"3,2,1",1
3-1,36
3-1.,3
3-13).,1
3-15,3
3-5),4
3-8,6
3-for-11,2
3-for-13.,1
3-for-3,1
3-happi,1
3-of-10,2
3-of-17,1
3-of-9,1
"3-point,",1
"3-pointers),",2
3-pointers.,86
3-pointers.3.,1
3.,86
3.48.,1
3.5,17
"30,000-point",3
30-17,2
30-24,1
30-27.,1
30-31,1
30-all,1
30-year-old,3
30.1,1
30.4%,1
30.8,5
300thgame,2
302nd,1
306,11
30       ,6
31%,1
"31,",35
31-21.,1
"31-24,",1
31-25,1
31-28.,1
"31-5,",1
31-9,1
31.6,6
32),3
32).,1
"32,000",1
32-12,1
32-19,1
32-26,1
32.4,6
327.,1
32 thi,1
32       ,1
"33),",1
33):,1
33-16.,1
33-23.,1
33-27,1
33-49pace:,1
33-of-65,1
33.9,5
33612-6408.,2000
34-21,1
34-28,3
34.0,3
34.7,3
348,1
34th,4
35,91
35-15,1
35-18.,1
35-22,1
35-game,1
35-year-old,5
35.,3
35.5,8
35.5.,1
36-23,1
36-year,1
36.3,1
360-degre,3
37-24,1
37-31,2
37.1,3
37.8,4
"378,718",1
37 ,1
"38,",5
38-18,1
38-25,1
38.6,4
39),1
39-0,1
39-19,1
39-22.,1
39-26,2
39-29.,2
39-36.,1
39-7,1
39.4,2
3:03,3
3:10,2
3:17,2
3:24,2
3:31,2
3:31.,1
3:38,3
3:59,3
"3fg%): kuzma,",2
3fg%/84.3,2
3s?,1
"4,500",1
"4,668",1
4-13),2
4-14).,1
"4-2,",1
4-23,1
4-3),6
4-3).,1
4-6,15
4-for-13,2
4-for-20,1
4-minut,1
4-of-16,2
4-seed,3
4.3,26
40-20,1
40-27,1
40-30.,3
40-34,2
40-percent,1
40.9,5
"400,000",1
40;,2
41-21,1
41-28,2
41-31.,1
41-35,4
41-41pace:,3
41.0,3
41.7,2
418,1
42,75
42-22,1
42-29,2
42.,2
42.5,1
43-26.,1
43-33.,1
43-37,1
43.3,2
44-24,1
44-27.,1
44-31,1
44-38,1
44.1,1
44.4%,1
44.8,1
441-82,1
446,1
"446,133",1
45%,1
"45,",6
45-14.,2
45-25,1
45-39,1
45-42.,1
45-second,1
45-year-old,1
46),3
46-36.,1
46-40,1
46-43.,1
46.4,4
467,2
"47),",1
47-34,2
47-35 and,4
47-41,1
47.2,2
47.9,1
"48,000-seat",1
48-28,2
48-42,2
48.0,2
48.7,1
49,42
49-15,1
49-36,2
49-43,1
49.,1
49.5,3
4:04,5
4:11,3
4:18,1
4:25,6
4:32,2
4:39,1
4:46.,1
4:53,3
4 recap,1
5-1),1
5-10,1
"5-2),",2
5-4,12
5-8),4
5-8).,1
"5-9),",3
5-foot,1
5-of-10,2
5-of-17,1
5-of-24,1
5-of-6,3
5.1,20
5.5-point,1
5.8,29
5. dallas6.,1
50-37,1
50-44,1
"50-50,",1
50-51,1
50-plu,4
50-point,5
"50-point,",1
50.3,2
50/50.,1
509,1
51-31,2
51-31pace:,4
51-34.,2
51-45,2
51-48.,1
51-all,2
51-item,1
51.1,6
51.8,1
511-288.,1
"52,",5
"52-45,",1
52-46,1
52-hour,1
52.6,7
52. utah,1
52nd,1
53),6
53).,1
53-0,1
53-33,2
53-47,3
53-50.,1
53.4,1
"537,168",1
54) i,1
54-48,4
54.2,3
54.9,3
"55-27,",2
55-35,2
55-42,2
55-49,1
55-52.,1
55th,3
56,28
56-43,3
56-50,1
56-53.,1
56.,3
56.34,1
56.5,5
57-37,1
57-44,1
57-51,1
57-54.,1
57.3,1
575-689,1
58-24,2
58-38,1
58-45,4
58-52,1
"58-of-58),",1
58.1,3
58.8,3
"59,",3
59-46,2
59-53,2
59-56.,2
59.6,1
"59.92,",1
5:05,2
5:12,1
5:19,5
5:26,4
5:33,2
5:40,3
5:47,1
"5v5,",2
"5’11,",1
"6,",50
"6-10),",1
6-11,23
6-2,29
"6-5,",1
6-6),2
6-6).,1
"6-7),",4
6-9,35
6-foot-10,22
"6-foot-10,",2
6-foot-5,8
"6-foot-7,",2
"6-foot-7-inch,",1
6-for-9,1
6-of-8,2
6.4-point,1
6.6,6
6. ,3
60),3
60-40,1
60-54,8
60.4,3
600,5
61-41,2
61-48,1
61-51.,1
61-55,1
61-58.,2
61-year-old,1
61.2,2
61.5%,1
61.9,2
62-42,2
62-49,3
62-56,8
62.0,1
63,33
63-43,2
63-50,2
63-57,5
63.,1
63.5,2
64-51,1
64-58,5
65-55.,1
65-59,5
65.8,3
656,1
"66,",1
66-39,1
66-46,1
66-53,3
"66-59,",1
66-60,2
663,1
67),1
67-40,1
67-61,6
67.4,1
670,1
67th nba,1
68):,2
68-48,1
68-62,4
68.2,1
"686,825",1
69-35,1
69-56,2
69-63,7
69.0,1
6:06,1
6:13,1
6:20,2
6:27,3
6:27.,1
6:34,2
6:41,1
6:48,2
6:55,4
6’,5
6’5,1
6’8.,1
7),6
"7,024-yard,",1
7-0,37
7-0.,1
7-10).,1
7-12,2
7-4),6
7-4).,1
"7-5),",3
7-7,8
7-for-10,1
7-for-17,1
7-of-10,6
7.4,11
70,36
70-60.,1
"70-63,",1
70-64,2
70-67.,1
70.,1
70.5,2
71-51,1
71-58,1
71-65,4
72-45,1
72-52,1
72-55.,1
72-59,2
72-66,4
"73,",2
73-60,4
73-67,2
73-70.,2
73-9.,1
73.6,1
74),1
74-54,1
74-68,3
74-71.,1
746th,1
75):,1
"75-253,",1
75-55,3
75-62,4
75-69,3
754,1
76-49,1
76-70,2
76-73.,1
76.7,2
76er,178
"76ers,",20
76ers:,1
76ers: th,1
77,11
77-43,1
77-57,1
"77-63,",1
77-71,2
77.,1
78): the,1
78-58,1
78-72,5
79-38,1
79-59,2
79-66,2
79-73,2
7:00,4
7:14,2
7:21,1
7:28,3
7:35,1
7:42,4
7:49,1
7:56,1
"8),",1
8-10),4
8-2),4
"8-3),",1
8-5,9
8-5.,1
8-9),1
8-all,1
8-for-12,2
8-for-9,3
8-year-old,1
8.2,8
8.3. ,1
8.9,12
"80,",6
80-53,2
80-63.,1
80-67,3
80-74,1
81),1
81-68,3
81-75,1
81-78.,1
81.4,1
82-55,2
82-69,1
82-73 in,1
82-76,2
82-game,8
82-second,1
82.5%,1
824,3
83-49,1
"83-62,",1
83-66.,1
83-70,3
83-77,4
83.7,1
84,6
84-57,1
84-78,1
84-year-old,3
84.,2
84.1%,1
84.8%,1
85-51,1
85-72,3
85.6%,1
86-73,1
86.8,1
866,2
87-67,1
873,1
"873-380,",1
88-54,2
88-75,1
89-76,3
8:01,1
8:08,4
8:15,6
8:22,2
8:29,4
8:36,1
8:43,3
8:50,1
8:55am,1
8:57,2
8;,1
9-0),3
"9-1),",1
9-3,13
"9-8),",2
9-for-14,1
"9-for-50, th",1
9-of-10,2
9-of-17,1
9-to-5ers.,1
9-trillion,1
9.0,14
9.7,4
"90-55,",1
90-56,1
90-77,1
90-87.,1
90.7,1
90th,1
91,6
91-85,2
91.,1
"92-85,",1
92-86,1
92-89.,1
93-66,1
93-73,1
93-87,1
93.8,1
941st,1
95-54,1
95-92.,1
95.4,1
96-76,1
96.2.,1
96.7).,1
964,1
97.7,2
98,4
98.5,2
99-93,1
99.3,3
999,1
9:02,3
9:09,1
9:16,3
9:23,4
9:30,3
9:37,5
9:44,1
9:44.,1
9:51,2
9:58,4
9th,1
:,3
:01.1,1
:06,1
:34,1
>> 2018,1
A,605
A.,4
AC,1
AJ,3
Am,6
At,207
BG,1
BU,2
"D,",2
EL,5
Fe,5
GM,131
H.,12
IG,1
IN,29
IU,3
JR,11
"K,",1
Ky,1
La,31
Lo,3
Me,4
O,4
Of,82
P2,1
PG,7
SE,2
So,390
TP,2
UF,1
UT,6
Up,8
Zo,2
[14]:,1
[1]:,1
[1]: they ar,1
[8]:,2
[allen],1
[basketbal,1
[brandon,2
[bruin,1
[daily_cut.college-basketball]​​soon,1
[derozan],1
[durant] wa,1
[editor’,1
[espn;,1
"[expletive],",1
[fga,1
[gasol],1
[harris],1
[have],2
[john],1
[kyle,1
"[leonard],",1
"[morris],",1
[no.],1
[nr]:,2
[offense] for,1
[our,1
[pelican,1
[playing],1
[referee],1
[smart],1
[t]he,1
[the,12
a&m-cc,2
a&m;,1
a),6
a-brew,1
a-plu,1
"a.m.,",5
a.m.-noon,1
a.m.:,1
"a: man,",1
aaman,5
abc,7
abc',1
abc.,3
abdominu,2
abductor,2
abdul-malik,3
abdullah,4
abdur-rahim.,1
"aberdeen,",1
"about,",28
about:,1
"above,''",1
above-replac,1
"abrines,",3
absentia,2
"abt,",1
"abu-salha,",2
"academy,",4
academy. ,1
"acc,",10
acc:,1
accessible.,2
accident.,8
"accomplish,",3
accomplished.,6
according to,1
accounts),1
accur,10
aces',3
"achievement,",2
achingli,1
ackerman,1
acox,4
acquired julyan,1
"acting,",1
actions.,6
"activity,''",1
acu,1
acut,6
adamantli,1
adapt.,2
add,3100
address,2069
adductor,4
"adelaide,",1
"adjust,''",1
adoni,5
adults.,6
advance.,4
advic,13
aesthet,2
afar.,1
affect,62
afford,32
afro-american,3
after-effect,1
afternoon',2
afternoon.,19
afternoon. and,1
afterschool,1
afterwards.,1
again.'',5
again;,1
against a,1
"age,",10
age:,2
agency,1
agency/opt,1
agency offici,1
agenda,8
agents),12
"aggies,",3
aggression.,4
aggressive;,1
"agility,",1
ago.),2
ago?,1
agreement.,3
ahead?,1
ahm,3
ahman,3
ainge.,3
airway,1
"akana,",1
akbar,1
akil,1
akron,41
ala,1
ala.,18
alabama,90
alandis,3
albani,21
"albany,",6
alberto,1
alcott,1
alexand,41
alexander',4
alexander. ,1
alexander’,1
alien,1
"alive,''",1
ali’,3
all).,1
all-america,22
"all-america,",1
all-american.,3
all-around,15
"all-defense,",1
all-euroleagu,2
all-glu,13
all-intern,1
all-nba/dpoy,1
all-southeastern,1
all-star/all-nba,1
all-stars,1
"all-stars,",10
"allen,",16
"alley-oop,",1
alley-oops.,2
alley.,1
allot,3
allowed),1
allowed).,1
alright,3
alright?’,1
also,1357
"also,''",1
also.,3
altern,15
altman,67
alv,2
amad,2
amak,7
amanda,7
amar,2
amar',1
amar’,1
"amateurism,",1
amazon,9
"ambassador,",2
ame,4
american),6
american-born,1
americanairlin,5
america’,2
amnesti,1
amok,1
amongst,6
amount,43
analyst.,18
analytics.,1
andel,3
"andersen,",1
andino,2
andra,1
"andrade,",1
andrew.,1
and ,1
and a,2
and andr,1
and associ,1
and coach,1
and construct,1
and could,1
and josh,1
and kob,1
and namon wright,1
and shoot,1
and smith-rivera,1
and tristan,1
and west,1
and—thi,1
angl,7
angri,10
angst,6
angst.key,1
ani,30
anim,8
animated.,1
ankle,1
ankles;,1
anne',2
"announcement,",4
announcement:,1
annoy,8
annual,54
annually.,3
annually—without,1
"anonymity,",1
anoth,658
another first,1
another glut,1
answered.,2
"answers,",2
answers:,1
"anteaters,",1
antelop,4
anterior-cruci,1
"anthem,",4
anthoni,287
"anthony-towns,",2
anthony reportedli,1
anti-discrimin,3
anti-tamp,1
antic,3
antithesi,1
antonio!,1
antonio19. atlanta,1
antonio wa,4
antwan,1
antwon,3
anunoby had,1
anxiety.,6
"anxious,",1
anybody.'',1
anymor,3
anymore;,1
anyone's.,1
"anyone,",8
anyway.,17
anywhere.),1
anzej,1
apg),9
apg).,5
apg/8.1,2
apost,1
appendectomi,1
applaus,3
applebee’s.,1
apples-to-appl,1
applicable.,1
appoint,5
appreciated.,1
approach.,17
approached.,2
"appropriately,",1
approve.,1
april.,13
april. ,3
arbor,2
archi,6
archiv,185
archives.,1
arcidiacono.,1
arcidiacono in,1
arc—it’,1
arduou,2
"are,''",4
are. ,1
arena,171
arena. everyon,1
are on,1
"argument,",2
aris,1
ariz.,8
arizona’,4
arjaniec,2
ark.,6
arkansas-littl,1
armelin,1
"armhole,",1
arms—a,1
around-the-clock,2
arrest,24
"arrival,",1
arrival:,1
"arrive,",1
arrived.,7
arrog,4
arron,2
arsen,4
arthroscop,10
artino,6
artist.,1
arvyda,2
aryon,1
arziona,1
asa,2
"ascending,",1
aschburner: mi,1
aschburner:  good,1
ash,6
"ask,",5
ask:,2
asleep.,1
aspect,26
asphalt,1
assassin,7
assert,13
assets. ,2
assist/turnov,1
"assistant,",5
assists.,142
assists a,1
assocait,2
association).,2
"assume,",1
assumpt,5
"assured,",1
"astounding,",1
as a,1
as hayward,1
at&t,10
at-risk,5
atar,2
ate,3
ate.,1
"athens,",9
athletic,31
athletic.,6
athletically.,3
atkinson,9
atl,1
atl.,1
atlanta);,1
"atlanta,",30
"atlanta-washington,",1
atlanta:,4
"atmosphere,",3
"attacking,",1
attendance.,7
attention?,1
attitude.,4
attorney',1
at stapl,1
"auburn,",10
auburn:,4
auburn ,3
auburn forward jordon grang,1
auction,1
audienc,16
"auditorium,",1
"auerbach,",1
augmon,1
august.,16
august.  ,1
auld,1
auriemma,2
"austin),",1
"australian,",1
auto,5
avatar,3
averaged 10.2,1
avid,1
away?,1
awesom,10
"awesome,",4
awkwardli,9
axel,2
ayodeji,1
"aztecs,",1
a challeng,1
a courtside fold,1
a lo,1
a week,2
b.c.,1
b.c./greec,1
b.j.,12
b4,1
babe,3
"babies,",1
babineaux,5
baby-fac,1
back!,6
back-rim,1
backcourt-reli,1
backcourt?,1
backcourts.,1
background,7
backlash.,2
backsid,1
backslid,1
"backward,",5
bad,222
bad',2
bad.,21
badli,25
badou,4
"bag,",1
bag:,1
"bagley,",2
bahama,6
bail,9
bail.,1
bailey,7
balconi,11
"ball, especi",1
"ballgames,",2
ballmer.,2
ballplay,2
"baltimore,",2
bamba didn’t,1
"ban,",1
band,12
band.,3
banish,1
bank,35
banker,2
banquet.,1
bar,24
barber',1
"barea,",2
barefield,1
barford,2
bargnani),1
barnes),1
barnstorm,1
baron,2
barrier,5
"barry,",2
bart,1
bartow,1
baseball',2
baseball.,3
baseball’,3
basis.,17
basis. ,2
basket.'',3
basket;,1
basketball',21
basketball.,128
basketball. whatev,1
basketball]sixteen,1
"baskets,",8
baskets:,1
baskonia.),1
"basor,",1
bastian,1
bastion,1
batteri,5
battle.,5
batum,8
bawl,2
bay,49
bay',1
bay.,7
baylor,120
be,35
be.,62
be.'',5
bean,8
bear-slay,1
bearcat,20
beard.,6
"bearkats,",1
"beaters,",1
beau,5
"beaumont,",1
beautifully.,1
becam,243
becaus,87
becom,368
becomes.,1
bed-ridden.,1
"bedminster,",1
beeb,4
"beebe,",1
beehiv,1
"before,",34
before:,3
befriend,2
beginn,1
behind),2
behind).,1
beholder.,1
being.,7
beings.,2
"belgrade,",1
beli,5
"belichick,",1
"belief,''",1
belief. ,1
believe,1
believe.,4
"bell,",8
bell:,1
bellagio,3
bellagio.,1
bell®,4
belmont,20
belmont's.,1
belmont.,2
belong,30
below,17
below),2
belt),7
bench?,1
"bench],",1
"bender,",1
benign,2
"benjamin,",2
"benson,",11
bentil—finish,1
ben’,1
"berkeley,",1
berman,2
berri,6
bertan,3
best season,1
bet,76
bet.,2
bet.th,1
betsi,1
bett,3
better,696
better.',1
better.'',13
better....,1
between-the-leg,1
be vcu and,1
bid).'',1
"bid,",9
bidder,3
big?,2
"bigs,",2
bila,4
"bilas,",4
bilastr,3
"billboard,",1
billion).,3
billion.,6
binari,1
"bingham,",1
bingham’,1
bio.,1
"birch,",2
bird,25
bird',1
bird.,4
birdie.,1
birstona,1
birthday,6
"birthday,",6
birthplac,1
biruta',1
biruti,4
bishop,6
bit.'',4
bite,5
"bitter,",1
biyombo;,1
black,99
black-own,2
"blacksburg,",1
"blakes,",3
blame.,3
blaney,1
blatt for,1
blaze,3
"bledsoe,",11
bleed,1
"blend,",1
blew,36
blew.,1
blind,9
blineburi,28
blink,3
"blithely,",1
block,326
blog,5
blogtable:,1
"bloomington,",10
blown,16
bludgeon,1
blue-and-gold-color,1
bluejay,21
bluejays.,1
board,165
boards;,1
board |,1
bobby',7
bobby.,4
bobcat,13
"bogut],",1
boil,6
boiler,2
bois,58
"boise,",2
boldli,1
"boldly,",3
bonafid,1
bond,23
bond.,1
bonderman,1
bonnel,2
bonus/bogu,1
boo-boo,1
boogi,2
"book,",3
book:,1
bookend,7
booker',3
booker.,5
bookert,5
booker told,1
boom! mcgradi,1
boost. ,1
"borders,",1
boredom,1
"bother,",1
bothered.,1
botox,1
"bottom,",6
bottom-f,2
"boucher,",1
boulder-s,1
"boulevard,",2
bounce-back,5
bounce.'',1
bound,16
bounti,1
boutiqu,1
bowl,53
bowlsbi,1
bowman,1
boxer,1
"boxing,",1
boy,40
boy-coach,1
boy.,2
boyle.,2
"boys),",1
bracket?,1
"bracketology,",1
"bracketology,''",1
"bradds,",2
"bradenton,",3
bradley                                        ,1
"bradshaw,",4
"brand,",5
branden,9
braves',1
braves.,1
braylon,2
bread.,2
"break,''",1
break.,119
breaking:,2
breaks.,3
break down,1
breanna,1
"breedlove,",1
"breezy,",1
"bremers,",1
brewer’,1
brey,16
bri,9
bri.,1
brian,69
"brick-by-brick,",1
bridges.,2
"briefly,",1
brighten,3
brilliance.,1
brim,2
brimah.,1
"brings,",2
brit,1
britain.,1
britt,8
broadcasters.,4
broadcasting. ,25
"broadens,",1
broken,77
bron2pdx2018pic.twitter.com/phqvyauoxg,1
bronson.,1
bronz,5
"brooklyn,",17
brooklyn:,4
broth,1
brotherhood,8
"brothers,",5
brought,116
brow,1
"brown, kyri",2
brown whil,1
browser.,1
bruce,20
"bruise,",1
brunson,11
"brunson,",1
brust,1
"bryant),",1
bryn,7
bs.,1
bubbles:,1
bubblicious.,1
buchanan,5
buck,226
"bucket,",1
buckets.'',2
buckey,37
"bucks,",24
bucks gener,1
bucks ownership,1
"buddies,",1
budge.,1
budget,6
buducnost,3
"buffalo,",11
buffalo:,2
buffett;,1
"buford,",2
bug,5
buick,1
"build,",1
"buildings,",2
"built,''",1
bukowski;,1
bull,261
bull',1
bulldog,221
bulldogs',19
bulldogs' armani,1
bulldogs.,9
"bulls,",29
bulls:,1
bump,25
bump.,1
bump. ,1
bunch,35
bunches.,1
bundl,2
burbag,6
bureau.,2
burgundy-color,1
burrel,6
bushel,1
business,2
buss,25
buss',3
buss.,3
buss’,1
butler',15
butler.,18
butler’,8
"button-down,",1
button.,1
but befor,1
"buy/sell,",1
buyer',1
buzz,17
buzz.,1
buzzer,45
"buzzer-beaters,",1
"bye,",3
bye-by,1
bystand,2
byu;,2
by joel,1
"bzdelik,",2
c: ,1
cabana,1
cable.,2
caboclo,2
cadillac,1
cage.,1
cait,1
"cal,",5
cal:,1
calderon',1
caldwell-pop,22
calhoun.,1
calhoun/espn,1
california’,1
calipari',3
calipari.,1
called.,3
cambag,1
cameras.,1
came with with,1
campaign,40
campus.,5
campuses.,2
can't.,4
can.'',5
can;,1
canada,11
canceled.,1
candi,1
candidacy),1
candidate.,9
"candidates,",3
cane,4
cannabinoid,1
cannen,3
cannonbal,1
cap,207
cap.,12
"capable,",1
capela',1
capela.,1
capitalist,1
capitulation.,2
capt.,1
"captain,",2
"captains,",4
career-best,56
career-low,6
"careers,",2
career to,1
careful.,1
"carefully,",1
"carey,",1
carlesimo,1
carlino wil,1
carmelo,72
"carolina),",1
"carolina-greensboro,",1
carolina/nbdl.,1
carrera.,1
carried.,1
carril,2
carrot-and-stick,1
"carter,",14
cartilag,3
cartoon,1
"cartoonist,",1
cascad,1
"casspi,",1
"catch-and-shoot,",1
categories.,7
"catholic,",1
cattl,1
"cauldron,",1
caus,72
"cause,",2
cause:,1
caution,6
cautiou,10
cavaliers',14
cavaliers.,50
"cavs,",42
cavs.com:,1
cavs coach,1
cb,9
"cba-related,",1
cbb:,23
ccsu,5
ccsu',1
cedric,16
ceil,15
"ceiling,",1
"celebrated,",1
celebration.,4
celtics',44
celtics.,41
celticscelticslifenbcsportssiespntwittersportscusrise ,1
celticsvscav,1
celtics wil,1
cenk,1
"center,''",2
center. ,3
centerstats:,6
central/texa,1
centurylink,2
"cerebral,",2
"ceremony,",5
certain.,2
certif,1
chairman,19
"chairs,",1
chalk,5
challenge.,27
challenge. mi,1
"challenged,''",1
"champaign,",4
championship).,1
championship-fuel,1
champion wil,1
"chance,",16
chance.'',2
chance:,1
"chances,",2
chances:,1
chance to,1
chane,1
change):first,1
"changed,",6
"changer,",1
changing.'',1
chanticl,6
chants,1
characterization.,1
charalampopoulo,2
charania reports. ,1
charg,76
charge?’,1
charges.,2
"charging,",1
"charles,",6
"chart,",3
"charts,''",1
chassis.,1
chastis,2
chatman',2
chattanooga',1
chatter,12
cheater,1
cheating…they,1
check-up,1
"checked,",2
"cheering,",2
cheesi,1
cherish,5
chest.,3
chestnut,1
chi,1
chicago,267
chide,2
chiefs.,1
chievou,2
chili,1
"chilly,",1
chimezi,3
choice.,20
choice? ,1
chop,9
chopstick,1
choru,3
chosen.,2
"chriss,",2
christma,49
christmas-hanukah-kwanzaa-box,1
christoph,6
cincinnati',2
cincinnati.,5
cincinnati’,1
circl,17
"circumstance,",1
circumstantial.,1
cit.,1
city).,2
"city],",1
city get,1
city’,22
claim).,1
"clangs,",1
clark,28
clash,11
classics.,1
"classroom,",1
"clear,",10
clear-cut,2
clear:,7
clearli,50
clemson',10
clemson.,7
cleveland',45
cleveland.,60
"clicking,",1
"clifford,",12
climate.,1
"climb,",2
climbing.,1
cling,5
"clinton,",2
clipboard,1
clippers',31
clippers-jazz,1
clippers.,29
clippers.march,1
clippers center deandr,1
closes.,1
closest,13
cloudi,1
"club,''",1
club’,1
clueless,3
clunker.,1
clunkers.,1
clutch.,1
clyde,3
co-champion,1
co-manag,2
coach-based.,1
coach-speak,1
coach.),1
"coach/pobo,",1
coached.,11
coach doc,1
coach luk,1
"cobb,",1
cobbin,2
cobbins.,2
cochran,5
cockiness.,1
code;,1
coffe,2
cognoscenti,1
colangelo,68
colangelo’,2
cold,22
cold.,4
colder,1
coliseum,10
colleagues).,1
"colleagues,",2
"college,  averag",1
college].,1
collid,7
collins’,5
colonels.,2
"colonials,",1
color.,4
colorado on,1
coloring-book,1
columbia,11
"column,",2
coma,1
combined.,4
combust,1
come-from-behind,7
comebacks.,2
comic,3
coming.'',2
coming.’,1
commemoration.,2
"comments,",3
comments:,3
"commission),",2
committee',4
committee.,23
commodores.,1
common-sens,1
"community,'",1
"compact,",1
"comparison,",3
comparisons.,3
compensated.,1
compensation.,1
"competed,''",1
"competing,",1
"competitor,",6
"complacency,",1
complaint,6
"completed,",2
complex,4
complex.,1
compli,2
complicit,1
compon,7
composur,4
"computers,",1
"comrade,",1
concerning.,1
concerns.,10
concluded.,1
"concordia,",1
"concussions,",2
"conditioned,",1
conditioning.,2
"conduct,",2
cone,3
confederaci,2
conference-high,1
conference-leading raptors. ,1
conference-record,1
conference at,1
"confetti,",1
confid,134
"confident,''",1
confidenti,3
"confidentially,",1
confirmed.,2
congratulatori,1
conley,35
"conn.,",1
connaughton,5
"connaughton,",1
"connections,",2
connectivity,1
conrad,1
conroy,1
conscienti,3
consciously?,1
consensu,20
considerations.,4
"considered,",1
considered:,1
consistency.,3
"consultation,",1
"consumed,",1
consumpt,2
"contained,",1
contend,66
contenders?,2
"contest,",8
contested.,1
continents. ,1
continue.,2
"continues,",1
contract,310
"contract,",43
contract.’,1
contradict,2
contusion/bon,1
conundrum,1
convent,8
"conversation,",9
"conversely,",1
convincing,2
convivi,1
"cookeville,",2
cooking:,1
cookman,1
"cool,",7
coon’,2
cooper,21
coordination.,1
cop,10
coppin,19
"corey,",1
corn,1
corneli,1
"cornell,",4
cornell:,2
corner,70
corners,1
corners.,7
cornish,3
cornish',1
"corp.,",1
corpu,3
corrected.,2
correctli,7
corso.,1
corvette.,1
"cosby,",2
cotton’,1
couch.,1
could'v,5
"counselor,",2
"count,",2
countenance.,1
"countenances,",1
"countered,",1
counterpart.,2
counterparts.,1
country).,1
country?,1
counts. ,1
course),1
"court),",1
courtesi,9
courts.,1
courtsid,12
court…you,1
"cousins,",30
cousins-anthoni,1
cousins:,1
cousin’,1
cover,99
cow,2
cowboys',3
cowboys.,3
"cowens,",1
cowl-scowl-and-scor,1
cp3!!,1
crabb,10
cracker,1
crafti,3
"cramps,",1
"crashing,",1
crave,7
crawford |,1
crawford’,1
crawl.,1
crean',3
crean.,3
"creating,",1
"credibility,",1
"credit,",7
"credit,’’",1
"creech,",2
creighton,51
crescendo,1
cricket.,1
"cried,",2
crime.,1
cringed.,1
crisis.,1
criss,1
criteria.,1
critic.,1
critics.,1
croatian,1
cronin',2
cross-counti,1
"crosse,",1
crossroad,6
crossway,1
crowd.'',1
"crowder),",1
crowder shot,1
"crucial,",1
cruised.,3
crum,1
crumbling.,1
crunch,11
crusad,16
crvena,1
cuba.,1
cuban-own,1
cue,1
cult,2
"cumulatively,",1
curry/dur,1
cutcliff,3
cutthroat,1
cutting.,1
cyclon,62
cylind,1
d-i,2
"d-wade,",2
d-will,1
dabney,2
"daily,",1
dakarai,5
dakota,57
dale,4
dallianc,1
dalvin,1
"dalzell,",1
"damage,",6
"dame,",12
dame:,1
"damian,",1
damjan,1
damning.,1
damp,1
dan,79
danes',1
danger.,1
daniel,52
daniels',1
daniels.,2
dant,22
darian,3
"darien,",1
darion,4
dariou,1
"dark,",3
darkhorse:,1
darrel,9
darrin,1
databas,1
"date,",6
daughter’s.,1
daum,1
davenport,6
davidson,37
davidson',3
davidson.,6
davidson/usa,1
"davidson (23-6, rpi:",1
davis',9
davis).,1
davis.,9
davron,3
"dawkins,",4
dawn,2
dawn',1
"day-to-day,",1
day.’,2
"de-bug,",2
deacon,11
dead!,1
deadline.),2
"deal,",48
deal:,3
deandr,61
dean’,1
death,54
"debated,",1
debt,1
debut.,7
decades),1
deceas,1
december',1
december.,10
december.  ,2
"decides,",3
decision-makers.,1
"decisions,",4
decker.,1
declined.,1
"dee,",1
deed,2
deep).,1
deepest.,1
"defeat,",5
defend,310
"defend,''",1
defend jerryd,1
defense),3
defense).,1
defense-abs,1
defense-first,2
"defense. white,",1
defensive),1
defensively.'',3
define.,1
"definite,",1
"definition,",1
deflating.,1
deflection.,1
"deflections,",6
defrtg:,60
deion,4
deitsch,1
"dejean-jones,",1
"delaney,",1
delaney-tim,1
dellavadova,1
delusion,2
demar’,2
dementia,1
democrat,7
demograph,1
demonstrate.,1
demot,2
dens,1
denver),1
deondr,4
department.,6
departure.,4
deplet,1
deploy,3
derozan',5
derozan.,5
derozan. ,2
derozanc jakob,1
derozan’,5
derrick,91
desean,1
desharick,5
"design,",4
desk,3
desk.,1
desperate. ,1
desperation.,1
dessert,1
destination.,1
destroy,13
deteriorates.,1
detraction.,1
detroit and milwaukee.,1
devareaux,3
devast,16
develop.,3
"developed,",1
"development,",16
developments.,3
devil's',1
devoe',1
devonta,10
devyn,1
dew,5
dewan,1
"diallo,",3
dicent,1
dicey,4
dichotomi,3
dickenman.,1
dickinson',1
did,25
did.,50
diddl,1
didn't,2
diego,90
diego);,1
diehard,2
"dieng,",1
"diet,",1
differences.,2
different.,31
differential.,2
differently;,1
difficult;,1
"dig,",1
"dimension,",1
dimez,2
"dimples,",2
"dinan,",1
dirt.,1
"disadvantage,",1
disappear,6
disappoint,80
disappointed.,1
disappointed. th,1
disappointing.'',1
disastr,4
"disbelief,",2
discipline.,4
discoveri,3
discuss,122
discuss!,1
discussion?,2
discussions.,4
diseas,5
disengag,1
disheartening.,1
"disinfectant,",1
disingenuous.,2
"dismissal,",3
disord,7
dispar,8
display.,3
"disposal,",1
"disputed,",1
disregard,1
dissip,3
distinct,15
distract,17
"distributed,",1
distribution.,1
"district,",2
diva,1
diva.,1
"divas,",1
division.,4
division. ,1
divisive,1
dixi,1
"dizziness,",2
dnp-cd,3
do!,1
"doc,",3
dock,1
dock.,1
doctors’,1
document,4
documentari,8
"dodd,",1
does.,26
doesn't.,1
"doesn’t,",2
dog,36
doggon,1
"doldrums,",1
dole,2
doll,1
domanta,16
"dome,",2
dominant.,1
don,16
don't,21
"doncic,",13
done.​,1
donohue. ,1
donovan',6
donovan.,2
dont,13
don’t.,1
"doolin,",1
doomsday,1
doormat,3
dorian,4
dortch-jon,1
dose,6
double-,1
double-by,5
double-determin,1
double-doubles.,6
"doubleheader,",2
"doubles,",1
doubters’,1
doubtless,1
doubut,1
dovetail,3
down,24
down.,63
downfal,2
downgrad,2
downhil,5
"downhill,",2
downplay,11
"downs,",7
downsid,1
"downside,",2
"downtown,",3
"draft,",98
draft.',1
draft. h,1
draft:,4
draftk,1
dragicevich,2
"drake,",1
drake:,1
drape,4
drastic,8
draw sunk,1
dre,3
dreads.,1
"dream,",2
"dresser,",1
"drew,",3
"dribble,",13
dribbler,2
"dribbler,",1
drills.,6
drink?,1
driscoll',1
"drive,",5
drive.'',1
driver,7
"drop,''",1
dropping.'',1
drought,35
drought.,10
drug,22
drug',1
drug.,4
"drugs,",5
drums.,2
drumwright,2
dual,6
dubi,1
dubow,1
duke's jahlil,1
duke.'',1
dulin,2
duncan',5
duncan.,3
duncan help,1
"dunk,",8
"dunking,",1
"duquesne,",1
duration.,1
duren,8
"duress,",1
durham,4
dusti,1
duty,1
duty.,1
duty i,1
dw:,12
dwyan,70
dylan,10
dylon,1
dyshawn,5
dyson,4
dziewa,2
d’ya,1
e2)—th,1
e3)—thes,1
"each,",8
each:,1
earlier,173
"earlier,",16
earlier.',1
earlier against,1
"earliest,",4
earth,12
eas,25
easel.,1
east,302
east',7
east.,34
"east. cooley,",1
easter,1
"easton,",1
"easy,''",2
ebb,3
eddie.,1
eden,7
"edens,",4
edmond,4
edney',1
education.,6
"edwards,",6
"edwardsville,",1
eerili,2
"effectively,",1
effectively.'',1
efforts.,7
efg%,2
egekez,2
egger,1
ego,7
ego.,1
eight-block,1
eight-gam,12
either,178
ejected.'',1
elabor,2
"elbow,",3
"elbows,",1
electron,1
element,12
eleph,3
elig,60
eligible.,3
elite.,3
"elliemaeclassic,",1
elliott,5
else.,38
else.'',2
else? —​ finish,1
"elsewhere,",3
emani,3
embarrassment.,1
embiid-less,1
embri,1
emerged.,1
emergence.,1
emil,1
"emotional,",3
emotions.,8
emphasis/de-emphasi,1
"emu,",1
encouraged.,1
encouragement.,4
"encouraging,''",1
"end,",66
"end-all,''",1
ended;,1
ending.,2
endless,5
endur,23
energizing.,1
"energy,''",5
energy.,16
energy. ,1
enfield',1
engess,3
"english,",3
english. ,2
enni,11
"ennis,",2
enoch,1
enough.,35
ensued.,1
entailed),1
entails.,1
entered hi,1
enthusiasm,10
enthusiast,4
"enticing,",1
entrance!,1
entrepreneur.,1
entri,29
entrust,2
environ,26
"environment,",3
environments.,1
episod,8
episode?,21
epsilon,1
equal,41
equally.,1
equip,9
"equity,",1
eras,34
eras.,1
"erie,",1
errol,2
"error,",1
"errors,",1
error—upon,1
escort,2
espn,245
espn',79
espn's sportscenter.,1
espn). ,2
espn.,64
espn.com’,1
espn2).,2
"esports,",4
essay,3
estim,34
esum,2
et): timberwolv,1
"et,",46
et. ,5
etc.),5
ethic,18
etho,2
eubanks  |,1
"euclid,",1
eurobasket,8
euroleagu,16
eurostep,1
evad,1
evaluations.,1
"evaluators,",1
evans' averag,1
"evanston,",1
eve,12
eve.,5
even-keel,1
"even-keel,",1
evenli,4
event',1
event.,10
ever-changing.,1
ever-expand,4
ever-increas,1
everett,1
everybody',13
everybody.,9
everyth,201
everything.'',1
everything.’,1
evidence.,1
evolving.'',1
ex-all-star,1
ex-bul,1
ex-charlott,1
ex-thund,2
"example,''",1
example—but,1
exams.,1
"except,",1
exception.,2
exceptional.,1
"exciting,",3
exclud,3
excruci,4
excuses;,1
execution.,3
"exel,",1
exemplifi,9
exercis,40
exist.,1
existenti,1
expand,31
expect.,3
expectation.,2
"expected,''",1
experience. ,1
"experienced,",3
experiences. ,1
"expired,",2
explan,11
explanation.,3
expression.,1
extension.,9
extensions.,1
extra.,1
extracurricular,1
"extraordinaire,",1
extraordinari,8
"exum,",2
eyebal,4
"eyeballs,''",1
fabul,6
face-to-fac,1
"facebook,",6
facebook.com/nba,1
facebook:,1
faces.,4
facilities.,1
fact,91
factual,1
faculti,11
"fail,",2
failure.,4
faith,17
fallaci,1
falter.,2
"familiarity,",2
family;,1
fan-friendli,2
fanat,3
fanbase.,1
"fanduel,",1
fanfare.,1
fanni,1
fans),2
far-fetch,2
farewel,10
fargo,5
fariedf,1
"farm,",8
farm:,9
farm®,4
fascin,6
fascinating.,2
fast-forward,2
"fast-paced,",2
faster.,4
"father,",44
father-son,2
fatigue.,1
fatten,1
fattest,1
favor,44
"favored,",1
"fayetteville,",6
"fazed,",1
fear,27
fear.,1
featheri,1
"february,",18
february:,1
february h,2
feder,17
"fedex,",3
fee,9
fee.,2
"feedback,",2
feel?,2
feels.,2
feet,59
feet.,18
feet.'',1
"felix,",1
"fellas,",1
fellow.,1
fell behind,1
felt,194
felt.,1
femal,12
"fenerbahce,",2
fenner,1
ferkel.,1
ferocious.,1
fertil,2
fertitta,10
fertitta',1
fertitta.,3
fewer.,11
"fg%),",1
fg%/39.2,2
fields',1
fieri,7
fifth,187
fifth-seed,21
"fight,",2
"fights,",1
fights:,1
figuratively.,1
figure,1
"figured,",1
file,16
fill,78
fill.,2
filler,1
final-second,1
finale.,20
"finalists,",2
finalists:,4
finals.,115
finals against,2
finances.,1
"financially,",2
"financings,",3
finch,7
"fine),",1
fine?,1
fines.,1
finest,9
finger),1
finger-nail,1
"fingertips,''",1
"finish,''",3
"finley,to",1
fired.,9
fired david,1
"fireworks,",2
firing?,1
first-degre,1
first-floor,1
"first-rounder,",2
first-team,16
first-year,21
fischer',1
"fits,",2
"fits,''",1
"fittingly,",1
fiu,8
fiu',2
fiu.,2
"five-footer,",1
five-gam,39
"five-game,",1
"five-man,",1
five-second,2
five-star,18
five play,1
fixable.'',1
"flag,",3
flagrant-2,1
"flagstaff,",2
flak,3
flames.,1
flank,5
flare-up.,1
flatter,3
flattery.,1
"flawless,",1
fleetmast,1
"flesh,",1
fleshy,1
"floor,''",4
floor-stretch,1
floor.,163
floor. ,3
flounder.,2
"flourish,",2
"flowered,",1
flu-lik,2
flurry.,3
fluti,2
"flux,",1
flyer,19
fmp,2
"focused,",3
"focused,''",2
foggiest.,1
"foil,",1
"folding,",1
folks).,1
fool,35
fool',1
fool.,2
"fools,",1
"foot,’",1
footag,1
footwork.,1
"for,''",1
for: st.,1
forbad,1
forc,297
"force,",7
force:,3
"forceful,",1
forearm.,1
forego,1
foregon,3
foremost,5
forerunn,1
forgo,2
"form,",3
format;,1
formerli,7
former north,1
forthright,1
fortitude.,1
"fortunes, accord",1
forty-year-old,1
forward).,1
forwardwaldow,1
forward justin,1
for fre,1
foster',3
"fouled,",5
"fouling,",2
"founded,",1
"four,",31
four-month,1
four-stars d.j.,1
four-way,6
fournette’,1
fourth-rank,10
four’,1
fox,50
fox',2
fox.,2
fraca,3
"fraction,",1
"frame,",1
franblineburyarch,15
franc,7
franchise-chang,3
franchise;,1
"franchises,",9
francisco.,3
francisco’,1
fratern,8
"frazier,",8
"fred,",1
free-throw,78
freebies.,1
"freeport,",1
freewheel,1
freight,4
frenet,2
fresh,29
freshli,4
freshman?,1
freshman melo,1
"friars,",4
fripp,6
from,301
from.,5
from kenpom.com and,2
front-row,2
front.,10
frown.,1
fruit,2
frustrations.,1
ft%): markkanen,2
fuch,2
fulfil,9
"fulfill,",1
"full,",4
"full,''",1
full-court,10
full-extens,1
full-out,1
"fun,''",2
fun.’,1
function,17
"fundamentals,",2
funding.,1
funny.,2
furman,17
"further,",3
further:,1
future,1
"g-league,",1
g-rate,1
g.g.,1
"gad,",2
gaggl,1
galatasaray,2
"gallinari,",10
gallo,2
"galloway),",1
galvanini,3
gambia).,1
gambler.,1
game,5204
game',27
game-changer.,2
game-high,24
game-long,1
game-open,1
game-to-gam,1
game-winner --,1
game.,813
game.'',35
game.),1
gameday,2
gameplan,1
"games,",342
"games, to",1
games:,5
games in,3
game in,5
game—it,2
game—think,1
game…i,1
gani,5
"ganis,",1
garcia,2
garcia|,1
gard,9
garish,1
garrison,1
gash,1
gaskin,1
"gasol,",17
gasol:,1
"gasser,",1
gate,8
gate.,1
gateway.,1
gator,17
gave jam,1
gavrilov,3
"gay,",4
gaykey,1
"gaynor,",1
ga –,1
geari,5
geesh.,1
geltzeiler.,1
geno,12
gentl,2
"gentlest,",1
gentrif,1
george',15
george.,12
"georges-hunt,",2
"georgetown hoyas met,",1
george a,1
georgia,203
"georgia (20-10,",1
georgio,4
geovoni,4
germani,4
germany.,2
gesel,1
"gestures,",1
"get,",8
get-go.,1
get:,11
get:f,5
get:f/c mik,1
gfeller,3
giant’,1
gilbert’,5
giles.,2
gilgeous-alexander.,1
gillet,1
gilli,7
gimmicky.,1
ginobili. nobodi,1
giveback,1
gives?,1
giving.,2
gk.,1
"glass,",22
glass:,1
glasses.,2
glaucoma,1
glen,12
glenkeaneprd,2
glimps,8
glori,8
glute,2
glute),1
gnash,1
goali,1
goalies’,2
goals.,20
gobert. ,1
gobert;,1
gobert’,4
goble’,1
gobstopper.,1
"god,",4
god-given.,1
"godfrey,",1
"going,",19
gold:,1
golf to,1
gome,1
"gone,",14
gone:,2
gonzaga-st.,1
"goodell,",1
goodson,1
goof,1
goose.,1
gophers',1
gophers.,1
gordon',4
gordon.,3
"gortat,",7
got.'',1
got milo,1
gov.,1
govan,1
"government,",1
"gpa,",1
grain,2
grant,79
grant from,1
grass,3
grass-root,1
gravita,1
gravity.,1
"grayed,",1
graze,1
greater.,2
greatest-ev,1
greats. ,1
"greece,",1
greek,9
green',5
green.,19
greenkey,1
greenlight,2
greenvil,1
greenwood',1
green said.,1
greer,2
grew,49
grid.,1
grief.,1
"grimace,",1
"grin,",1
grind,34
grinding.'',1
gripe,1
grisli,1
"grizzlies,",18
grizzlies:,1
grizzlieskey,1
groin,6
groin),1
groove.,4
gross,1
groundbreak,6
groundwork,1
group.,34
grown,30
"grueling,",1
grunfeld,1
guarante,47
guaranteed).,1
"guaranteed,",2
guard,1164
guard),1
guard) jam,1
guard-forward,6
"guard-heavy,",1
"guard/forward,",1
guard/forward myk,1
"guarded,",1
guardedness.,1
guardmark,1
guards?,1
guardstats:,6
guard bronson,1
guard collin,1
guard john,1
guard lonzo,1
guess. fordham coach,1
guggenheim,1
guidri,6
guilt,1
gulen,1
gund,1
gut-punch,3
gutti,1
guy,818
guy.,41
guy.',1
guys.’’,1
guys?,1
guy ha,1
gym,22
gym.,8
"gymnastics,",1
h-town,1
ha,16
haanif,1
haberstroh,1
hair,13
hair.,1
hakeem’,1
"hale,",1
half-court,9
half-excuse.,1
"half-truth,",1
"halfcourt,",1
"hall,",13
hall:,2
"hallmark,",1
ham,2
hamid,5
hamilton’,1
hammer,6
hampshire',2
hampshire.,2
"hamstring,",4
"hamtramck,",1
"hand,''",2
hand. ,1
handily.,1
"handsome,",1
hangov,1
hanlen,6
hannah,1
hansen,19
happen;,2
"happened,",18
happened:,1
happened?’,1
happening?,1
"happy,",9
harass,10
harbaugh,2
hard-cap,2
hard-charg,1
"hard-of-hearing,",1
hard-work,2
"hard-working,",1
hard?,2
hardaway.,3
harden',6
harden.,17
hardest-work,1
"hardheaded,",1
hardi,4
"hardinsburg,",1
hardware.,1
hargrav,2
harley,1
harmon,2
harri,99
"harris,",21
harrison-dock,1
hartford,13
"hartford,",14
hart’,2
harvard',8
"harvard,'''",1
harvard.,2
harveyorlando,1
haslem.,2
hasn't.,1
hastili,2
hat,10
hat.,1
hatch,4
hatter,5
have-nots.,1
have.'',2
have finish,1
have to,1
havoc,12
"hawaii,",2
hawaii:,2
hawk,216
hawk',1
hawkey,30
hawkinson,5
"hawks),",1
hawks):,1
"hawks,",28
hawks:,3
hawks for,1
"hayes,",4
hayford,2
hayward?,1
hazi,1
hb2,7
hb2.,1
head-knock,2
head-shak,1
head.'',1
headache.,2
healthiest,2
"heap,",1
"heard,",2
heart.',1
heat,201
heat',5
heat-pelican,1
heat.,32
heavyweight,5
hector,3
"heiar,",2
"heights,",2
heights],1
"held,",2
"helena,",1
hello,1
helmet-to-helmet,1
helping r,1
help—and,1
"henson,",1
henson:,1
"her,",6
herd,6
herd.,1
"here,''",11
here. ,1
here’,18
heritag,2
herky-jerki,2
"heroics,",1
"hesiod,",1
hesitating.,1
"hesitation,",1
"hey,",17
he ha,1
he hop,1
he suff,1
he’d,110
hgtv,1
"hield,",13
hield dov,1
high,473
high',1
high-assist,1
high-strung,1
high-wat,1
high.,21
higher,79
highest,140
highest-ev,1
highland,18
"highs,",3
hightow,2
"hillard,",1
hilliard,26
"hilliard,",1
"him,",227
him. befor,1
him:,5
himself?,4
him—hi,1
hiroshi,1
histor,57
histori,277
history: season,5
his postgame press,1
"hit,",1
"ho-chunk,",1
hobbl,6
hobson,3
hof,1
hoffarth,1
"hofstra,",2
hoiberg,47
holden,2
"holder,",6
holdsclaw,2
"hole,",7
hole. it,1
holes;,1
holi,14
holiday |,1
holiday’,2
holladay,1
holland,5
hollin,22
holmo,2
holtmann,24
holtmann',2
homag,2
home-court,17
home/road,1
home?,1
homes.,3
hometown,32
hometown-discount,1
hometown.,6
homework,2
homework.,2
"honor,",6
honors.,10
hoopfest,1
horacio,1
horford,74
horford’,7
hormon,1
"hornets),",1
"hornets, new",1
hornets/pelican,1
hornets;,1
horowitz and,1
horri,7
horror,3
hors,5
horses.,1
horst,30
horton,4
"hose,",1
hospit,25
hostil,7
hosuton,2
hot,46
hot.,4
hotel.,2
hotli,2
hottest,5
hour-long,2
hour. ,1
houseclean,1
household,7
houston’,26
"how,",7
howard),1
howard’,10
hs/usa,1
http://imgur.com/ukghrkm.,1
http://www.120sports.com/video/v111784464/best-college-basketball-st,1
http://www.nba.com/video/2018/04/21/20180421-toronto-raptors-at-washington-wizard,1
http://www.twitter.com/rustymillerap,2
https://t.co/4of3bmw5nupic.twitter.com/mfltuc0bg,1
https://t.co/8mnypfhs4tpic.twitter.com/svmgcrjw0,1
https://t.co/exjhaewzj,1
https://t.co/hxbamcwscypic.twitter.com/vsl2cxzerh,1
https://t.co/jx7qlomox2,1
https://t.co/l2fcv1zzghpic.twitter.com/motcvky7nl,1
https://t.co/oabrlgcib8nbacoachesnbapic.twitter.com/asww3vmfuy,1
https://t.co/rbmquiinom,1
https://t.co/uneqg5pvefpic.twitter.com/jwniqotbew,1
https://t.co/z39onrqok0,1
https://vine.co/v/o9tpqdw79dw,1
hub,3
huddled.,1
hudson',2
huerter,3
huge,131
huge.,6
"huggins,",1
huh?,1
hulk,1
"humbled,",2
humili,4
"hummel,",1
humor!,1
hump'',1
humung,1
"hundred,",1
"hunger,",1
hungry.,3
hungry.'',1
hunt. ,1
hurricanes',4
hurricanes.,1
hurriedli,1
hurry.,1
hurt?,1
hurtful.,1
hurts.,1
"hurt by anyone,",1
husker,18
hype,15
hype.,1
hypocrit,3
hypothet,7
hysteria,1
i-90.,1
i.j.,3
i.q.,2
iakeem,1
iavaroni,1
iba,2
ibaka',1
ibaka.,4
ibeh,2
ice,15
icmbb,1
icons;,1
"ideally,",6
identifi,19
"identification,",1
"identify,",1
"identity,",2
igor’,1
iii |,1
iii’,1
"illini,",2
"ills,",1
illus,1
imaginari,1
"imho,",1
immers,2
immort,3
impact.,7
"impatience,",1
imped,2
imper,2
"implied,",1
importantli,7
"importantly,",10
impression:,1
improprieti,1
"improved,",1
improved:,2
"improvement,",5
in!,1
"in),''",1
in-progress,1
inaccur,1
inact,4
inadequate.,1
inadvert,4
inbound,33
inbox,1000
incis,1
"include,",4
include:,4
"included,",2
included:,1
including royc,1
inconceiv,1
incorrectli,6
"increase,",2
incred,80
"incredibly,",1
incumb,13
"incumbent,",1
incur,5
indeed.,1
indefinitely.,5
independent-studi,2
indian,7
indiana).,1
"indiana,",41
indiana. ,1
indiana:,11
indiana’,16
indic,51
indirectli,1
"indisputably,",1
individuals.’’,1
industri,12
"indy,",1
infamy.,1
infer,4
infrastructur,6
infus,4
ingrain,1
ingram,36
inhal,3
initi,97
"initiative,",1
initiatives.,3
injur,96
injured),1
injuries. ,2
injuries—and,1
injury-riddl,1
injury-shorten,1
inn,1
inn.,1
innermost,2
"innings,",1
input,6
inquiry,1
insecur,3
insider:,1
inspiration.,1
"instead,",34
instead:,1
instep,1
instilled th,1
instinct,9
"instincts,",2
intact.,6
intang,5
integrity—which,1
intellect,1
intellectu,3
intensifi,8
intent,39
"interaction,",1
interim,35
"interlopers,",1
"intermediates,",1
international.,1
"intersection,",2
interview.),2
"interviewed,",1
"interviews,",2
intim,1
intimidation.'',2
introvert,1
"investors,",1
invoic,1
involv,124
involve.,1
involvement.,2
in 179,1
in cauley-stein in,1
in last,1
in seattle:,1
in th,2
"iowa,",21
iowa:,10
iowa ,2
iqs.,2
"irish,",1
iroegbu,4
ironman,2
irrespons,1
irresponsible.,1
is.,81
is.'',7
isaac,40
isaac                                      florida,1
isiah,14
"island,",5
island on,1
israel,1
issues'',1
"issues,",28
issues:,2
is —,1
it!!!!,1
it's an,2
"it,’",3
it. i,1
it. no,1
it. they,1
items.,1
"its mobile, desktop and",1
it stil,1
"iv,",3
iv:,2
iverson log,1
iverson’,1
iv al,1
ja'dante',1
"jack-asses,",1
jackasses.,1
"jacket,",2
"jackrabbits,",1
jacobson,26
"jaded,",1
jahlil okafor,1
jaku,2
jama,1
jamarcu,2
"james, kawhi",1
james i,2
jane,1
janeiro,1
"january,",33
january:,1
japan,11
jar/box,1
jarel,14
jarin,1
javari,1
javer,2
javier,6
javori,1
jaw,10
jaw.,2
jay-z,1
jayhawks',6
jayhawks.,2
jazz. ,1
jazz’,3
jbara,1
je:,12
jeani,12
jed,4
jeff’,1
jelani,9
jerryd,2
jerseys!,2
jettison,4
jewelry.,2
jim,70
jimmer,2
jinx,3
jitter,3
joaquin,5
job,290
job.,60
"joe,",1
joerger,4
joey,11
john's,1
"john's,",5
john's:,4
johnni,28
johnson).,2
joi,2
"joked,",2
jokic.,2
jone,176
jones).,1
"jones,",32
jones:,1
"jonesboro,",1
jontay.,1
"jordan),",2
jordan/phil,1
jorg,5
jorgenson,1
joseph',6
jourdan,3
journal-world;,1
"journey,",3
joust,1
jovanov,6
jr.?,1
jr.                             indiana,1
"juan,",1
judi,1
jul,139
jumping.,2
jumps.,1
"junction,",1
june  9: golden,1
juri,6
just,139
just.,1
justif,2
"justification,",1
justify remov,1
"just score,",1
k',1
kahron,3
kalaitzaki,2
"kalamazoo,",4
"kalamian,",1
kalinoski,16
"kalinoski,",2
"kalkstein,",2
kaluna,4
kamp,1
kan.,6
kane |,1
kangaroo,5
kanter,17
"kanter,",11
kara,1
karam,2
karamo,2
karat,1
"karen,",2
karmic,1
karnowski,6
"karnowski,",3
"katherine,",1
kati,7
kaven,1
"kawhi,",2
kayla,1
kbd,2
kd;,1
keelan,3
keepsak,1
keifer,4
"kellys,",1
kennard.,1
kenpom.com,7
"kenpom.com,",2
kentan,2
kenton,1
kentucky,6
kentucky',15
kentucky.,26
"kenya,",2
kenyatta,1
kept,182
khaled.,1
khalen,2
khimki,1
kia mvp,1
kid,127
kid',1
kid.,16
"kids,''",1
killed.,2
killer.,1
killian,1
kind,362
kind.,2
kindergarten,1
"king,",16
kingjam,2
kingjameslakers4lifestriveforgreatnessjeaniebussmagicjohnson,2
kingjames🔗:,1
kings;,1
kink,2
"kinks,",1
kirkland,22
kirkland’,2
kitchel,1
kitchell',1
klaw,1
klutch,3
kneel,3
knicks,1
"knicks,",21
knicks.  ,1
knicksapril,1
knicks (8:30,1
knight,161
"knight,",21
knight:,2
knockout.,2
know),1
know-how,2
"knowing,",2
"known,",5
known:,2
"knoxville,",8
kocur,6
"kokoškov,",1
"korkmaz,",1
kornet,2
korrin,1
korver,43
"korver,",9
kosman,1
kostja,2
"krause,",2
kritz),1
kruger,19
krutoy,2
krzyzewski,54
kuester,1
kuiper,1
kumho,3
kupchak’,1
kutsher’,1
"kuzma,",8
kuzma],1
"kwesesports.com,",1
ky.—to,1
kyl,7
kyri,134
"kyrie,",1
l.a.).,1
l.d.,1
"labrum,",3
lace,3
lacks.,1
laclipp,4
lacroix,1
ladarrien,1
ladder.,1
ladi,8
laimona,4
"lake,",1
laker,459
lakers',33
lakers' lonzo,1
lakers).,1
lakers.,71
lakerssummerpic.twitter.com/l0yw1fduah,1
lakers reportedli,1
lakers—in,1
lal,1
"lamar,",1
lamarcu,37
lanerryl,2
lang,16
"lange,",1
language.,3
"languid,",1
languish,1
"laramie,",2
large-scal,1
largest,59
"largman,",1
larranaga,17
larrier |,1
larson',2
larson.,1
lasher',1
lasik,1
lasm,1
"lasry,",3
lasry’,2
last,2967
last-second,15
last.,13
laster,2
"lastly,",4
"lasts,",1
lately.,6
"later, dirk",1
latimore.,1
lattin,3
laughed.,3
laughingli,1
laughter.,1
laura,2
laury',1
lauryna,8
lavinekey,1
lavish,1
layden,1
"layden,",1
layer,4
lead-guard,1
leaders,1
leaders2016-17: team,5
leading.,1
leading kenpom.com',1
"leaf,",1
leaf ,1
league),21
league-high,6
league-long,1
league.',1
league keep,1
leapfrog,3
"learning,",2
"least,",25
leaves.,1
"leaving,",1
lebron!,1
ledonta,1
led wisconsin on,1
"lee),",1
leeri,1
left),2
leftov,1
left ankl,1
leg,66
leg.,8
"legally,",1
legend.,2
legend john,1
legisl,11
"legislature,",1
len,3
lent,4
leonard. cent,1
leonard disput,1
leopard,7
less,256
less-decor,1
less-herald,1
less.,9
lesser,10
letdown.,1
letterman,1
"letters,",1
leuzing,2
leverage.,1
"lewisburg,",2
lexington.'',1
liability.,1
"licenses,",3
"lie,",2
life-threaten,4
life. and,1
"lifeline,",1
lifer.,1
lifestyl,3
"lifestyle,",1
ligaments.,1
lighthous,1
lightli,4
like-mind,1
likely clinch,1
lillard/c.j.,1
limit.,1
limited.,1
limits. h,1
lincoln,5
"lincoln,",2
lindsey.,5
line,342
line.,193
linehan,1
"lines,",5
lineup.,34
lineup. ,1
link. ,1
links.,1
lip,5
listen,59
"listen,",5
listen:,2
list with,1
literally.,2
lithuania,3
lithuanian,2
littl,479
little-us,1
"live,",4
live-bal,3
"livermore,",1
ljff,4
load,35
load.,8
loaded:,1
lobo,4
"locals,",1
"located,",1
locke',1
locked-in,1
"locks: butler, ​georgetown, ​providence, st.",1
"logwood,",1
"loner,",1
long,582
long',1
long-eanr,1
long-term,69
long.,22
longer,89
"longer,",4
longevity...,1
"longhorns,",7
lonzo',1
look,988
look.,8
"looked,",2
looking.,1
"looks,",10
loosey-goosey,1
lord!,2
"lore,",1
"loretto,",2
"lose,''",2
loses.,1
loss?,2
lost,588
lost.,7
"lot,''",5
lottery on,1
louisiana-monroe.,2
louisiana.,4
louisville',12
louisville.,24
louisville ,1
"lounge,",1
lovabl,1
love-fest,1
"loveridge,",1
lower-extrem,1
lower.,1
loyal.,1
loyola-chicago,1
loyola-marymount.,1
lsu,100
lsu',9
lsu.,8
ltd.,1
lucin,1
lucky.,2
lurk,4
"lusk,",1
lute,1
lying?,1
ma-n,2
mac,8
mac',2
mac.,1
macau,3
macdonald,4
"machine,",2
macmullan,1
macon,2
madison,41
"madison,",13
madrid,6
madrid',1
madrid.,2
madrid took,1
maggett,2
maggio,1
magic,149
magic),1
mailbag.,1
mainstream,1
majest,1
major—not,1
"make-a-wish,",2
making.,5
malfunct,5
man),1
"man, man,",1
manage.,2
"management,’",1
management start-up,1
manager chri,1
mandel,4
mangok,3
"mannered,",1
manni,7
mantl,2
manu! ,2
"many,",4
many:,1
marc,62
marc',1
march?,3
"marcos,",1
marcus',1
margiri,2
"marian,",1
marijuana.,6
marist,16
marist',1
marist.,1
"marketing,",3
"marketplace,",1
markets.,2
mark of,1
marque,9
marshun,2
martel,1
martez,4
martin,97
martin',2
martin.,1
martin’,1
maryland;,1
marymount,12
"marymount,",1
marymount:,1
"massive,",1
master’,1
matadors.,1
"match,",1
match:,1
"matchups,",5
matchups:,1
matchups:boston,1
mater’,1
mathemat,3
matters.,18
matter—didn’t,1
matur,31
"maturity,",2
"mavericks,",8
mavericks:,1
mavs',1
mavs.,2
max,87
max-lik,1
max.,1
max.',1
maxwel,2
may. ,1
maybe.,3
"maynor,",1
"mayor,",3
mc:,7
mcbeath,1
mccafferi,14
"mccaffery,",1
mccauley,10
mccaw,36
mcclanahan,6
mccrari,1
mccrori,2
"mccune,",1
mcdaniel,2
mcdonald’,9
mcdowell-whit,2
"mcginnis,",1
mcglynn,3
"mcglynn,",1
mcgrady',1
mcgraw,1
"mcintosh,",1
mclemorec,1
mcmansion.,1
mcmillan.,1
mcmullen,1
mconley11,1
mcrobert,3
me! ,1
me.’,2
me;,2
"mean,",40
medal.,5
medalist.,1
medford,2
"medicals,",1
medication.,2
medicine,1
meet,296
meet.,1
mega-hit,1
mejri,11
mel,1
"melbourne,",1
melon,1
melt,2
members',2
members.,6
"memorries,",1
memory.,3
memphis,4
memphis',3
memphis-san,1
memphis.,24
memphisgrizzli,1
menac,4
meningitis.,1
mentality.'',2
mentally.,7
mentor,27
menu,3
merit,8
mermuy,2
messi,1
metal,1
"methuen,",1
meyer,10
mgm,119
miami ,3
micah,10
michael’,1
michigan,299
mick,6
mickey,26
mickey',2
mickey.,1
microfractur,3
mid-februari,1
"mid-july,",1
"mid-june,",1
"mid-november,",1
midcourt.,1
middle,1
middle.,1
midnight,9
midsect,1
midweek,1
migrat,1
mika,2
mikh,4
"mikitani,",1
mile,65
"miles,",3
mileston,18
"milestone,",2
miljkov,1
mill,28
millennial:,1
miller,84
miller',8
miller-mcintyr,7
miller.,6
million,395
million-to-on,1
"mills,",5
mills. for,1
mills:,1
millsap’,2
milton,7
milwaukee,1
milwaukee).,1
milwaukee)46. houston,1
milwaukee?,1
min,3
mind-boggling.,2
"minded,",1
"mindset,’’",1
minicamp,12
minorities’,1
mint,4
minus-10.3,1
minus-18,1
minus-3.0,1
minute?,1
minutes),6
"miraculously,",1
mirot,26
mirza,1
misconduct,4
misdemeanor,4
misfir,1
misfortune.,1
mishmash,1
misjudg,1
mismatches.,1
misplay.,1
miss,878
miss',2
miss.,17
missed.,6
missing th,1
mission,20
mississauga,2
missouri announced that,1
"mistake,''",1
misunderstand:,3
mitchel,81
"mix,",5
mix:,1
mlk50,2
mo.—,1
moc,3
models;,1
molina,1
"mom,",4
"moment,",27
"moment,''",1
moment:,1
"moments,",9
moments:,1
momentum-shift,1
monday—hav,1
monday’,16
money.,14
money’,1
monica,1
"monk,",3
monorail,1
"montgomery,",1
month',12
"month, butl",1
month.,57
month. ,3
monthli,7
monthlong,4
month’,6
montigo,1
"mood),",2
moodi,28
mooki,2
moon!,2
moore',3
moore.,1
moore |,1
moos,1
moral,8
more.—and,1
morena,1
"morning,’",1
morning. ,1
morning?,1
morning’,2
morris-walk,2
morriskey,1
mortgag,3
"mosley,",1
mosquera-perea',1
most-play,1
most-watch,2
motivated.,2
motivation.,2
motivation.'',1
motleyg,1
motley wer,1
motor.,3
motorist,1
"moundou-missi,",1
"mountaineers,",2
moute),1
move,597
move.,9
move.),1
move?’,1
movement had,2
"moves,",8
"moving,",9
mpg,1
much,1833
much-hard,1
much.,20
much that,1
muddi,3
"mudiay,",4
mudiay:,1
muf,2
"muhammad,",1
mullin,4
mullin.,1
multi-day,2
multi-platform,1
multigener,1
mum,1
munchi,1
murki,2
"murphy,",2
murray,63
murray',2
murray.,2
murri,1
"muscala,",4
museum,23
museum.,2
mustard,1
"mutombo,",6
mutter,2
mvc,9
mvc.,3
mvp?,1
"mvps,",2
mvsu,5
mw3),2
mykhailiuk,3
"myself,",28
myself:,1
mysteries.,1
mystics’,2
"myth,",2
nabc,1
"nacogdoches,",1
nah.,3
name,398
name.,9
"names,",7
narr,12
narrow,14
nash,45
nash',1
nash.,2
nashville',1
nashville.,2
nastic,5
nastic.,1
"nasty,",1
"natchitoches,",1
nate,32
nation?,1
nativ,111
"natosha,",2
"naturally,",5
"nausea,",1
nazion,1
"nazr,",1
"nba,",332
nba-agnost,2
nba-fiba,1
nba-lead,4
nba-sponsor,1
nba-track,1
nba-train,1
nba.com/official.,1
nba.com/vote:,1
nba/nbpa,4
nba:,4
nba],1
nbaafricagam,2
nbagleague.com.,1
nbastore.com,1
nba—last,1
"nbca,",2
nbcs,2
nbl,3
nbpa,23
ncaa?,1
ncaas.,10
neal,5
near-capac,1
near-imposs,1
near-perfect,1
near-washout.,1
nears.,1
neat.'',1
neatli,3
nebraska ,2
nebul,1
nec,1
necessary. ,1
negat,3
neighborhood.,2
neith,1
nerlen,13
"net,",6
net-posit,1
net:,2
network’,5
neuchatel,1
neurosci,1
neutral-court,1
nevada,25
never-dul,1
new-look boston,1
newborn,1
newcomb,1
newell.,2
newer,1
"news,",16
news-sentinel,1
news:,7
news],1
next,1120
next.,24
niang',4
nice,58
nice.,2
nicely.,1
nicki,2
nigel,19
night',83
night'',1
night-to-night,1
night.,474
nightli,9
night for,1
"night that,",1
night won nba,1
"nike,",2
"nikolic,",1
nine).,1
nine-foot,1
nine-straight,1
"nine-year,",1
"ninth,",2
ninth-plac,1
"nit,''",1
nit-pick.,1
nit. ,1
njit,11
njit.,3
no-brainer;,1
no-cal,1
no-holds-bar,1
"no-huddle,",1
nobody',4
nobody.,1
"nod,",1
noel (restricted),1
noel’,1
"nogueira,",1
nojel,1
nomad,1
non-big,1
non-contact,7
non-kaminski,1
"non-stop,",1
"non-verbal,",1
noni,1
nonstop,1
nordstrom,1
"norfolk,",7
normal,44
normal.,4
normally?,1
normanta,2
northeast),2
northridg,6
nostril,2
not-for-profit,1
not-in-our-hous,1
not-so-good,1
note,51
note.,5
"notes,",2
notes:,16
"noteworthy,",1
"notice,",1
"notoriety,",1
not been,1
nov,46
nov.,99
"november),",1
november. ,3
"now,''",15
now-no.,1
now-or-nev,1
now. ,1
nowitzki-noel,1
nowitzki i,1
nowitzki sign,1
now in,1
ntilikina,13
nuclear,4
nuggets;,2
numbers.,12
numbers in,1
"nunn,",1
nurkic,50
nurkic.,5
nurse',2
nurse.,1
nwaba',1
nwamu,6
"nzege,",1
"o'neale,",2
o'neale (15,1
o),1
oakley,4
oberv,1
oblig,11
observer:,1
obstruct,1
"obviously),",1
occur,36
octaviu,5
octob,19
octogenarian.,1
ocular,1
odd,46
oddest,1
odditi,1
oddli,1
odyssey,1
"off,''",6
"off-ball,",2
off-campu,1
off-court,8
off-guard.,1
off-the-catch,1
"offense,",49
offense:,1
offensively).,1
offensively?,1
"offered,",1
offer a,1
office),3
officially sign,1
official’,1
often,127
oh,7
ohio -- lebron,1
ohm,1
ojeley,2
"ok,",15
ok. ,1
okafor on,1
"okay,",7
okc?,1
"oklahoma,",11
oklahoma:,13
okogi,2
"oladipo,",21
oladipokey,1
olaf,3
olajuwon),1
"olaseni,",2
"old,",29
old-tim,2
oliver                                    ,1
olshey,16
"olympics,",6
olynyk',1
olynyk.,2
omaha,7
omar,10
omot’,9
omri,5
on.),1
on: ,1
"one,",86
one-and-on,6
"one-and-one,",1
one-possess,3
one-semest,2
one-tim,8
one-week,2
one-year,34
one.’,1
one:,4
oneself,1
one remark,1
ongwa,6
online.,1
only,3
only.,4
only.’’,1
onto,69
"onwards,",1
on appl,1
on saturday,1
oooh.',1
open,665
"open-floor,",1
open.,14
"opened),",1
opening-night,2
open th,1
operating.,1
"operation,",2
operations.,29
opinion,24
"opinion,",8
opinion:,1
"opportunities,",8
opportunity?,1
opposit,24
opposite.,2
opposition),1
opposition’,6
options.,7
"or,",18
"ore.,",1
ore. ,1
"oregon,",14
oregon:,4
"orem,",2
organization',1
organization.,30
"oriented,",1
"orleans),",1
"orleans,",9
"orleans, go",1
orleans:,5
"ornery,",1
"orrville,",4
orthoped,5
"orudis,",1
osa,1
ospreys',2
ospreys.,2
"ostin,",1
others),6
others: raymond,1
"others—say,",1
otherworldli,1
otl,2
"ourselves,",7
oustscor,1
out),2
out-scrap,1
outbid,2
outcome.'',1
outfit.,1
"outings,",3
outland,1
outlay.,4
outlet.,1
outlets.,1
outmuscl,2
outplay,9
output.,3
outrebound,65
outscor,149
"outsider,",2
outsiz,3
outsmart,1
outspoken,10
outstand,38
outstretch,4
out for,3
ovation.,3
over!,2
"over,''",1
overal,339
overall;,2
overbear,3
overconfid,1
overhead.,1
overheated:,1
overnight.,4
overpassing?,1
overpay,2
overplay,2
overreact.,1
overrid,5
overshadow,6
overtime. ,6
over northwestern on,1
ovg’,1
owen,7
owner.,6
owner. ,1
"owners,",15
ownership’,1
owner’,4
owootoah',1
o’clock,1
o’neal,12
p.j.,19
"p.m,",1
"p.m., abc/rgam",1
p.m.thoma,6
p4.,1
pac-12',2
pac-12.,5
"pace,",10
pace:,16
pacemak,2
pacer,147
pacers.nov.,1
pacers. result,1
pacersapril,1
pacers that,1
pachulia',4
pachulia.,5
pacif,23
packages.,2
"packham,",6
pad,12
pageantri,1
paid?,1
"paint,",30
paint...,1
paladin,9
paladins.,1
"palestra,",1
"palm,",1
panel. ,1
panelist,1
panicking.,1
pankey,3
pansa|,1
par,9
par.,1
paragraph,1
paranoia,1
parentheses): karl-anthoni,2
parenthesi,1
parenthesis;,2
pariti,3
parity.'',1
parker',6
parker.,4
parlay,1
parochi,1
parrots.,1
part,2526
part-own,1
part.,12
parties.'',1
partners.,1
"parts,",2
pass-friendli,1
pass. ,2
pass?’,1
"passing,",7
passing:,1
passing ,1
password,1
"past,",18
pastner,1
pastures?,2
patriarch,4
patriot,40
patriots. they,1
pattern,9
"pattern,",2
patterson,15
"patterson,",2
patti,14
patton’,1
paul. alexander’,1
paul and,1
pay,114
pay.,3
paycheck,2
payment,8
"payment,",1
pbo,1
pearson,2
peati,1
"pedaling,",1
peep,1
peers. th,1
pelican,147
pelicans: a,1
pelicanspic.twitter.com/hauwaxyxgz,1
"pels,",2
penal,6
"penalties,",2
penalty.),2
penchant,5
penetr,7
"penetrate,",1
"penetration,''",1
penguin,2
penny.,1
people.'',1
people.) ,1
people?’,1
"per),",2
per-36,1
per-gam,3
"pera,",4
pera:,1
percent-39.7,1
percent. th,1
percent?,1
percentage),2
percentage (55.5,2
percent foreign.,1
percent—that,1
perenni,10
perfection.,1
perform.,1
performances wer,1
"performer,",3
perimeter-bas,1
period',1
period.,27
period.'',1
"periods,",1
peripher,2
"periphery,",1
perman,12
permanent.,2
permanentekais,1
permiss,7
perrant,7
perri,36
persecut,2
"personalities,''",1
"personality,",6
personality. ,1
personifi,1
pet,4
peters',1
peyton,2
pfc.,1
"pharma,",1
phd,1
"phenomenon,",1
phil,47
philadelphia. ,1
philadelphia’,11
"phillip,",1
philly),1
phillynews.com,3
phoenix),3
phoenix)11.charlotte12.,1
phone.,3
"phones,",1
"photos,",2
pic.twitter.com/5gadyas3vo,2
pic.twitter.com/bcuz6ifimr,1
pic.twitter.com/e3xm83bygm,1
pic.twitter.com/eacxc5whcj,1
pic.twitter.com/fbjfpmg5hp,1
pic.twitter.com/gpqfdtlosx,1
pic.twitter.com/gzkjiavgj,1
pic.twitter.com/jn6gbn6j1z,1
pic.twitter.com/l1sg4h2uu1,1
pic.twitter.com/nbhhdm0br,1
pic.twitter.com/oqbfmhvhvp,1
pic.twitter.com/r8abfrvmvz,1
pic.twitter.com/tmg1vlj6uq,1
pic.twitter.com/tn47g0vb8m,1
pic.twitter.com/uicljz8lup,1
pic.twitter.com/wom58ztdz5,1
pic.twitter.com/wyteecgulz,1
pick),7
pick-your-poison,4
pick].,1
"pickens,",1
pickney',1
"picture,",10
picture:,1
"pictures,",2
"piercing,",1
pierr,8
pilot,6
pinkston?,1
pinpoint,2
piqu,3
"pirates,",1
"piscataway,",3
pistons;,3
pitch.,8
pitcher,3
pitchford,6
pittsburgh;,1
"pivot,",1
pixel,1
pizza,4
placement,2
places,1
plain,9
plan,215
plan.,14
"plane,",2
planned;,1
"plans,",5
plant,7
plastic,1
plate.,2
plateau.,2
"plates,",2
"platoons,",1
play),3
"play,'''",1
play-by-play,8
play-by-play?,1
"played,''",1
"player,''",4
player. ,2
player: d'angelo,1
player;,4
players,2
players) ha,1
"players,''",1
players. ,5
players—kri,1
players’,36
player |,1
player—b,1
player’,19
playground,2
playing.,21
"playmakers,",1
"playoffs),",3
playoffs. on,2
playoffs: team,6
playoffs?,1
playzon,2
pleasant,5
"please,",1
pledg,14
plights. ,1
plomb,2
plumle,16
plummet,4
plus-11,1
plus-12.3,1
plus-67,2
plus-minu,8
"plus-minus,",1
pmatlanta,1
"pocket,",2
pockets.,1
pod,1
pod.,1
podium,4
"point,",80
point-shav,9
point:,7
pointless,2
points.',1
points;,2
pois,28
"poise,",3
police,1
"policy,",22
pollard,12
pollstar,1
pollyanna,1
polyest,2
pond,1
pond.,2
ponder,10
poolsid,1
"poor,",3
"poorly,",2
pope,2
pope.,1
"popovich,",22
popovich],1
popovich --,1
por,1
porou,1
port,4
portent,1
porter,68
"portis,",6
portland,170
portland2014,1
portland’,22
porzingis',2
porzingis.,9
position-fre,1
position.,46
positives.,1
positivity.,1
"possessed,",1
"possession,",24
"possessions),",4
possessions;,1
possible;,3
"post,",15
post-season;,1
post-standard’,1
post-surgeri,1
post-up,7
"postell,",1
postseason-high,1
potu,1
pound,23
pour,21
pouting,1
pouting?,1
powell: ,1
powell: th,1
powell:  mik,1
"powerful,",3
powerhous,8
ppg/4.6,2
pr.nba.com,3
"practice,",44
practices.,4
practicing.,3
practicing.’,1
pragmat,1
"pranica,",1
pre-beard,1
pre-break,1
preaching...,1
precaut,1
precipit,6
"predestined,",2
"predicament,",1
predomin,1
preempt,1
preferences. ,1
pregnanc,3
prescienc,1
prescrib,2
presented.,1
presid,224
"press,''",1
press. ,1
presti.,1
"pretoria,",1
prevail,7
"prevailed,",1
prewitt,10
pri,4
price next,1
pride,37
prienu,1
primari,35
"prime,",2
prime-tim,1
primer,2
princ,19
princess,2
"princeton,",4
prince (15,1
prison.,3
"private,",3
privileg,14
prize.,2
prized rel,1
pro?,1
probation.'',1
problemat,1
procedures.,1
process!,3
processkey,1
procliv,2
"produces,",1
product',1
product.,5
profil,19
profile.,2
program-chang,1
programming. ,1
"programs,",8
programs:,2
"progressed,",1
prohibit,11
projection.,2
projects. ,1
prokhorov',1
prokhorov.,1
promis,64
promise.,1
prop,4
proper,18
prophet,1
prophetic:,2
proposal.,1
"pros,",2
prosecutor,10
"prospects,",4
pros—h,1
"proud,",1
prove.,7
"providence,",9
providence:,1
"provo,",2
provok,2
prowess,7
"prowess,",1
przemek,7
pst,7
"psyche,",1
pu8ll,1
public,112
public-priv,1
publicly—he’,1
puck,1
puck.,1
pudgi,1
pull,329
"pull-up,",2
pump,25
punch,32
punctuat,8
punt,5
punt.,1
punter,8
"pupil-dilating,",1
"purdue,",7
purdue:,4
puriefoy',1
purpose;,1
purr:,1
"push,",3
push-up,2
put-back.,2
puzzling.,1
q: that,1
qsr,1
quad,28
quad.,3
quak,1
quaker,6
quakers.,2
qualifier.,1
quality,1
quandari,1
quarter-point,1
quarter. h,1
quarterback,12
quarterback.,2
que,1
"question,''",1
question.,27
questions.,9
quicker,8
quieted.,1
quietli,8
quinnipiac,6
quirk,1
"quo,",1
quotabl,5
r&b,1
"rachel,",1
rack,15
rack.,1
radic,2
radio!,1
radio.   ,1
radioact,1
ragin',4
rain,11
raises;,1
ralph,36
ramif,5
ramp,9
"rams,",6
rams:,1
ramsey',1
ran,77
ranadive.,3
"randall,",1
randl,39
random,7
randomli,3
range).,2
rank)defrtg:,2
rankings.,10
"rankings: okafor's providers,",1
ranking 11th,1
rankl,4
ranks 216th,1
rant,4
rant.,1
"rapids,",2
rapport,3
raptor,226
raptors' soci,1
raptors. ,1
raptors’,13
rashwan,1
"rate,",12
rathan-mayes                           florida,1
"rating,",13
rattler,3
"raucous,",1
raven,7
razorbacks',1
razorbacks.,2
rca,1
re-aggrav,1
re-air.,1
re-sign.,4
re-think,2
react.,2
reactions,1
"ready,''",1
ready-to-win,3
"real,",3
realdonaldtrump’,1
"realignment,",1
really.,5
reap,4
reason;,2
"reasonable,",1
reasons,1
rebels',4
rebound?,1
rebounded.,1
rebounder.,2
"rebounders,",1
rebounds),12
rebsnbarookspic.twitter.com/z8pyjaag39,1
"rebuilding,",1
rebutt,1
recal,31
recalibr,1
"recalibrate,",1
receive.,2
recip,2
reckless,6
recklessness. h,1
"recognizable,",1
recommend,14
reconcili,2
reconfigur,3
"reconstruction,",1
record,555
"records,",9
recoup,3
"recovered,",1
recoveri,30
recovery.,6
recreat,11
recruit,107
recruiting.,1
recruitments.,1
recruits.,2
redbird,12
redbirds',1
redbirds.,3
redeem?,2
redhawk,12
redhawks',2
redick’,1
redin,1
redirect,2
redirected.,1
redoubt,1
"redshirt,",1
reed,42
reed',1
reed’,1
"reemerge,",1
referee jam,1
referee’,1
reference.,1
reflex,2
refocus,4
reform.,1
regain,28
"regardless,",5
"region),",1
region.,3
"regional,",1
regress.,1
regret,15
"regrets,",1
regrouped.,1
regular-season-end,1
regularli,16
regularly.,2
regulation.,16
rehab,48
rehabilitation.,5
reinforc,7
"reinstated,",1
reischel,1
reiter,5
reject,7
"related,",1
relationship,80
release:  grizzli,1
released?,2
relentless,11
reliable.,1
reliev,11
religi,4
religiously.,1
relish,2
"remarkable,",1
remembr,1
reminisce.,1
remot,6
remulak,1
rene,1
"renee,",2
"reno,",3
rep,3
rep.,2
"repair,",1
"repeat,",1
repetit,1
repetitive.,1
replaced. ,3
replacement.,4
replacements.,2
"replacing,",1
replay,18
repli,14
replied.,1
"reported,",1
reportedly agre,1
reportedly engag,1
"reporter,",66
reporter:,1
reporter craig,1
reporter’,1
reports).,3
represents.,2
"republic,",2
republican-control,1
"republishing,",1
"request,",1
require.,1
requisit,3
research.,1
reserved.,996
resort,110
resourc,20
"resource,",2
"respect,",7
respectively. ,1
respond.'',1
ressler’,1
restaur,11
restaurants.,3
"restored,",1
"results,",4
results:,1
resurgence,1
retained.,1
"retaliate,",1
retic,2
retire,1
retirements,1
retires.,2
"retreat,",1
return?,2
returning.,1
"revenue,",1
rever,8
reverber,1
reverse;,1
review! ,2
"revision,",1
revit,8
revolt,1
rewir,1
"rewound,",1
"reynolds,",4
rhyme,1
rhythm,26
"rice,",6
rice ,1
richardson -,1
richest,3
richi,2
rid,7
riddl,2
ridiculous.'',1
ridpath,3
right-w,1
"right?,",2
"rightfully,",1
rightli,2
rillie),1
"ring,",4
rink,1
ripe,1
risen,7
rishaun,1
risk.',1
risk/reward,1
riskiest,2
"rival,",7
"rivalry,",5
rivers',2
rivers.,4
rivers’,1
robben,1
robertson',12
robertson.,2
robertson’,4
robin,15
robinson |,1
robison,1
robotham,3
robotham',1
rock,23
rock.,4
rocker,1
"rocket,",1
rockets),2
rockets). ,1
rockets.march,1
rockin’,1
rodeo,1
rodion,4
roka,2
role,180
role.,22
"roles,",3
"roles, paxson",1
roles:,1
roll,112
"roll,''",1
roll.,4
roller,2
rolling.,2
"rolls,",2
"rome,",1
romero,2
romp,11
romp.,1
ron,39
rondo',1
rondo.,6
"room,",45
room:,1
roommat,1
room and,1
"roper,",2
roquez,3
rose,107
rose',4
"rose, dwyan",1
rose.,6
"rosemont,",3
rose --,1
rose’,6
ross,22
ross-mil,2
ross.,4
"roster,",42
roster:,2
roster for,1
roster—anoth,1
"rotate,",1
rotationkey,1
"rotations,",1
rough.'',1
roughli,19
round): th,2
round. ,6
rouse.,1
rout,113
rout.,2
"route,",5
"rpg,",70
rpg/1.69,2
rubber,1
"rules—arjaniece,",1
ruling.,2
rumbl,7
rumors.,4
runasone🚀,1
runaway,2
runnin',10
runs.'',1
rupp,9
rupp',2
ruptur,10
rural,2
rusel,1
rushing.,1
rushmor,1
russell’,3
russwest44!!,1
russwest44okcthunderwhynot,1
rusti,6
"rut,",2
rutgers',1
rutgers.,2
rutgers ,1
rutgers on,1
ruthven:,1
"ryan,",2
ryder,1
ryken.,1
résumé,11
s---,2
s---',1
s.d.,8
s6),1
"sabonis,",11
sachin,2
sacramento);,1
sacramento.  ,1
sadden,12
sae',1
"sager,",4
sager:,1
"said,",278
"said,)",1
said.w,2
said. h,5
said:,22
said—and,1
"saints,",4
"sake,",2
"salary-dump,",1
salle',1
salle.,1
salt,31
salt.,1
salukis',1
samaritan’,1
"sampson,",4
sanadz,6
sang,4
santangelo).,1
satellit,1
satisfaction.,1
savvy.,1
saw th,1
say?,3
"saying,",27
saying:,3
"says,",45
"says, ",1
says:,4
says he',1
scale,11
scan,3
scant,2
scapegoats.,1
scapular,1
scary.,4
scatter,4
scenario.,4
scenario.),1
"scenarios,",2
scene,10
scheme,18
schmooz,3
schnell;,1
school-specif,1
school.'',1
schooldeng,1
schooler,3
"schools,",12
schools. ,1
schools’,2
schroder’,1
schuhmann,103
schuhmann: 1.,1
schuhmann: th,2
schuhmann:  first,1
schuhmann:  in,1
schuhmann:  ther,1
schupak,1
schuyler,1
"schwarzenegger,",1
"sci,",1
scienc,11
scissors?,1
score.),1
score: warrior,1
score?''',1
"scorer, lead",1
scorer/shoot,1
scorers’,2
scoresheet,1
"scoring,",34
scout,51
screaming.,3
screed,2
screener',6
screener.,1
"screenings,",1
scribbl,3
scribe,1
scrimmag,12
scrutiny.,2
"scuffling,",2
sdsu,12
sdsu',1
sdsu.,1
sealed;,1
search,51
"season,",902
season-after-season,1
season-defin,1
season-end,34
season-ticket,4
season-worst,3
season.(endital),1
season:,11
seasons;,2
season ,2
"seat,",2
"sec,",8
second,2364
second-guess,1
second-guessing;,1
second-longest,3
second-plac,6
second-stori,1
second-ti,1
secondari,24
secour,1
"secret,",4
secret:,1
sector.,1
secur,81
sec semifin,1
see.'',2
"seed),",1
seed?,1
seeds.,8
seeds.'',1
seething.,1
seibuti,1
seibutisoffici,1
seinfeldian,1
selden’,1
selections. ,2
self-awareness.,1
"self-centered,",1
self-evalu,1
self-evaluator.,1
self-explanatori,2
self-inflicted,1
sell,45
"sell,''",1
sell.,2
seltzer.,1
semi,13
semi.,1
semifin,109
semifinals. ,2
semifinals --,1
"semis,",5
seneski,2
sengfeld,3
senior-night,1
senior’,1
sensation,1
sensation tra,1
sense.,16
sent,101
"sent,''",1
sent.,1
"separation,",1
sequence?,1
sergeant,1
sergio,2
series. th,1
series: ti,3
series…,1
seriou,82
serv,145
session.,3
"sets,",1
setting.,2
seuss',2
seven,762
seven-man,1
seven-season,1
seven-straight,8
"seventh,",3
seventh-plac,7
several.,1
"severe,",2
"sex,",1
"sexton,",7
sexy.,1
seymour’,1
sga,1
shadow,19
shak,2
shaker,7
"shakers,",1
shakiest,1
shamet.,3
"shammgod,",1
shammond,1
shank,3
shanti,2
shape,41
sharp.,1
sharpest,1
sharpshooter khri,1
she,45
she',2
shekinah,2
shelf. ,1
shelter,1
sherley.,1
shine.,1
shini,5
"shocking,",1
shonda,1
"shooter,",28
shooters.'',1
shooting).  ,1
shooting.,92
shoplift,2
"shore,",1
short,128
short-handed.,1
"short-term,",1
shortcuts.,2
shot-blockers.,1
shot-creat,2
shot-mak,1
shots—and,1
shot—th,1
"should-you-not-tank,",1
should.,9
"shoulder,",10
shoulder. ,1
show/rock,1
showalt,2
showdown,24
showdown.,2
showing.,1
shred,7
"shuffling,",1
shumpert?,1
shunquez,3
shut-down,1
shutter,1
siauliai,4
"siblings,",3
sidelin,84
sidelined.,3
sideline in,1
"sider,",1
sidney,2
sigfredo casero-ortiz,1
signal,13
"signing,",1
silenc,16
silence.,5
silhouett,1
silicon,4
silly;,1
silva,2
sima,2
"similar,",2
"simmons,",38
"simmons, dewayn",1
simmons:,1
simmons                                      ,1
"simmons’ story,",1
simpli,71
simplic,2
"simply,",7
simply:,2
sina wa,1
single-gam,5
"single-handedly,",1
single-year,1
sip,2
siriu,1
sitting.,2
"situations,",5
situations:,3
six-minut,1
"sixers,",7
sixers-celtics,1
sixers:,1
sixth-rank,8
sizabl,4
skal,3
"skilled,",1
skinni,3
"skinny,",1
"skins,''",1
skip,20
sky-high,1
sky’,1
"slam,",1
slam-dunk,2
slashing?,2
slater’,1
sleep.,2
sleeper.,2
sleeps.,1
slender,2
slick,3
sliding'zona:,1
slowest,2
slugger,1
slump.,1
small-bal,7
smaller,26
smart said.,1
smash,4
"smg,",2
"smile,",3
smiley,2
smith: didn't,1
smith: i,4
smith:  it,1
"smoking,",1
smooth,2
"smu,",10
smu:,4
snake,1
snapchat.,1
snare,4
sneakers.,1
"snow,",1
"snowballed,''",1
snub,4
snyder,12
so;,1
soak,1
soar,17
sociolog,3
socon',1
"soft,",2
soft-natur,2
softly.,1
soldier,3
solid,88
solutions.,2
someone',1
someplace. i,1
something,1
"something,",17
"somewhere,",1
son!,1
"son-in-law,",1
song,11
song.,2
songs. then,1
sonofabitch.,1
sonya,1
"soon,",16
soon-to-be-40-year-old,1
sooner.,2
soooo,3
soph.,40
sophist,1
sophomore?,1
sopot,2
"sore,",1
soreness.,3
source.),1
"sources,",15
sources:,9
source’,1
"south,",2
southeast,16
southern),2
southland).,2
spald,1
"spangler,",3
"sparks,",1
"sparrow,",1
"speak),",2
speak.,4
speci,1
specifi,4
spectacular.,1
sped,2
speech,17
speedier,1
speight,2
spend,94
spiders.,2
spike,8
spills.,1
"spinned,",1
"spirit,''",1
spirits.,1
spit,1
splashi,2
spoiler.,1
spoken,12
sponsorship,9
"sport,",6
sports!,1
sports-rel,1
sports.'',1
sportscastr.l,5
"sportscorp,",1
"sportswriters,",1
spot.'',1
"spotlight,",3
spotlight:,1
sprain),2
"sprain),",1
spring',2
spring.,12
spurs',29
"spurs),",2
spurs.,35
spurs. ,3
spurs. togeth,1
spurspic.twitter.com/8iu7iwnjgi,1
spurs’,23
spygate,1
"squad,",7
squash,2
"sr.,",10
"stabilized,",1
"stadium,",4
staff;,1
"staffers,",2
stafford,2
staff—had,1
staff’,2
stage.,8
"staggered,",1
"staggering,",2
stagnant,4
stakeholders.,1
"stalwart,",1
stamped,1
standard.,2
standard.  ,1
standing.,1
standoff,1
stanford;,1
staphon,2
"star,",19
stark,24
"start, ha",1
start-up,3
start?,2
"started,",8
"starter,",14
starting.',1
starts),63
starts).,8
star gianni,1
star isaiah,1
stash,2
state,2155
state!'',1
state),21
state)59. phoenix,1
"state, ​kansas, oklahoma,",1
state-dayton,1
state-northridg,1
state/syracus,1
staten',2
state ,23
state and,1
"station, wchl,",1
"statistically,",2
stats: 25.5,1
stats: 28.6,1
stats ar,1
staunch,1
"stay,",5
steakhous,1
steal,324
steal.  h,1
"steals),",1
steals.  paul,1
steals last,1
stensgaard,2
"steph,",3
stephen,217
stephen.,2
stephencurry....th,1
stepmoth,2
"stepmother,",2
stepp,2
steps.,3
steve,317
"stewart,",2
stiff.,1
"still,",92
still-unexplain,1
sting,3
stink-and-sticki,1
stinson,1
"stint,",1
stitch,2
stockholm,1
stoic,1
"stomach,",2
stone-cold,1
stone.,1
stones.,1
stoni,35
stopped),1
stopwatch.,1
storey',1
"stories,",3
story—about,1
strahinja,2
straight.’’,1
"stranger,",1
strasbourg,1
strateg,8
"strategically,",1
strau,5
strauss,1
strawberry',1
strawberry.,1
streak,245
"stream,",1
street,30
stress.,4
stretch.'',4
"stretches,",2
strike;,1
strive to,1
"stroke,",2
strong.,10
"stronger,",3
strongli,13
"strongly,",2
struggl,232
struggle.,3
struggles.,5
stuart,2
stud,5
student-athlet,20
students’,1
"studies,",2
"studio,",1
"stuff,",25
"stuff,''",1
stuff:,1
stuff’,1
stunning.,1
style.,5
styles.,1
subject,27
subjects.,2
subluxed/shift,1
"subordinates,",1
subpar,8
subpoena,1
substantial.,1
substitut,8
subway,1
"successfully,",1
"sudan,",2
suggested.,2
suicide.,1
"suit,",3
suitcas,1
sulaimon,13
sulaimon’,1
"summer,",87
summer:,4
summon,3
sunday',43
sunday.,158
sunday. wyoming loom,1
sunnier,1
suns!catch,1
"suns,",22
suns.   ,1
suns get:f/c,1
suns tumbl,1
super-max,3
"super-team,",1
superstardom.,1
superstars.,3
supplant,3
support.,9
supposedli,7
supposes.,1
supremaci,2
"surely,",3
surface-bas,1
surface.,3
surpassed. tim,1
"surprised,",3
surprising.,1
surreal,4
surrendering.,1
"survivors,",2
"suspension,",6
suspicious.,1
sutton,3
suv,1
swaggi,3
swannegan,2
swap,23
"swarm,",2
swath,2
"sweating,",2
sweeney,2
"sweep,",3
"sweepstakes,",1
sweepstakes:,1
sweetener?,2
swift,4
swim,3
swim.,1
swinging.'',1
"swings,",1
swirl,3
swiss-bas,1
"switch,''",2
switching.,3
switzerland),1
swoop,5
swung,7
symmetri,1
"symmetry,",1
sympathi,4
symposium,2
sync. thi,1
synergi,7
syracus,121
"syracuse,",20
syracuse:,5
systems.,1
taariq,2
tabb,2
tabb.,1
tabul,5
tackl,4
tact,1
taj,9
taken,144
takenand,1
talent-rich,1
tallies.,2
"tampered,",1
"tank,",4
"tanking,",6
"tape,",4
taper,1
tarczewski,3
tarnished.,1
tarzan,1
tasti,1
"tat,",1
"tattoos,",1
"tatum,",11
tatum:,1
taught,28
tax,40
tax.,5
tax.key,1
taxpayer-fund,1
taylor’,2
tayshaun,2
"tcu,",14
tcu:,10
teach.,1
team!,2
team-by-team,2
team.',1
team.'',27
team. minor,1
teammate),1
teammates🎙:,1
teams.),3
teams?,2
team 1st team,1
team thre,1
tear,35
"tear-drops,",1
tear.,1
teardown,2
tears.,1
teaser,1
"tech,",11
tech-wak,1
tech:,19
technic,62
techniqu,7
technologies?,78
"technology,",3
tee,6
tee.,1
teem,1
teenager.,1
teenager’,1
"teeth,",1
telecasts.,2
telling espn',1
"temper,",4
"temperament,",1
temporary.,4
tenac,4
tenacity.,1
tencent,3
tencent’,2
tendin,3
tenn.,33
tennesse,123
tennessee,1
"tennessee,",15
tennessee:,9
"tentacles,",1
"tentative,",4
"tenure,",5
tepper,2
terdema,1
termin,7
terp,18
terps',2
terps.,2
terran,8
"terrell,",1
terribl,21
terrible.,2
"terriers,",4
terrifying.,1
test,86
test.,1
test?),1
testament,9
testing.,4
tests.,4
texas ,1
texas’,6
textbook,2
"textile),",1
"texts,",1
thabeet,1
thabo,8
"thankfully,",1
thanksgiving?,1
than—a,1
that?'',1
that?’,1
that commission,1
that i'm,2
that ther,1
that’d,2
that’s my old,1
thc,1
thecubedotcom).,1
theirs.,4
theloni,1
them).,1
them?,7
"themselves,''",1
themselves. ,2
themselves and,1
them a,1
then,131
then-83,1
then-clipp,2
"then-girlfriend,",1
then-knick,1
then-vcu,1
then.,19
thenba,1
therapi,4
"there),",3
there;,1
these,66
thevertical.,1
the 2017-18,5
the 2017-18 kia,1
the 2018-19,1
the aac semi,1
the aac tourney,1
the blu,16
the charlott,1
"the east, and",1
the golden,11
the houston,1
the intersect,2
the left,1
the mor,1
the phoenix,2
the play,1
the press reported. ,1
the sacramento,1
the sam,1
the spurs that,2
the villanova,1
the wisconsin,1
thib,7
"thibodaux,",3
thibodeau).,1
thibs.,2
thibs’,1
"thing,",30
thing:,4
think.,19
thinking,1
third-,2
third-highest,3
third-most,3
third-se,1
third-seed,24
third-tier,1
third-worst,1
thirteen,2
"this,",56
this:,12
"thomas,",67
"thomas, chan",1
thomas:,2
thompson),1
thompson-curri,1
thompson’,10
thomsen:,2
thornton',3
thornton.,2
thornwel,13
"thornwell,",2
thorp,8
those.,6
though;,2
thought.,13
threaten,24
"threatened,",1
"three's,",1
three-friendli,1
three-gam,59
three-play,1
three-pointers.,1
three-round,1
"three-round,",1
three?,1
"threes,",12
three—onli,1
thriller,4
"through,",8
"throughout,",3
throws.,60
thunder',9
thunder.,19
thursday;,1
tiago,5
tick,15
ticket,43
tidjan,1
tie-breaker.,1
tiebreak,17
tied-up,1
ties.,6
tiffin,1
tight.,3
tightened-up,1
tightli,5
tightly-knit,2
tightrop,3
tilghman,2
till,6
timberwolves.   ,1
"time,",223
time:,4
timelin,13
timeline.,6
times' marc,1
times.'',2
time th,1
timing.,2
"timothy,",1
tin,1
tinfoil,1
tinkl,6
tint,1
tip: ,6
tip: spur,1
tip: transit,1
title-gam,2
"tmz,",1
tnt,144
tnt',4
tnt.,69
tnt. just,1
to-back,1
to-do,3
toast,2
tobey,7
tobi,1
today',26
"today,’",1
today.,45
together).,1
together.,81
token,1
"tom,",2
"tomaszek,",1
tom crean held,1
"tongue,",1
tonni,1
"tony,",1
took plac,1
tool,20
tools.,1
"top-100,",1
top-25,3
top-four,6
top. ,1
top?,1
topics.,2
"tops,",1
tops:,1
torii,1
torment,4
toronto's og,1
toronto’,18
torrey,2
torrion,1
tosin,2
"total),",1
totals.,2
totwm!,1
"touch, ent",1
"touched,",2
tough.,20
toughest,33
toughness.'',1
"tour,",3
tournament;,1
tournaments.,11
tourney.,17
toward,141
tower,4
towns and/or,1
to 17-7,1
to cleveland,1
to georg,1
to l.a.,1
to show,1
to subscrib,1
tra,7
"tracking,",1
trade,735
trade-off,1
tradeabl,1
traded. ,1
trade (juli,1
tradition.,7
traevon,11
trailed.,8
trail—and,1
trajectory;,1
tramiqu,3
transcrib,2
"transfer,",6
transfer],1
transfers.,2
"transformation,",1
"transgression,",1
trap:,1
trash.,2
trashon,2
trauma,1
traumat,2
"travel,",2
travon,2
"treasure,",1
treat,1034
trefl,1
"trend,",1
treveon,11
trevor,48
"trey,",1
trial,11
trianglekey,1
tribune report,1
trice.,2
trick-pass,1
tricki,6
trilog,1
triple-double,1
triple-double.,5
tristan,34
"triumphed,",1
trivia and analyz,1
trophy?,1
trot,2
trudg,3
"true,",9
truer,1
"trumpeted,",1
"trust,",1
truth,20
"try,",1
try.'',1
"tub,",1
tudor,1
tuesday's',1
tulane:,2
tum'',1
tumultu,5
tunnel,10
tuoyo,2
turgeon',2
turgeon.,1
"turkey,",2
"turnaround,",2
turner/tnt.,1
turner’,3
turnover-laden,1
tuskege,4
tuxedo,1
"tv, the",1
tweak,14
tweaking.,1
tweet,43
twice. ,1
twig,1
twin,9
twinkey,1
twitter.,175
twitter.com/dubl,1
twitter. ,1
two-day,1
two-round,1
tyair,1
tyreek,1
u-18,1
uber-elit,1
ubiqu,1
uci,2
ucla),1
ucla ,4
"uconn,",9
uconn-cincinnati,1
uconn:,10
udoka,7
ujiri said.,1
uk',3
uk.,3
"ulis,",5
ulis:,1
umes',1
unapologet,1
unassist,1
unavail,4
unbeatables.'',1
unbeliev,24
unc?,1
"uncompromisingly,",2
uncw,9
uncw.,1
unc’,8
undeni,4
"under,",2
under-16,1
underestim,4
underlin,1
underr,10
understand.,8
"understood,",2
understood how,1
undon,3
uneas,2
unequivoc,2
"unexpected,",4
unfold,3
unfold.,2
unforgett,4
"unformed,",1
unfortunately.,1
"unfulfillment,",1
unglamor,1
"unicef,",1
"uniforms,",10
uninspir,1
"union,’",2
uniquely-gift,1
"unison,",2
united.,2
university ,1
university’,1
"university’s,",1
unlv;,1
unlv’,1
unplug,1
"unprepared,''",1
unproven.,1
unravel,2
unreach,1
unrepent,1
unrivaled.,1
unselfish,13
"unselfishly,",1
unsightli,2
unsound,1
unspectacular,2
unstoppable.,3
unsurprisingli,1
untold,1
"unwired,",1
up-and-und,1
up;,3
"upbeat,",1
upheld,2
upheld.,1
uphil,2
"upon,",4
uprising.,1
uproot,1
upsets.,8
upsid,9
upson,1
upstart,6
up at,1
ur,1
urgenc,16
"usa),",6
usc,40
usc',3
usc.,9
used),3
"usf,",1
"ushers,",1
"using,",2
usual.,7
"usually,",4
utah)21. utah,1
utah. ,1
utah;,1
utah’,9
utep),1
utes',1
utes.,1
utter,4
uva,1
va.,28
vacancy.,3
vacat,11
valanciuna,5
"valanciunas,",2
valley),13
valley).,2
vanc,3
vance',1
vander,1
vanilla.,1
vanish,3
vanzant,1
vanzant.,1
vcu,77
vcu',4
vcu.,5
vegetarian,1
vener,2
veremeenko (2006,1
"verizon,",1
verizon:,1
vermont,26
version,40
vessel,1
"veterans,",2
veterans’,1
vets.,2
vic,3
vic.,1
victor,55
victories—wa,1
"victory,",15
victory.'',2
videography.,1
videotapes.,1
"viewers,",4
viewing/consum,1
"villanova,",17
villanova:,4
vine),1
vineyard,2
vinni,1
"violation,",1
viper,1
"virginia),",2
virtuoso,1
"visas,",1
vision,16
visit.,7
visit www.as-as.org,1
vivint,2
vlade,5
vodanovich,2
voice),1
void,10
void.,2
voids.,1
volit,1
"vols,",1
"volumes,",1
"vonleh,",4
"voss,",1
votes),12
"voting,",3
w5)—the,1
wade?,1
wade did,1
wade said.,1
wade wa,1
"wag,",1
"wages,",2
wail,1
"wainstein,",2
waist,1
waiter,7
"waived),",1
waivers.,1
wakeup,2
waldow,10
walker,99
walking.,2
wall-beal-porter-morris-gortat,1
wallace’,1
wallets.,1
wally’,1
war,9
war.,3
wardrob,1
ware?,1
warm,20
warner,9
warney,10
"warns,",1
"warrior,",3
warriors',47
warriors-knick,2
warriors.,82
warriors.com,1
warriors downed th,7
wart,2
"washington,",50
washington:,12
"washpun,",2
watch). but,1
"watch,''",1
watch;,1
watchdog,2
water.,3
"waters,",2
watkin,6
"wau,",1
way,879
way.,185
way.',1
"wayne,",2
ways?,1
wayward,1
we,399
we.,1
we.'',1
weak-sid,2
"weakside,",1
weapon,15
weaponized.,1
weather,7
weatherspoon,9
weatherspoon',1
webber;,1
websit,87
wednesday. ,1
wednesday.  ,1
wednesday’,15
wee-hour,1
week!,10
"week, per",1
weekli,5
weeks?,3
"well,",180
"well,''",14
well-coach,2
well-documented.,1
well-repres,1
well-tim,1
well. ,2
well:,9
"went,",3
wentworth',1
were,6
were.,5
were.'',2
west),12
west). ,1
wet,1
"wexler,",3
we’v,137
wheel?,2
whelan,1
when),1
"where,",5
while.,16
while h,1
"white,",21
white:,1
whitfields.,1
whiz,2
who),1
who lost,1
why.,10
wichita,132
"wichita,",3
wichmann,1
"wicked,",1
wide). h,1
wide-open,9
"wide-open,",1
wife,33
wife',4
wife.,6
wiggl,3
wilcox.,1
"wild,",1
wildcat.,1
"wilk,''",1
wilken,4
wilkens.,1
"williams,",55
williams-goss                             ,1
williams:,1
williams—or,1
"wily,",1
"win,''",9
win-or-it-is-ov,1
win-streak,1
win. ,3
win?,2
"windhorst,",2
windsor,1
"wine,",1
wingspan.,1
wink-winking.,1
winn;,1
winnabl,1
winnable.,1
winning—princeton,1
"wins,",51
"wins,''",2
wins:,3
winslow',2
"winston-salem,",3
"winter,",2
winthrop,19
winthrop:,1
"wisely,",1
wish,85
"wishes,",1
wishes h,1
"with,",19
"with,''",3
withdraw,14
with drewhanlen and,2
with their,1
"witnessed,",1
wittman. ,1
wizards-76,1
wizards.com,1
wizards?,2
woefulli,1
wojnarowski,63
wojverticalnba)thestart,2
"wolff,",1
wolfpack’,1
wolves’,5
woman;,1
"women,",3
won't.,1
"won,",14
won.'',2
won:,1
won’t,89
"wood,",4
woodard,29
wooden,9
"woodson,",1
workabl,1
workaday,1
working?,1
"workout,",7
workouts.,5
workplac,5
"world,",40
worldwid,4
world (saturday,1
worm,1
worry.,6
worse.'',1
"worth,",7
wound,30
wrap,61
wrap.,1
wrath,1
"wrinkle,",1
write.,1
"writers,",1
writes:,1
written:,1
"wrong,",14
"wrote,''",1
www.hoophall.com.,1
www.twitter.com/ap-nfl,1
www.twitter.com/cliffbruntap,5
xavi,4
xebio,1
y'all,1
y.,1
yale,43
yale',3
yale.,4
yanke,2
"yankees,",1
yant,4
"yard,",1
"yards,''",1
yearli,2
yearn,1
years-long,1
years?,3
year befor,1
"yelling,",1
yellow,22
yemen.,1
yep.,1
"yes,",64
yet.''',1
ymca,2
ymca.,4
yoda.,1
yog,1
"yogi,",1
yon,4
"yonkers,",1
"york,",33
york-siz,1
york:,7
york – th,1
yosef,2
you,4657
you',1
"you,'''",1
you.,66
youngest,40
"yourself,",6
"youth,",7
you—th,1
"yukon,",1
yurtseven,1
"zach,",1
zak’,1
zalgiri,9
"zanesville,",1
zebra,1
"zebras,",1
zero,18
zero.,3
zeu,1
zhiyuan.,1
zillow,1
zip,11
zirin,1
zone.'',2
zurich.,1
| 225,3
| 30,1
| 31          ,1
| 6-5,2
| 7-0 |,1
| australia,1
| brose,1
| bulls |,1
| clemson,1
| michigan,1
| north,1
| pau,1
| pf-sf,1
| pg,4
| ucla,1
 I,3
 all,5
 anderson,1
 april,1
" cambridge,",1
 chri,1
 cook,1
 dure,2
 fan,8
 hamilton,1
 joventut,1
 levalloi,1
 more,4
 mt.,1
 syracuse,1
 that',1
 through,2
 tyl,1
 we,1
  curri,1
                               ,3
čačak,1
​he,1
​the,4
– the,5
— mi,1
‘an,1
‘are,1
‘bron,2
"‘congratulations,",1
"‘damn,",2
‘for,1
‘he’,2
‘now,1
‘on,1
‘send,1
‘terry’,1
‘we’ll,1
‘what,8
‘who',1
‘who?’,1
‘winter,1
‘your,2
‘you’v,2
’10.,1
’17.),1
’18,1
’74,1
’the,1
• iowa',1
• jaren,1
• moham,1
• philly’,1
👏👏,1
👑,2
👑striveforgreatnesspic.twitter.com/bygpjbacrl,1
🔥.mlk,1
😂😂😭😭,1
